[2026-08-06T13:13:09.736+0000] {manager.py:470} INFO - Processing files using up to 2 processes at a time 
[2026-08-06T13:13:09.743+0000] {manager.py:471} INFO - Process each file at most once every 30 seconds
[2026-08-06T13:13:09.747+0000] {manager.py:472} INFO - Checking for new files in /opt/airflow/dags every 300 seconds
[2026-08-06T13:13:09.750+0000] {manager.py:737} INFO - Searching for files in /opt/airflow/dags
[2026-08-06T13:13:09.769+0000] {manager.py:740} INFO - There are 0 files in /opt/airflow/dags
[2026-08-06T13:18:10.639+0000] {manager.py:737} INFO - Searching for files in /opt/airflow/dags
[2026-08-06T13:18:10.648+0000] {manager.py:740} INFO - There are 0 files in /opt/airflow/dags
[2026-08-06T13:23:11.089+0000] {manager.py:737} INFO - Searching for files in /opt/airflow/dags
[2026-08-06T13:23:11.103+0000] {manager.py:740} INFO - There are 0 files in /opt/airflow/dags
[2026-08-06T14:59:26.427+0000] {manager.py:470} INFO - Processing files using up to 2 processes at a time 
[2026-08-06T14:59:26.433+0000] {manager.py:471} INFO - Process each file at most once every 30 seconds
[2026-08-06T14:59:26.435+0000] {manager.py:472} INFO - Checking for new files in /opt/airflow/dags every 300 seconds
[2026-08-06T14:59:26.437+0000] {manager.py:737} INFO - Searching for files in /opt/airflow/dags
[2026-08-06T14:59:26.444+0000] {manager.py:740} INFO - There are 0 files in /opt/airflow/dags
[2026-08-06T15:04:26.860+0000] {manager.py:737} INFO - Searching for files in /opt/airflow/dags
[2026-08-06T15:04:26.893+0000] {manager.py:740} INFO - There are 0 files in /opt/airflow/dags
[2026-08-06T15:09:27.356+0000] {manager.py:737} INFO - Searching for files in /opt/airflow/dags
[2026-08-06T15:09:27.379+0000] {manager.py:740} INFO - There are 0 files in /opt/airflow/dags
[2026-08-06T15:14:27.859+0000] {manager.py:737} INFO - Searching for files in /opt/airflow/dags
[2026-08-06T15:14:27.881+0000] {manager.py:740} INFO - There are 0 files in /opt/airflow/dags
[2026-08-06T15:19:28.304+0000] {manager.py:737} INFO - Searching for files in /opt/airflow/dags
[2026-08-06T15:19:28.316+0000] {manager.py:740} INFO - There are 0 files in /opt/airflow/dags
[2026-08-06T15:24:48.674+0000] {manager.py:470} INFO - Processing files using up to 2 processes at a time 
[2026-08-06T15:24:48.682+0000] {manager.py:471} INFO - Process each file at most once every 30 seconds
[2026-08-06T15:24:48.684+0000] {manager.py:472} INFO - Checking for new files in /opt/airflow/dags every 300 seconds
[2026-08-06T15:24:48.686+0000] {manager.py:737} INFO - Searching for files in /opt/airflow/dags
[2026-08-06T15:24:48.693+0000] {manager.py:740} INFO - There are 0 files in /opt/airflow/dags
[2026-08-06T15:29:49.096+0000] {manager.py:737} INFO - Searching for files in /opt/airflow/dags
[2026-08-06T15:29:49.113+0000] {manager.py:740} INFO - There are 0 files in /opt/airflow/dags
[2026-08-06T15:34:49.496+0000] {manager.py:737} INFO - Searching for files in /opt/airflow/dags
[2026-08-06T15:34:49.515+0000] {manager.py:740} INFO - There are 0 files in /opt/airflow/dags
[2026-08-06T15:39:49.992+0000] {manager.py:737} INFO - Searching for files in /opt/airflow/dags
[2026-08-06T15:39:50.005+0000] {manager.py:740} INFO - There are 0 files in /opt/airflow/dags
[2026-08-07T05:11:05.932+0000] {manager.py:470} INFO - Processing files using up to 2 processes at a time 
[2026-08-07T05:11:05.935+0000] {manager.py:471} INFO - Process each file at most once every 30 seconds
[2026-08-07T05:11:05.937+0000] {manager.py:472} INFO - Checking for new files in /opt/airflow/dags every 300 seconds
[2026-08-07T05:11:05.938+0000] {manager.py:737} INFO - Searching for files in /opt/airflow/dags
[2026-08-07T05:11:05.944+0000] {manager.py:740} INFO - There are 0 files in /opt/airflow/dags
[2026-08-07T05:16:06.348+0000] {manager.py:737} INFO - Searching for files in /opt/airflow/dags
[2026-08-07T05:16:06.365+0000] {manager.py:740} INFO - There are 0 files in /opt/airflow/dags
[2026-08-07T05:21:06.747+0000] {manager.py:737} INFO - Searching for files in /opt/airflow/dags
[2026-08-07T05:21:06.756+0000] {manager.py:740} INFO - There are 0 files in /opt/airflow/dags
[2026-08-07T05:26:07.153+0000] {manager.py:737} INFO - Searching for files in /opt/airflow/dags
[2026-08-07T05:26:07.173+0000] {manager.py:740} INFO - There are 0 files in /opt/airflow/dags
[2026-08-07T05:56:13.590+0000] {manager.py:470} INFO - Processing files using up to 2 processes at a time 
[2026-08-07T05:56:13.594+0000] {manager.py:471} INFO - Process each file at most once every 30 seconds
[2026-08-07T05:56:13.596+0000] {manager.py:472} INFO - Checking for new files in /opt/airflow/dags every 300 seconds
[2026-08-07T05:56:13.598+0000] {manager.py:737} INFO - Searching for files in /opt/airflow/dags
[2026-08-07T05:56:13.605+0000] {manager.py:740} INFO - There are 0 files in /opt/airflow/dags
[2026-08-07T06:01:14.105+0000] {manager.py:737} INFO - Searching for files in /opt/airflow/dags
[2026-08-07T06:01:14.115+0000] {manager.py:740} INFO - There are 0 files in /opt/airflow/dags
[2026-08-07T06:04:39.034+0000] {manager.py:470} INFO - Processing files using up to 2 processes at a time 
[2026-08-07T06:04:39.040+0000] {manager.py:471} INFO - Process each file at most once every 30 seconds
[2026-08-07T06:04:39.042+0000] {manager.py:472} INFO - Checking for new files in /opt/airflow/dags every 300 seconds
[2026-08-07T06:04:39.044+0000] {manager.py:737} INFO - Searching for files in /opt/airflow/dags
[2026-08-07T06:04:39.050+0000] {manager.py:740} INFO - There are 0 files in /opt/airflow/dags
[2026-08-07T06:09:39.386+0000] {manager.py:737} INFO - Searching for files in /opt/airflow/dags
[2026-08-07T06:09:39.409+0000] {manager.py:740} INFO - There are 0 files in /opt/airflow/dags
[2026-08-07T06:14:39.889+0000] {manager.py:737} INFO - Searching for files in /opt/airflow/dags
[2026-08-07T06:14:39.898+0000] {manager.py:740} INFO - There are 0 files in /opt/airflow/dags
[2026-08-07T06:19:40.340+0000] {manager.py:737} INFO - Searching for files in /opt/airflow/dags
[2026-08-07T06:19:40.389+0000] {manager.py:740} INFO - There are 0 files in /opt/airflow/dags
[2026-08-07T06:24:40.955+0000] {manager.py:737} INFO - Searching for files in /opt/airflow/dags
[2026-08-07T06:24:40.967+0000] {manager.py:740} INFO - There are 0 files in /opt/airflow/dags
[2026-08-07T06:29:41.567+0000] {manager.py:737} INFO - Searching for files in /opt/airflow/dags
[2026-08-07T06:29:41.580+0000] {manager.py:740} INFO - There are 0 files in /opt/airflow/dags
[2026-08-07T06:34:42.184+0000] {manager.py:737} INFO - Searching for files in /opt/airflow/dags
[2026-08-07T06:34:42.196+0000] {manager.py:740} INFO - There are 0 files in /opt/airflow/dags
[2026-08-07T06:39:42.695+0000] {manager.py:737} INFO - Searching for files in /opt/airflow/dags
[2026-08-07T06:39:42.701+0000] {manager.py:740} INFO - There are 0 files in /opt/airflow/dags
[2026-08-07T06:44:43.228+0000] {manager.py:737} INFO - Searching for files in /opt/airflow/dags
[2026-08-07T06:44:43.241+0000] {manager.py:740} INFO - There are 0 files in /opt/airflow/dags
[2026-08-07T06:49:43.805+0000] {manager.py:737} INFO - Searching for files in /opt/airflow/dags
[2026-08-07T06:49:43.813+0000] {manager.py:740} INFO - There are 0 files in /opt/airflow/dags
[2026-08-07T06:54:44.397+0000] {manager.py:737} INFO - Searching for files in /opt/airflow/dags
[2026-08-07T06:54:44.402+0000] {manager.py:740} INFO - There are 0 files in /opt/airflow/dags
[2026-08-07T06:59:44.964+0000] {manager.py:737} INFO - Searching for files in /opt/airflow/dags
[2026-08-07T06:59:44.974+0000] {manager.py:740} INFO - There are 0 files in /opt/airflow/dags
[2026-08-07T07:04:45.568+0000] {manager.py:737} INFO - Searching for files in /opt/airflow/dags
[2026-08-07T07:04:45.594+0000] {manager.py:740} INFO - There are 0 files in /opt/airflow/dags
[2026-08-07T07:09:46.140+0000] {manager.py:737} INFO - Searching for files in /opt/airflow/dags
[2026-08-07T07:09:46.161+0000] {manager.py:740} INFO - There are 0 files in /opt/airflow/dags
[2026-08-07T07:14:46.638+0000] {manager.py:737} INFO - Searching for files in /opt/airflow/dags
[2026-08-07T07:14:46.666+0000] {manager.py:740} INFO - There are 0 files in /opt/airflow/dags
[2026-08-07T07:19:47.052+0000] {manager.py:737} INFO - Searching for files in /opt/airflow/dags
[2026-08-07T07:19:47.075+0000] {manager.py:740} INFO - There are 0 files in /opt/airflow/dags
[2026-08-07T07:24:47.674+0000] {manager.py:737} INFO - Searching for files in /opt/airflow/dags
[2026-08-07T07:24:47.729+0000] {manager.py:740} INFO - There are 0 files in /opt/airflow/dags
[2026-08-07T07:29:48.216+0000] {manager.py:737} INFO - Searching for files in /opt/airflow/dags
[2026-08-07T07:29:48.222+0000] {manager.py:740} INFO - There are 0 files in /opt/airflow/dags
[2026-08-07T07:34:48.701+0000] {manager.py:737} INFO - Searching for files in /opt/airflow/dags
[2026-08-07T07:34:48.725+0000] {manager.py:740} INFO - There are 0 files in /opt/airflow/dags
[2026-08-07T07:39:49.326+0000] {manager.py:737} INFO - Searching for files in /opt/airflow/dags
[2026-08-07T07:39:49.336+0000] {manager.py:740} INFO - There are 0 files in /opt/airflow/dags
[2026-08-07T07:44:49.844+0000] {manager.py:737} INFO - Searching for files in /opt/airflow/dags
[2026-08-07T07:44:49.852+0000] {manager.py:740} INFO - There are 0 files in /opt/airflow/dags
[2026-08-07T07:49:50.430+0000] {manager.py:737} INFO - Searching for files in /opt/airflow/dags
[2026-08-07T07:49:50.444+0000] {manager.py:740} INFO - There are 0 files in /opt/airflow/dags
[2026-08-07T07:54:50.953+0000] {manager.py:737} INFO - Searching for files in /opt/airflow/dags
[2026-08-07T07:54:50.963+0000] {manager.py:740} INFO - There are 0 files in /opt/airflow/dags
[2026-08-07T07:59:51.427+0000] {manager.py:737} INFO - Searching for files in /opt/airflow/dags
[2026-08-07T07:59:51.438+0000] {manager.py:740} INFO - There are 0 files in /opt/airflow/dags
[2026-08-07T08:04:51.968+0000] {manager.py:737} INFO - Searching for files in /opt/airflow/dags
[2026-08-07T08:04:51.978+0000] {manager.py:740} INFO - There are 0 files in /opt/airflow/dags
[2026-08-07T08:09:52.580+0000] {manager.py:737} INFO - Searching for files in /opt/airflow/dags
[2026-08-07T08:09:52.595+0000] {manager.py:740} INFO - There are 0 files in /opt/airflow/dags
[2026-08-07T08:14:53.182+0000] {manager.py:737} INFO - Searching for files in /opt/airflow/dags
[2026-08-07T08:14:53.196+0000] {manager.py:740} INFO - There are 0 files in /opt/airflow/dags
[2026-08-07T08:19:53.778+0000] {manager.py:737} INFO - Searching for files in /opt/airflow/dags
[2026-08-07T08:19:53.785+0000] {manager.py:740} INFO - There are 0 files in /opt/airflow/dags
[2026-08-07T08:24:54.274+0000] {manager.py:737} INFO - Searching for files in /opt/airflow/dags
[2026-08-07T08:24:54.291+0000] {manager.py:740} INFO - There are 0 files in /opt/airflow/dags
[2026-08-07T08:29:54.822+0000] {manager.py:737} INFO - Searching for files in /opt/airflow/dags
[2026-08-07T08:29:54.828+0000] {manager.py:740} INFO - There are 0 files in /opt/airflow/dags
[2026-08-07T08:34:55.445+0000] {manager.py:737} INFO - Searching for files in /opt/airflow/dags
[2026-08-07T08:34:55.453+0000] {manager.py:740} INFO - There are 0 files in /opt/airflow/dags
[2026-08-07T08:39:56.115+0000] {manager.py:737} INFO - Searching for files in /opt/airflow/dags
[2026-08-07T08:39:56.133+0000] {manager.py:740} INFO - There are 0 files in /opt/airflow/dags
[2026-08-07T08:44:56.707+0000] {manager.py:737} INFO - Searching for files in /opt/airflow/dags
[2026-08-07T08:44:56.724+0000] {manager.py:740} INFO - There are 0 files in /opt/airflow/dags
[2026-08-07T08:49:57.399+0000] {manager.py:737} INFO - Searching for files in /opt/airflow/dags
[2026-08-07T08:49:57.408+0000] {manager.py:740} INFO - There are 0 files in /opt/airflow/dags
[2026-08-07T08:54:58.041+0000] {manager.py:737} INFO - Searching for files in /opt/airflow/dags
[2026-08-07T08:54:58.053+0000] {manager.py:740} INFO - There are 0 files in /opt/airflow/dags
[2026-08-07T08:59:58.690+0000] {manager.py:737} INFO - Searching for files in /opt/airflow/dags
[2026-08-07T08:59:58.705+0000] {manager.py:740} INFO - There are 0 files in /opt/airflow/dags
[2026-08-08T04:08:38.265+0000] {manager.py:470} INFO - Processing files using up to 2 processes at a time 
[2026-08-08T04:08:38.268+0000] {manager.py:471} INFO - Process each file at most once every 30 seconds
[2026-08-08T04:08:38.270+0000] {manager.py:472} INFO - Checking for new files in /opt/airflow/dags every 300 seconds
[2026-08-08T04:08:38.273+0000] {manager.py:737} INFO - Searching for files in /opt/airflow/dags
[2026-08-08T04:08:38.280+0000] {manager.py:740} INFO - There are 0 files in /opt/airflow/dags
[2026-08-08T04:13:38.585+0000] {manager.py:737} INFO - Searching for files in /opt/airflow/dags
[2026-08-08T04:13:38.612+0000] {manager.py:740} INFO - There are 0 files in /opt/airflow/dags
[2026-08-08T04:18:39.026+0000] {manager.py:737} INFO - Searching for files in /opt/airflow/dags
[2026-08-08T04:18:39.046+0000] {manager.py:740} INFO - There are 0 files in /opt/airflow/dags
[2026-08-08T04:23:39.542+0000] {manager.py:737} INFO - Searching for files in /opt/airflow/dags
[2026-08-08T04:23:39.552+0000] {manager.py:740} INFO - There are 0 files in /opt/airflow/dags
[2026-08-08T04:28:40.010+0000] {manager.py:737} INFO - Searching for files in /opt/airflow/dags
[2026-08-08T04:28:40.019+0000] {manager.py:740} INFO - There are 0 files in /opt/airflow/dags
[2026-08-08T04:33:40.512+0000] {manager.py:737} INFO - Searching for files in /opt/airflow/dags
[2026-08-08T04:33:40.529+0000] {manager.py:740} INFO - There are 0 files in /opt/airflow/dags
[2026-08-08T04:38:40.998+0000] {manager.py:737} INFO - Searching for files in /opt/airflow/dags
[2026-08-08T04:38:41.010+0000] {manager.py:740} INFO - There are 0 files in /opt/airflow/dags
[2026-08-08T04:43:41.421+0000] {manager.py:737} INFO - Searching for files in /opt/airflow/dags
[2026-08-08T04:43:41.441+0000] {manager.py:740} INFO - There are 0 files in /opt/airflow/dags
[2026-08-08T04:48:41.738+0000] {manager.py:737} INFO - Searching for files in /opt/airflow/dags
[2026-08-08T04:48:41.752+0000] {manager.py:740} INFO - There are 0 files in /opt/airflow/dags
[2026-08-08T04:50:03.586+0000] {manager.py:470} INFO - Processing files using up to 2 processes at a time 
[2026-08-08T04:50:03.594+0000] {manager.py:471} INFO - Process each file at most once every 30 seconds
[2026-08-08T04:50:03.596+0000] {manager.py:472} INFO - Checking for new files in /opt/airflow/dags every 300 seconds
[2026-08-08T04:50:03.598+0000] {manager.py:737} INFO - Searching for files in /opt/airflow/dags
[2026-08-08T04:50:03.605+0000] {manager.py:740} INFO - There are 0 files in /opt/airflow/dags
[2026-08-09T06:19:08.942+0000] {manager.py:470} INFO - Processing files using up to 2 processes at a time 
[2026-08-09T06:19:08.944+0000] {manager.py:471} INFO - Process each file at most once every 30 seconds
[2026-08-09T06:19:08.946+0000] {manager.py:472} INFO - Checking for new files in /opt/airflow/dags every 300 seconds
[2026-08-09T06:19:08.948+0000] {manager.py:737} INFO - Searching for files in /opt/airflow/dags
[2026-08-09T06:19:08.979+0000] {manager.py:740} INFO - There are 1 files in /opt/airflow/dags
[2026-08-09T06:19:09.067+0000] {manager.py:878} INFO - 
================================================================================
DAG File Processing Stats

File Path                                    PID  Runtime      # DAGs    # Errors  Last Runtime    Last Run
-----------------------------------------  -----  ---------  --------  ----------  --------------  ----------
/opt/airflow/dags/hospital_dw_pipeline.py    265  0.04s             0           0
================================================================================
[2026-08-09T06:19:39.254+0000] {manager.py:878} INFO - 
================================================================================
DAG File Processing Stats

File Path                                    PID  Runtime      # DAGs    # Errors  Last Runtime    Last Run
-----------------------------------------  -----  ---------  --------  ----------  --------------  -------------------
/opt/airflow/dags/hospital_dw_pipeline.py    301  0.00s             1           0  0.18s           2026-08-09T06:19:09
================================================================================
[2026-08-09T06:20:09.636+0000] {manager.py:878} INFO - 
================================================================================
DAG File Processing Stats

File Path                                    PID  Runtime      # DAGs    # Errors  Last Runtime    Last Run
-----------------------------------------  -----  ---------  --------  ----------  --------------  -------------------
/opt/airflow/dags/hospital_dw_pipeline.py    306  0.01s             1           0  0.24s           2026-08-09T06:19:39
================================================================================
[2026-08-09T06:20:39.868+0000] {manager.py:878} INFO - 
================================================================================
DAG File Processing Stats

File Path                                  PID    Runtime      # DAGs    # Errors  Last Runtime    Last Run
-----------------------------------------  -----  ---------  --------  ----------  --------------  -------------------
/opt/airflow/dags/hospital_dw_pipeline.py                           1           0  0.52s           2026-08-09T06:20:10
================================================================================
[2026-08-09T06:21:10.541+0000] {manager.py:878} INFO - 
================================================================================
DAG File Processing Stats

File Path                                  PID    Runtime      # DAGs    # Errors  Last Runtime    Last Run
-----------------------------------------  -----  ---------  --------  ----------  --------------  -------------------
/opt/airflow/dags/hospital_dw_pipeline.py                           1           0  0.23s           2026-08-09T06:20:40
================================================================================
[2026-08-09T06:21:40.988+0000] {manager.py:878} INFO - 
================================================================================
DAG File Processing Stats

File Path                                    PID  Runtime      # DAGs    # Errors  Last Runtime    Last Run
-----------------------------------------  -----  ---------  --------  ----------  --------------  -------------------
/opt/airflow/dags/hospital_dw_pipeline.py    321  0.01s             1           0  0.19s           2026-08-09T06:21:10
================================================================================
[2026-08-09T06:22:11.384+0000] {manager.py:878} INFO - 
================================================================================
DAG File Processing Stats

File Path                                    PID  Runtime      # DAGs    # Errors  Last Runtime    Last Run
-----------------------------------------  -----  ---------  --------  ----------  --------------  -------------------
/opt/airflow/dags/hospital_dw_pipeline.py    326  0.01s             1           0  0.29s           2026-08-09T06:21:41
================================================================================
[2026-08-09T06:22:41.708+0000] {manager.py:878} INFO - 
================================================================================
DAG File Processing Stats

File Path                                    PID  Runtime      # DAGs    # Errors  Last Runtime    Last Run
-----------------------------------------  -----  ---------  --------  ----------  --------------  -------------------
/opt/airflow/dags/hospital_dw_pipeline.py    331  0.00s             1           0  0.25s           2026-08-09T06:22:11
================================================================================
[2026-08-09T06:23:12.122+0000] {manager.py:878} INFO - 
================================================================================
DAG File Processing Stats

File Path                                    PID  Runtime      # DAGs    # Errors  Last Runtime    Last Run
-----------------------------------------  -----  ---------  --------  ----------  --------------  -------------------
/opt/airflow/dags/hospital_dw_pipeline.py    336  0.00s             1           0  0.20s           2026-08-09T06:22:41
================================================================================
[2026-08-09T06:23:42.442+0000] {manager.py:878} INFO - 
================================================================================
DAG File Processing Stats

File Path                                    PID  Runtime      # DAGs    # Errors  Last Runtime    Last Run
-----------------------------------------  -----  ---------  --------  ----------  --------------  -------------------
/opt/airflow/dags/hospital_dw_pipeline.py    341  0.01s             1           0  0.22s           2026-08-09T06:23:12
================================================================================
[2026-08-09T06:24:08.953+0000] {manager.py:737} INFO - Searching for files in /opt/airflow/dags
[2026-08-09T06:24:09.016+0000] {manager.py:740} INFO - There are 1 files in /opt/airflow/dags
[2026-08-09T06:24:12.849+0000] {manager.py:878} INFO - 
================================================================================
DAG File Processing Stats

File Path                                    PID  Runtime      # DAGs    # Errors  Last Runtime    Last Run
-----------------------------------------  -----  ---------  --------  ----------  --------------  -------------------
/opt/airflow/dags/hospital_dw_pipeline.py    346  0.00s             1           0  0.28s           2026-08-09T06:23:42
================================================================================
[2026-08-09T06:24:43.098+0000] {manager.py:878} INFO - 
================================================================================
DAG File Processing Stats

File Path                                    PID  Runtime      # DAGs    # Errors  Last Runtime    Last Run
-----------------------------------------  -----  ---------  --------  ----------  --------------  -------------------
/opt/airflow/dags/hospital_dw_pipeline.py    351  0.01s             1           0  0.21s           2026-08-09T06:24:13
================================================================================
[2026-08-09T06:25:13.487+0000] {manager.py:878} INFO - 
================================================================================
DAG File Processing Stats

File Path                                    PID  Runtime      # DAGs    # Errors  Last Runtime    Last Run
-----------------------------------------  -----  ---------  --------  ----------  --------------  -------------------
/opt/airflow/dags/hospital_dw_pipeline.py    356  0.00s             1           0  0.31s           2026-08-09T06:24:43
================================================================================
[2026-08-09T06:25:43.889+0000] {manager.py:878} INFO - 
================================================================================
DAG File Processing Stats

File Path                                    PID  Runtime      # DAGs    # Errors  Last Runtime    Last Run
-----------------------------------------  -----  ---------  --------  ----------  --------------  -------------------
/opt/airflow/dags/hospital_dw_pipeline.py    361  0.01s             1           0  0.20s           2026-08-09T06:25:13
================================================================================
[2026-08-09T06:26:14.099+0000] {manager.py:878} INFO - 
================================================================================
DAG File Processing Stats

File Path                                  PID    Runtime      # DAGs    # Errors  Last Runtime    Last Run
-----------------------------------------  -----  ---------  --------  ----------  --------------  -------------------
/opt/airflow/dags/hospital_dw_pipeline.py                           1           0  0.25s           2026-08-09T06:25:44
================================================================================
[2026-08-09T06:26:44.544+0000] {manager.py:878} INFO - 
================================================================================
DAG File Processing Stats

File Path                                    PID  Runtime      # DAGs    # Errors  Last Runtime    Last Run
-----------------------------------------  -----  ---------  --------  ----------  --------------  -------------------
/opt/airflow/dags/hospital_dw_pipeline.py    372  0.01s             1           0  0.21s           2026-08-09T06:26:14
================================================================================
[2026-08-09T06:27:14.994+0000] {manager.py:878} INFO - 
================================================================================
DAG File Processing Stats

File Path                                    PID  Runtime      # DAGs    # Errors  Last Runtime    Last Run
-----------------------------------------  -----  ---------  --------  ----------  --------------  -------------------
/opt/airflow/dags/hospital_dw_pipeline.py    377  0.01s             1           0  0.26s           2026-08-09T06:26:44
================================================================================
[2026-08-09T06:27:45.283+0000] {manager.py:878} INFO - 
================================================================================
DAG File Processing Stats

File Path                                    PID  Runtime      # DAGs    # Errors  Last Runtime    Last Run
-----------------------------------------  -----  ---------  --------  ----------  --------------  -------------------
/opt/airflow/dags/hospital_dw_pipeline.py    382  0.01s             1           0  0.17s           2026-08-09T06:27:15
================================================================================
[2026-08-09T06:28:15.645+0000] {manager.py:878} INFO - 
================================================================================
DAG File Processing Stats

File Path                                    PID  Runtime      # DAGs    # Errors  Last Runtime    Last Run
-----------------------------------------  -----  ---------  --------  ----------  --------------  -------------------
/opt/airflow/dags/hospital_dw_pipeline.py    387  0.01s             1           0  0.23s           2026-08-09T06:27:45
================================================================================
[2026-08-09T06:28:45.986+0000] {manager.py:878} INFO - 
================================================================================
DAG File Processing Stats

File Path                                    PID  Runtime      # DAGs    # Errors  Last Runtime    Last Run
-----------------------------------------  -----  ---------  --------  ----------  --------------  -------------------
/opt/airflow/dags/hospital_dw_pipeline.py    392  0.01s             1           0  0.28s           2026-08-09T06:28:15
================================================================================
[2026-08-09T06:29:09.300+0000] {manager.py:737} INFO - Searching for files in /opt/airflow/dags
[2026-08-09T06:29:09.340+0000] {manager.py:740} INFO - There are 1 files in /opt/airflow/dags
[2026-08-09T06:29:16.425+0000] {manager.py:878} INFO - 
================================================================================
DAG File Processing Stats

File Path                                    PID  Runtime      # DAGs    # Errors  Last Runtime    Last Run
-----------------------------------------  -----  ---------  --------  ----------  --------------  -------------------
/opt/airflow/dags/hospital_dw_pipeline.py    397  0.00s             1           0  0.15s           2026-08-09T06:28:46
================================================================================
[2026-08-09T06:29:46.631+0000] {manager.py:878} INFO - 
================================================================================
DAG File Processing Stats

File Path                                    PID  Runtime      # DAGs    # Errors  Last Runtime    Last Run
-----------------------------------------  -----  ---------  --------  ----------  --------------  -------------------
/opt/airflow/dags/hospital_dw_pipeline.py    402  0.00s             1           0  0.17s           2026-08-09T06:29:16
================================================================================
[2026-08-09T06:30:17.050+0000] {manager.py:878} INFO - 
================================================================================
DAG File Processing Stats

File Path                                    PID  Runtime      # DAGs    # Errors  Last Runtime    Last Run
-----------------------------------------  -----  ---------  --------  ----------  --------------  -------------------
/opt/airflow/dags/hospital_dw_pipeline.py    407  0.00s             1           0  0.22s           2026-08-09T06:29:46
================================================================================
[2026-08-09T06:30:47.276+0000] {manager.py:878} INFO - 
================================================================================
DAG File Processing Stats

File Path                                  PID    Runtime      # DAGs    # Errors  Last Runtime    Last Run
-----------------------------------------  -----  ---------  --------  ----------  --------------  -------------------
/opt/airflow/dags/hospital_dw_pipeline.py                           1           0  0.40s           2026-08-09T06:30:17
================================================================================
[2026-08-09T06:31:17.909+0000] {manager.py:878} INFO - 
================================================================================
DAG File Processing Stats

File Path                                  PID    Runtime      # DAGs    # Errors  Last Runtime    Last Run
-----------------------------------------  -----  ---------  --------  ----------  --------------  -------------------
/opt/airflow/dags/hospital_dw_pipeline.py                           1           0  0.30s           2026-08-09T06:30:47
================================================================================
[2026-08-09T06:31:48.522+0000] {manager.py:878} INFO - 
================================================================================
DAG File Processing Stats

File Path                                    PID  Runtime      # DAGs    # Errors  Last Runtime    Last Run
-----------------------------------------  -----  ---------  --------  ----------  --------------  -------------------
/opt/airflow/dags/hospital_dw_pipeline.py    422  0.01s             1           0  0.22s           2026-08-09T06:31:18
================================================================================
[2026-08-09T06:32:18.937+0000] {manager.py:878} INFO - 
================================================================================
DAG File Processing Stats

File Path                                    PID  Runtime      # DAGs    # Errors  Last Runtime    Last Run
-----------------------------------------  -----  ---------  --------  ----------  --------------  -------------------
/opt/airflow/dags/hospital_dw_pipeline.py    427  0.01s             1           0  0.28s           2026-08-09T06:31:48
================================================================================
[2026-08-09T06:32:49.267+0000] {manager.py:878} INFO - 
================================================================================
DAG File Processing Stats

File Path                                    PID  Runtime      # DAGs    # Errors  Last Runtime    Last Run
-----------------------------------------  -----  ---------  --------  ----------  --------------  -------------------
/opt/airflow/dags/hospital_dw_pipeline.py    432  0.01s             1           0  0.15s           2026-08-09T06:32:19
================================================================================
[2026-08-09T06:33:19.592+0000] {manager.py:878} INFO - 
================================================================================
DAG File Processing Stats

File Path                                    PID  Runtime      # DAGs    # Errors  Last Runtime    Last Run
-----------------------------------------  -----  ---------  --------  ----------  --------------  -------------------
/opt/airflow/dags/hospital_dw_pipeline.py    437  0.01s             1           0  0.16s           2026-08-09T06:32:49
================================================================================
[2026-08-09T06:33:49.901+0000] {manager.py:878} INFO - 
================================================================================
DAG File Processing Stats

File Path                                  PID    Runtime      # DAGs    # Errors  Last Runtime    Last Run
-----------------------------------------  -----  ---------  --------  ----------  --------------  -------------------
/opt/airflow/dags/hospital_dw_pipeline.py                           1           0  0.34s           2026-08-09T06:33:19
================================================================================
[2026-08-09T06:34:09.316+0000] {manager.py:737} INFO - Searching for files in /opt/airflow/dags
[2026-08-09T06:34:09.354+0000] {manager.py:740} INFO - There are 1 files in /opt/airflow/dags
[2026-08-09T06:34:20.469+0000] {manager.py:878} INFO - 
================================================================================
DAG File Processing Stats

File Path                                    PID  Runtime      # DAGs    # Errors  Last Runtime    Last Run
-----------------------------------------  -----  ---------  --------  ----------  --------------  -------------------
/opt/airflow/dags/hospital_dw_pipeline.py    447  0.00s             1           0  0.24s           2026-08-09T06:33:50
================================================================================
[2026-08-09T06:34:50.863+0000] {manager.py:878} INFO - 
================================================================================
DAG File Processing Stats

File Path                                    PID  Runtime      # DAGs    # Errors  Last Runtime    Last Run
-----------------------------------------  -----  ---------  --------  ----------  --------------  -------------------
/opt/airflow/dags/hospital_dw_pipeline.py    452  0.00s             1           0  0.23s           2026-08-09T06:34:20
================================================================================
[2026-08-09T06:35:21.177+0000] {manager.py:878} INFO - 
================================================================================
DAG File Processing Stats

File Path                                    PID  Runtime      # DAGs    # Errors  Last Runtime    Last Run
-----------------------------------------  -----  ---------  --------  ----------  --------------  -------------------
/opt/airflow/dags/hospital_dw_pipeline.py    457  0.01s             1           0  0.16s           2026-08-09T06:34:51
================================================================================
[2026-08-09T06:35:51.492+0000] {manager.py:878} INFO - 
================================================================================
DAG File Processing Stats

File Path                                    PID  Runtime      # DAGs    # Errors  Last Runtime    Last Run
-----------------------------------------  -----  ---------  --------  ----------  --------------  -------------------
/opt/airflow/dags/hospital_dw_pipeline.py    462  0.00s             1           0  0.31s           2026-08-09T06:35:21
================================================================================
[2026-08-09T06:36:21.749+0000] {manager.py:878} INFO - 
================================================================================
DAG File Processing Stats

File Path                                    PID  Runtime      # DAGs    # Errors  Last Runtime    Last Run
-----------------------------------------  -----  ---------  --------  ----------  --------------  -------------------
/opt/airflow/dags/hospital_dw_pipeline.py    467  0.00s             1           0  0.14s           2026-08-09T06:35:51
================================================================================
[2026-08-09T06:36:52.091+0000] {manager.py:878} INFO - 
================================================================================
DAG File Processing Stats

File Path                                    PID  Runtime      # DAGs    # Errors  Last Runtime    Last Run
-----------------------------------------  -----  ---------  --------  ----------  --------------  -------------------
/opt/airflow/dags/hospital_dw_pipeline.py    472  0.00s             1           0  0.17s           2026-08-09T06:36:21
================================================================================
[2026-08-09T06:37:22.384+0000] {manager.py:878} INFO - 
================================================================================
DAG File Processing Stats

File Path                                    PID  Runtime      # DAGs    # Errors  Last Runtime    Last Run
-----------------------------------------  -----  ---------  --------  ----------  --------------  -------------------
/opt/airflow/dags/hospital_dw_pipeline.py    477  0.01s             1           0  0.13s           2026-08-09T06:36:52
================================================================================
[2026-08-09T06:37:52.701+0000] {manager.py:878} INFO - 
================================================================================
DAG File Processing Stats

File Path                                    PID  Runtime      # DAGs    # Errors  Last Runtime    Last Run
-----------------------------------------  -----  ---------  --------  ----------  --------------  -------------------
/opt/airflow/dags/hospital_dw_pipeline.py    482  0.01s             1           0  0.18s           2026-08-09T06:37:22
================================================================================
[2026-08-09T06:38:23.016+0000] {manager.py:878} INFO - 
================================================================================
DAG File Processing Stats

File Path                                    PID  Runtime      # DAGs    # Errors  Last Runtime    Last Run
-----------------------------------------  -----  ---------  --------  ----------  --------------  -------------------
/opt/airflow/dags/hospital_dw_pipeline.py    487  0.01s             1           0  0.18s           2026-08-09T06:37:52
================================================================================
[2026-08-09T06:38:53.296+0000] {manager.py:878} INFO - 
================================================================================
DAG File Processing Stats

File Path                                  PID    Runtime      # DAGs    # Errors  Last Runtime    Last Run
-----------------------------------------  -----  ---------  --------  ----------  --------------  -------------------
/opt/airflow/dags/hospital_dw_pipeline.py                           1           0  0.30s           2026-08-09T06:38:23
================================================================================
[2026-08-09T06:39:09.677+0000] {manager.py:737} INFO - Searching for files in /opt/airflow/dags
[2026-08-09T06:39:09.712+0000] {manager.py:740} INFO - There are 1 files in /opt/airflow/dags
[2026-08-09T06:39:23.858+0000] {manager.py:878} INFO - 
================================================================================
DAG File Processing Stats

File Path                                    PID  Runtime      # DAGs    # Errors  Last Runtime    Last Run
-----------------------------------------  -----  ---------  --------  ----------  --------------  -------------------
/opt/airflow/dags/hospital_dw_pipeline.py    497  0.01s             1           0  0.27s           2026-08-09T06:38:53
================================================================================
[2026-08-09T06:39:54.131+0000] {manager.py:878} INFO - 
================================================================================
DAG File Processing Stats

File Path                                    PID  Runtime      # DAGs    # Errors  Last Runtime    Last Run
-----------------------------------------  -----  ---------  --------  ----------  --------------  -------------------
/opt/airflow/dags/hospital_dw_pipeline.py    502  0.01s             1           0  0.17s           2026-08-09T06:39:24
================================================================================
[2026-08-09T06:40:24.540+0000] {manager.py:878} INFO - 
================================================================================
DAG File Processing Stats

File Path                                    PID  Runtime      # DAGs    # Errors  Last Runtime    Last Run
-----------------------------------------  -----  ---------  --------  ----------  --------------  -------------------
/opt/airflow/dags/hospital_dw_pipeline.py    507  0.01s             1           0  0.33s           2026-08-09T06:39:54
================================================================================
[2026-08-09T06:40:54.934+0000] {manager.py:878} INFO - 
================================================================================
DAG File Processing Stats

File Path                                    PID  Runtime      # DAGs    # Errors  Last Runtime    Last Run
-----------------------------------------  -----  ---------  --------  ----------  --------------  -------------------
/opt/airflow/dags/hospital_dw_pipeline.py    512  0.01s             1           0  0.27s           2026-08-09T06:40:24
================================================================================
[2026-08-09T06:41:25.351+0000] {manager.py:878} INFO - 
================================================================================
DAG File Processing Stats

File Path                                    PID  Runtime      # DAGs    # Errors  Last Runtime    Last Run
-----------------------------------------  -----  ---------  --------  ----------  --------------  -------------------
/opt/airflow/dags/hospital_dw_pipeline.py    517  0.01s             1           0  0.25s           2026-08-09T06:40:55
================================================================================
[2026-08-09T06:41:55.677+0000] {manager.py:878} INFO - 
================================================================================
DAG File Processing Stats

File Path                                    PID  Runtime      # DAGs    # Errors  Last Runtime    Last Run
-----------------------------------------  -----  ---------  --------  ----------  --------------  -------------------
/opt/airflow/dags/hospital_dw_pipeline.py    522  0.01s             1           0  0.20s           2026-08-09T06:41:25
================================================================================
[2026-08-09T06:42:26.047+0000] {manager.py:878} INFO - 
================================================================================
DAG File Processing Stats

File Path                                    PID  Runtime      # DAGs    # Errors  Last Runtime    Last Run
-----------------------------------------  -----  ---------  --------  ----------  --------------  -------------------
/opt/airflow/dags/hospital_dw_pipeline.py    527  0.00s             1           0  0.23s           2026-08-09T06:41:55
================================================================================
[2026-08-09T06:42:56.436+0000] {manager.py:878} INFO - 
================================================================================
DAG File Processing Stats

File Path                                    PID  Runtime      # DAGs    # Errors  Last Runtime    Last Run
-----------------------------------------  -----  ---------  --------  ----------  --------------  -------------------
/opt/airflow/dags/hospital_dw_pipeline.py    532  0.01s             1           0  0.17s           2026-08-09T06:42:26
================================================================================
[2026-08-09T06:43:26.790+0000] {manager.py:878} INFO - 
================================================================================
DAG File Processing Stats

File Path                                    PID  Runtime      # DAGs    # Errors  Last Runtime    Last Run
-----------------------------------------  -----  ---------  --------  ----------  --------------  -------------------
/opt/airflow/dags/hospital_dw_pipeline.py    537  0.01s             1           0  0.20s           2026-08-09T06:42:56
================================================================================
[2026-08-09T06:43:57.114+0000] {manager.py:878} INFO - 
================================================================================
DAG File Processing Stats

File Path                                    PID  Runtime      # DAGs    # Errors  Last Runtime    Last Run
-----------------------------------------  -----  ---------  --------  ----------  --------------  -------------------
/opt/airflow/dags/hospital_dw_pipeline.py    542  0.01s             1           0  0.27s           2026-08-09T06:43:27
================================================================================
[2026-08-09T06:44:10.361+0000] {manager.py:737} INFO - Searching for files in /opt/airflow/dags
[2026-08-09T06:44:10.391+0000] {manager.py:740} INFO - There are 1 files in /opt/airflow/dags
[2026-08-09T06:44:27.617+0000] {manager.py:878} INFO - 
================================================================================
DAG File Processing Stats

File Path                                    PID  Runtime      # DAGs    # Errors  Last Runtime    Last Run
-----------------------------------------  -----  ---------  --------  ----------  --------------  -------------------
/opt/airflow/dags/hospital_dw_pipeline.py    547  0.01s             1           0  0.22s           2026-08-09T06:43:57
================================================================================
[2026-08-09T06:44:57.906+0000] {manager.py:878} INFO - 
================================================================================
DAG File Processing Stats

File Path                                    PID  Runtime      # DAGs    # Errors  Last Runtime    Last Run
-----------------------------------------  -----  ---------  --------  ----------  --------------  -------------------
/opt/airflow/dags/hospital_dw_pipeline.py    552  0.01s             1           0  0.23s           2026-08-09T06:44:27
================================================================================
[2026-08-09T06:45:28.319+0000] {manager.py:878} INFO - 
================================================================================
DAG File Processing Stats

File Path                                  PID    Runtime      # DAGs    # Errors  Last Runtime    Last Run
-----------------------------------------  -----  ---------  --------  ----------  --------------  -------------------
/opt/airflow/dags/hospital_dw_pipeline.py                           1           0  0.48s           2026-08-09T06:44:58
================================================================================
[2026-08-09T06:45:58.860+0000] {manager.py:878} INFO - 
================================================================================
DAG File Processing Stats

File Path                                    PID  Runtime      # DAGs    # Errors  Last Runtime    Last Run
-----------------------------------------  -----  ---------  --------  ----------  --------------  -------------------
/opt/airflow/dags/hospital_dw_pipeline.py    562  0.01s             1           0  0.19s           2026-08-09T06:45:28
================================================================================
[2026-08-09T06:46:29.310+0000] {manager.py:878} INFO - 
================================================================================
DAG File Processing Stats

File Path                                    PID  Runtime      # DAGs    # Errors  Last Runtime    Last Run
-----------------------------------------  -----  ---------  --------  ----------  --------------  -------------------
/opt/airflow/dags/hospital_dw_pipeline.py    567  0.01s             1           0  0.22s           2026-08-09T06:45:59
================================================================================
[2026-08-09T06:46:59.585+0000] {manager.py:878} INFO - 
================================================================================
DAG File Processing Stats

File Path                                    PID  Runtime      # DAGs    # Errors  Last Runtime    Last Run
-----------------------------------------  -----  ---------  --------  ----------  --------------  -------------------
/opt/airflow/dags/hospital_dw_pipeline.py    572  0.01s             1           0  0.16s           2026-08-09T06:46:29
================================================================================
[2026-08-09T06:47:29.920+0000] {manager.py:878} INFO - 
================================================================================
DAG File Processing Stats

File Path                                    PID  Runtime      # DAGs    # Errors  Last Runtime    Last Run
-----------------------------------------  -----  ---------  --------  ----------  --------------  -------------------
/opt/airflow/dags/hospital_dw_pipeline.py    577  0.01s             1           0  0.27s           2026-08-09T06:46:59
================================================================================
[2026-08-09T06:48:00.328+0000] {manager.py:878} INFO - 
================================================================================
DAG File Processing Stats

File Path                                    PID  Runtime      # DAGs    # Errors  Last Runtime    Last Run
-----------------------------------------  -----  ---------  --------  ----------  --------------  -------------------
/opt/airflow/dags/hospital_dw_pipeline.py    582  0.00s             1           0  0.28s           2026-08-09T06:47:30
================================================================================
[2026-08-09T06:48:30.721+0000] {manager.py:878} INFO - 
================================================================================
DAG File Processing Stats

File Path                                    PID  Runtime      # DAGs    # Errors  Last Runtime    Last Run
-----------------------------------------  -----  ---------  --------  ----------  --------------  -------------------
/opt/airflow/dags/hospital_dw_pipeline.py    587  0.01s             1           0  0.17s           2026-08-09T06:48:00
================================================================================
[2026-08-09T06:49:00.995+0000] {manager.py:878} INFO - 
================================================================================
DAG File Processing Stats

File Path                                    PID  Runtime      # DAGs    # Errors  Last Runtime    Last Run
-----------------------------------------  -----  ---------  --------  ----------  --------------  -------------------
/opt/airflow/dags/hospital_dw_pipeline.py    592  0.01s             1           0  0.24s           2026-08-09T06:48:30
================================================================================
[2026-08-09T06:49:11.279+0000] {manager.py:737} INFO - Searching for files in /opt/airflow/dags
[2026-08-09T06:49:11.331+0000] {manager.py:740} INFO - There are 1 files in /opt/airflow/dags
[2026-08-09T06:49:31.543+0000] {manager.py:878} INFO - 
================================================================================
DAG File Processing Stats

File Path                                    PID  Runtime      # DAGs    # Errors  Last Runtime    Last Run
-----------------------------------------  -----  ---------  --------  ----------  --------------  -------------------
/opt/airflow/dags/hospital_dw_pipeline.py    597  0.00s             1           0  0.23s           2026-08-09T06:49:01
================================================================================
[2026-08-09T06:50:01.826+0000] {manager.py:878} INFO - 
================================================================================
DAG File Processing Stats

File Path                                    PID  Runtime      # DAGs    # Errors  Last Runtime    Last Run
-----------------------------------------  -----  ---------  --------  ----------  --------------  -------------------
/opt/airflow/dags/hospital_dw_pipeline.py    602  0.01s             1           0  0.21s           2026-08-09T06:49:31
================================================================================
[2026-08-09T06:50:32.228+0000] {manager.py:878} INFO - 
================================================================================
DAG File Processing Stats

File Path                                    PID  Runtime      # DAGs    # Errors  Last Runtime    Last Run
-----------------------------------------  -----  ---------  --------  ----------  --------------  -------------------
/opt/airflow/dags/hospital_dw_pipeline.py    607  0.01s             1           0  0.22s           2026-08-09T06:50:02
================================================================================
[2026-08-09T06:51:02.435+0000] {manager.py:878} INFO - 
================================================================================
DAG File Processing Stats

File Path                                  PID    Runtime      # DAGs    # Errors  Last Runtime    Last Run
-----------------------------------------  -----  ---------  --------  ----------  --------------  -------------------
/opt/airflow/dags/hospital_dw_pipeline.py                           1           0  0.27s           2026-08-09T06:50:32
================================================================================
[2026-08-09T06:51:32.796+0000] {manager.py:878} INFO - 
================================================================================
DAG File Processing Stats

File Path                                  PID    Runtime      # DAGs    # Errors  Last Runtime    Last Run
-----------------------------------------  -----  ---------  --------  ----------  --------------  -------------------
/opt/airflow/dags/hospital_dw_pipeline.py                           1           0  0.17s           2026-08-09T06:51:02
================================================================================
[2026-08-09T06:52:03.121+0000] {manager.py:878} INFO - 
================================================================================
DAG File Processing Stats

File Path                                  PID    Runtime      # DAGs    # Errors  Last Runtime    Last Run
-----------------------------------------  -----  ---------  --------  ----------  --------------  -------------------
/opt/airflow/dags/hospital_dw_pipeline.py                           1           0  0.22s           2026-08-09T06:51:33
================================================================================
[2026-08-09T06:52:33.510+0000] {manager.py:878} INFO - 
================================================================================
DAG File Processing Stats

File Path                                  PID    Runtime      # DAGs    # Errors  Last Runtime    Last Run
-----------------------------------------  -----  ---------  --------  ----------  --------------  -------------------
/opt/airflow/dags/hospital_dw_pipeline.py                           1           0  0.25s           2026-08-09T06:52:03
================================================================================
[2026-08-09T06:53:04.046+0000] {manager.py:878} INFO - 
================================================================================
DAG File Processing Stats

File Path                                    PID  Runtime      # DAGs    # Errors  Last Runtime    Last Run
-----------------------------------------  -----  ---------  --------  ----------  --------------  -------------------
/opt/airflow/dags/hospital_dw_pipeline.py    636  0.01s             1           0  0.23s           2026-08-09T06:52:33
================================================================================
[2026-08-09T06:53:34.509+0000] {manager.py:878} INFO - 
================================================================================
DAG File Processing Stats

File Path                                    PID  Runtime      # DAGs    # Errors  Last Runtime    Last Run
-----------------------------------------  -----  ---------  --------  ----------  --------------  -------------------
/opt/airflow/dags/hospital_dw_pipeline.py    641  0.01s             1           0  0.33s           2026-08-09T06:53:04
================================================================================
[2026-08-09T06:54:04.862+0000] {manager.py:878} INFO - 
================================================================================
DAG File Processing Stats

File Path                                    PID  Runtime      # DAGs    # Errors  Last Runtime    Last Run
-----------------------------------------  -----  ---------  --------  ----------  --------------  -------------------
/opt/airflow/dags/hospital_dw_pipeline.py    646  0.01s             1           0  0.24s           2026-08-09T06:53:34
================================================================================
[2026-08-09T06:54:12.013+0000] {manager.py:737} INFO - Searching for files in /opt/airflow/dags
[2026-08-09T06:54:12.056+0000] {manager.py:740} INFO - There are 1 files in /opt/airflow/dags
[2026-08-09T06:54:35.288+0000] {manager.py:878} INFO - 
================================================================================
DAG File Processing Stats

File Path                                    PID  Runtime      # DAGs    # Errors  Last Runtime    Last Run
-----------------------------------------  -----  ---------  --------  ----------  --------------  -------------------
/opt/airflow/dags/hospital_dw_pipeline.py    651  0.01s             1           0  0.28s           2026-08-09T06:54:05
================================================================================
[2026-08-09T06:55:05.622+0000] {manager.py:878} INFO - 
================================================================================
DAG File Processing Stats

File Path                                    PID  Runtime      # DAGs    # Errors  Last Runtime    Last Run
-----------------------------------------  -----  ---------  --------  ----------  --------------  -------------------
/opt/airflow/dags/hospital_dw_pipeline.py    656  0.01s             1           0  0.28s           2026-08-09T06:54:35
================================================================================
[2026-08-09T06:55:36.176+0000] {manager.py:878} INFO - 
================================================================================
DAG File Processing Stats

File Path                                    PID  Runtime      # DAGs    # Errors  Last Runtime    Last Run
-----------------------------------------  -----  ---------  --------  ----------  --------------  -------------------
/opt/airflow/dags/hospital_dw_pipeline.py    661  0.01s             1           0  0.29s           2026-08-09T06:55:05
================================================================================
[2026-08-09T06:56:06.461+0000] {manager.py:878} INFO - 
================================================================================
DAG File Processing Stats

File Path                                    PID  Runtime      # DAGs    # Errors  Last Runtime    Last Run
-----------------------------------------  -----  ---------  --------  ----------  --------------  -------------------
/opt/airflow/dags/hospital_dw_pipeline.py    666  0.01s             1           0  0.24s           2026-08-09T06:55:36
================================================================================
[2026-08-09T06:56:36.857+0000] {manager.py:878} INFO - 
================================================================================
DAG File Processing Stats

File Path                                    PID  Runtime      # DAGs    # Errors  Last Runtime    Last Run
-----------------------------------------  -----  ---------  --------  ----------  --------------  -------------------
/opt/airflow/dags/hospital_dw_pipeline.py    671  0.01s             1           0  0.27s           2026-08-09T06:56:06
================================================================================
[2026-08-09T06:57:07.218+0000] {manager.py:878} INFO - 
================================================================================
DAG File Processing Stats

File Path                                    PID  Runtime      # DAGs    # Errors  Last Runtime    Last Run
-----------------------------------------  -----  ---------  --------  ----------  --------------  -------------------
/opt/airflow/dags/hospital_dw_pipeline.py    676  0.01s             1           0  0.20s           2026-08-09T06:56:37
================================================================================
[2026-08-09T06:57:37.464+0000] {manager.py:878} INFO - 
================================================================================
DAG File Processing Stats

File Path                                  PID    Runtime      # DAGs    # Errors  Last Runtime    Last Run
-----------------------------------------  -----  ---------  --------  ----------  --------------  -------------------
/opt/airflow/dags/hospital_dw_pipeline.py                           1           0  0.30s           2026-08-09T06:57:07
================================================================================
[2026-08-09T06:58:08.038+0000] {manager.py:878} INFO - 
================================================================================
DAG File Processing Stats

File Path                                    PID  Runtime      # DAGs    # Errors  Last Runtime    Last Run
-----------------------------------------  -----  ---------  --------  ----------  --------------  -------------------
/opt/airflow/dags/hospital_dw_pipeline.py    686  0.01s             1           0  0.14s           2026-08-09T06:57:37
================================================================================
[2026-08-09T06:58:38.328+0000] {manager.py:878} INFO - 
================================================================================
DAG File Processing Stats

File Path                                  PID    Runtime      # DAGs    # Errors  Last Runtime    Last Run
-----------------------------------------  -----  ---------  --------  ----------  --------------  -------------------
/opt/airflow/dags/hospital_dw_pipeline.py                           1           0  0.31s           2026-08-09T06:58:08
================================================================================
[2026-08-09T06:59:08.800+0000] {manager.py:878} INFO - 
================================================================================
DAG File Processing Stats

File Path                                  PID    Runtime      # DAGs    # Errors  Last Runtime    Last Run
-----------------------------------------  -----  ---------  --------  ----------  --------------  -------------------
/opt/airflow/dags/hospital_dw_pipeline.py                           1           0  0.32s           2026-08-09T06:58:38
================================================================================
[2026-08-09T06:59:12.158+0000] {manager.py:737} INFO - Searching for files in /opt/airflow/dags
[2026-08-09T06:59:12.182+0000] {manager.py:740} INFO - There are 1 files in /opt/airflow/dags
[2026-08-09T06:59:39.460+0000] {manager.py:878} INFO - 
================================================================================
DAG File Processing Stats

File Path                                    PID  Runtime      # DAGs    # Errors  Last Runtime    Last Run
-----------------------------------------  -----  ---------  --------  ----------  --------------  -------------------
/opt/airflow/dags/hospital_dw_pipeline.py    701  0.01s             1           0  0.18s           2026-08-09T06:59:09
================================================================================
[2026-08-09T07:00:09.823+0000] {manager.py:878} INFO - 
================================================================================
DAG File Processing Stats

File Path                                    PID  Runtime      # DAGs    # Errors  Last Runtime    Last Run
-----------------------------------------  -----  ---------  --------  ----------  --------------  -------------------
/opt/airflow/dags/hospital_dw_pipeline.py    706  0.01s             1           0  0.29s           2026-08-09T06:59:39
================================================================================
[2026-08-09T07:00:40.230+0000] {manager.py:878} INFO - 
================================================================================
DAG File Processing Stats

File Path                                    PID  Runtime      # DAGs    # Errors  Last Runtime    Last Run
-----------------------------------------  -----  ---------  --------  ----------  --------------  -------------------
/opt/airflow/dags/hospital_dw_pipeline.py    711  0.00s             1           0  0.23s           2026-08-09T07:00:10
================================================================================
[2026-08-09T07:01:10.629+0000] {manager.py:878} INFO - 
================================================================================
DAG File Processing Stats

File Path                                    PID  Runtime      # DAGs    # Errors  Last Runtime    Last Run
-----------------------------------------  -----  ---------  --------  ----------  --------------  -------------------
/opt/airflow/dags/hospital_dw_pipeline.py    716  0.01s             1           0  0.26s           2026-08-09T07:00:40
================================================================================
[2026-08-09T07:01:41.039+0000] {manager.py:878} INFO - 
================================================================================
DAG File Processing Stats

File Path                                    PID  Runtime      # DAGs    # Errors  Last Runtime    Last Run
-----------------------------------------  -----  ---------  --------  ----------  --------------  -------------------
/opt/airflow/dags/hospital_dw_pipeline.py    721  0.01s             1           0  0.21s           2026-08-09T07:01:10
================================================================================
[2026-08-09T07:02:11.297+0000] {manager.py:878} INFO - 
================================================================================
DAG File Processing Stats

File Path                                  PID    Runtime      # DAGs    # Errors  Last Runtime    Last Run
-----------------------------------------  -----  ---------  --------  ----------  --------------  -------------------
/opt/airflow/dags/hospital_dw_pipeline.py                           1           0  0.30s           2026-08-09T07:01:41
================================================================================
[2026-08-09T07:02:41.832+0000] {manager.py:878} INFO - 
================================================================================
DAG File Processing Stats

File Path                                  PID    Runtime      # DAGs    # Errors  Last Runtime    Last Run
-----------------------------------------  -----  ---------  --------  ----------  --------------  -------------------
/opt/airflow/dags/hospital_dw_pipeline.py                           1           0  0.30s           2026-08-09T07:02:11
================================================================================
[2026-08-09T07:03:12.343+0000] {manager.py:878} INFO - 
================================================================================
DAG File Processing Stats

File Path                                  PID    Runtime      # DAGs    # Errors  Last Runtime    Last Run
-----------------------------------------  -----  ---------  --------  ----------  --------------  -------------------
/opt/airflow/dags/hospital_dw_pipeline.py                           1           0  0.26s           2026-08-09T07:02:42
================================================================================
[2026-08-09T07:03:42.819+0000] {manager.py:878} INFO - 
================================================================================
DAG File Processing Stats

File Path                                  PID    Runtime      # DAGs    # Errors  Last Runtime    Last Run
-----------------------------------------  -----  ---------  --------  ----------  --------------  -------------------
/opt/airflow/dags/hospital_dw_pipeline.py                           1           0  0.26s           2026-08-09T07:03:12
================================================================================
[2026-08-09T07:04:12.258+0000] {manager.py:737} INFO - Searching for files in /opt/airflow/dags
[2026-08-09T07:04:12.293+0000] {manager.py:740} INFO - There are 1 files in /opt/airflow/dags
[2026-08-09T07:04:13.343+0000] {manager.py:878} INFO - 
================================================================================
DAG File Processing Stats

File Path                                    PID  Runtime      # DAGs    # Errors  Last Runtime    Last Run
-----------------------------------------  -----  ---------  --------  ----------  --------------  -------------------
/opt/airflow/dags/hospital_dw_pipeline.py    746  0.01s             1           0  0.24s           2026-08-09T07:03:43
================================================================================
[2026-08-09T07:04:43.750+0000] {manager.py:878} INFO - 
================================================================================
DAG File Processing Stats

File Path                                    PID  Runtime      # DAGs    # Errors  Last Runtime    Last Run
-----------------------------------------  -----  ---------  --------  ----------  --------------  -------------------
/opt/airflow/dags/hospital_dw_pipeline.py    751  0.00s             1           0  0.31s           2026-08-09T07:04:13
================================================================================
[2026-08-09T07:05:14.050+0000] {manager.py:878} INFO - 
================================================================================
DAG File Processing Stats

File Path                                    PID  Runtime      # DAGs    # Errors  Last Runtime    Last Run
-----------------------------------------  -----  ---------  --------  ----------  --------------  -------------------
/opt/airflow/dags/hospital_dw_pipeline.py    756  0.00s             1           0  0.17s           2026-08-09T07:04:43
================================================================================
[2026-08-09T07:05:44.328+0000] {manager.py:878} INFO - 
================================================================================
DAG File Processing Stats

File Path                                    PID  Runtime      # DAGs    # Errors  Last Runtime    Last Run
-----------------------------------------  -----  ---------  --------  ----------  --------------  -------------------
/opt/airflow/dags/hospital_dw_pipeline.py    761  0.01s             1           0  0.19s           2026-08-09T07:05:14
================================================================================
[2026-08-09T07:06:14.651+0000] {manager.py:878} INFO - 
================================================================================
DAG File Processing Stats

File Path                                    PID  Runtime      # DAGs    # Errors  Last Runtime    Last Run
-----------------------------------------  -----  ---------  --------  ----------  --------------  -------------------
/opt/airflow/dags/hospital_dw_pipeline.py    766  0.00s             1           0  0.28s           2026-08-09T07:05:44
================================================================================
[2026-08-09T07:06:45.098+0000] {manager.py:878} INFO - 
================================================================================
DAG File Processing Stats

File Path                                    PID  Runtime      # DAGs    # Errors  Last Runtime    Last Run
-----------------------------------------  -----  ---------  --------  ----------  --------------  -------------------
/opt/airflow/dags/hospital_dw_pipeline.py    771  0.01s             1           0  0.20s           2026-08-09T07:06:14
================================================================================
[2026-08-09T07:07:15.356+0000] {manager.py:878} INFO - 
================================================================================
DAG File Processing Stats

File Path                                    PID  Runtime      # DAGs    # Errors  Last Runtime    Last Run
-----------------------------------------  -----  ---------  --------  ----------  --------------  -------------------
/opt/airflow/dags/hospital_dw_pipeline.py    776  0.01s             1           0  0.21s           2026-08-09T07:06:45
================================================================================
[2026-08-09T07:07:45.790+0000] {manager.py:878} INFO - 
================================================================================
DAG File Processing Stats

File Path                                    PID  Runtime      # DAGs    # Errors  Last Runtime    Last Run
-----------------------------------------  -----  ---------  --------  ----------  --------------  -------------------
/opt/airflow/dags/hospital_dw_pipeline.py    781  0.01s             1           0  0.24s           2026-08-09T07:07:15
================================================================================
[2026-08-09T07:08:16.064+0000] {manager.py:878} INFO - 
================================================================================
DAG File Processing Stats

File Path                                    PID  Runtime      # DAGs    # Errors  Last Runtime    Last Run
-----------------------------------------  -----  ---------  --------  ----------  --------------  -------------------
/opt/airflow/dags/hospital_dw_pipeline.py    786  0.01s             1           0  0.23s           2026-08-09T07:07:46
================================================================================
[2026-08-09T07:08:46.437+0000] {manager.py:878} INFO - 
================================================================================
DAG File Processing Stats

File Path                                    PID  Runtime      # DAGs    # Errors  Last Runtime    Last Run
-----------------------------------------  -----  ---------  --------  ----------  --------------  -------------------
/opt/airflow/dags/hospital_dw_pipeline.py    791  0.00s             1           0  0.25s           2026-08-09T07:08:16
================================================================================
[2026-08-09T07:09:12.692+0000] {manager.py:737} INFO - Searching for files in /opt/airflow/dags
[2026-08-09T07:09:12.726+0000] {manager.py:740} INFO - There are 1 files in /opt/airflow/dags
[2026-08-09T07:09:16.805+0000] {manager.py:878} INFO - 
================================================================================
DAG File Processing Stats

File Path                                    PID  Runtime      # DAGs    # Errors  Last Runtime    Last Run
-----------------------------------------  -----  ---------  --------  ----------  --------------  -------------------
/opt/airflow/dags/hospital_dw_pipeline.py    796  0.01s             1           0  0.21s           2026-08-09T07:08:46
================================================================================
[2026-08-09T07:09:47.048+0000] {manager.py:878} INFO - 
================================================================================
DAG File Processing Stats

File Path                                  PID    Runtime      # DAGs    # Errors  Last Runtime    Last Run
-----------------------------------------  -----  ---------  --------  ----------  --------------  -------------------
/opt/airflow/dags/hospital_dw_pipeline.py                           1           0  0.26s           2026-08-09T07:09:17
================================================================================
[2026-08-09T07:10:17.458+0000] {manager.py:878} INFO - 
================================================================================
DAG File Processing Stats

File Path                                  PID    Runtime      # DAGs    # Errors  Last Runtime    Last Run
-----------------------------------------  -----  ---------  --------  ----------  --------------  -------------------
/opt/airflow/dags/hospital_dw_pipeline.py                           1           0  0.24s           2026-08-09T07:09:47
================================================================================
[2026-08-09T07:10:47.903+0000] {manager.py:878} INFO - 
================================================================================
DAG File Processing Stats

File Path                                  PID    Runtime      # DAGs    # Errors  Last Runtime    Last Run
-----------------------------------------  -----  ---------  --------  ----------  --------------  -------------------
/opt/airflow/dags/hospital_dw_pipeline.py                           1           0  0.24s           2026-08-09T07:10:17
================================================================================
[2026-08-09T07:11:18.461+0000] {manager.py:878} INFO - 
================================================================================
DAG File Processing Stats

File Path                                    PID  Runtime      # DAGs    # Errors  Last Runtime    Last Run
-----------------------------------------  -----  ---------  --------  ----------  --------------  -------------------
/opt/airflow/dags/hospital_dw_pipeline.py    816  0.01s             1           0  0.24s           2026-08-09T07:10:48
================================================================================
[2026-08-09T07:11:48.853+0000] {manager.py:878} INFO - 
================================================================================
DAG File Processing Stats

File Path                                    PID  Runtime      # DAGs    # Errors  Last Runtime    Last Run
-----------------------------------------  -----  ---------  --------  ----------  --------------  -------------------
/opt/airflow/dags/hospital_dw_pipeline.py    821  0.00s             1           0  0.28s           2026-08-09T07:11:18
================================================================================
[2026-08-09T07:12:19.210+0000] {manager.py:878} INFO - 
================================================================================
DAG File Processing Stats

File Path                                    PID  Runtime      # DAGs    # Errors  Last Runtime    Last Run
-----------------------------------------  -----  ---------  --------  ----------  --------------  -------------------
/opt/airflow/dags/hospital_dw_pipeline.py    826  0.01s             1           0  0.19s           2026-08-09T07:11:49
================================================================================
[2026-08-09T07:12:49.466+0000] {manager.py:878} INFO - 
================================================================================
DAG File Processing Stats

File Path                                  PID    Runtime      # DAGs    # Errors  Last Runtime    Last Run
-----------------------------------------  -----  ---------  --------  ----------  --------------  -------------------
/opt/airflow/dags/hospital_dw_pipeline.py                           1           0  0.27s           2026-08-09T07:12:19
================================================================================
[2026-08-09T07:13:19.927+0000] {manager.py:878} INFO - 
================================================================================
DAG File Processing Stats

File Path                                  PID    Runtime      # DAGs    # Errors  Last Runtime    Last Run
-----------------------------------------  -----  ---------  --------  ----------  --------------  -------------------
/opt/airflow/dags/hospital_dw_pipeline.py                           1           0  0.25s           2026-08-09T07:12:49
================================================================================
[2026-08-09T07:13:50.400+0000] {manager.py:878} INFO - 
================================================================================
DAG File Processing Stats

File Path                                  PID    Runtime      # DAGs    # Errors  Last Runtime    Last Run
-----------------------------------------  -----  ---------  --------  ----------  --------------  -------------------
/opt/airflow/dags/hospital_dw_pipeline.py                           1           0  0.51s           2026-08-09T07:13:20
================================================================================
[2026-08-09T07:14:13.084+0000] {manager.py:737} INFO - Searching for files in /opt/airflow/dags
[2026-08-09T07:14:13.117+0000] {manager.py:740} INFO - There are 1 files in /opt/airflow/dags
[2026-08-09T07:14:21.217+0000] {manager.py:878} INFO - 
================================================================================
DAG File Processing Stats

File Path                                    PID  Runtime      # DAGs    # Errors  Last Runtime    Last Run
-----------------------------------------  -----  ---------  --------  ----------  --------------  -------------------
/opt/airflow/dags/hospital_dw_pipeline.py    846  0.01s             1           0  0.21s           2026-08-09T07:13:51
================================================================================
[2026-08-09T07:14:51.596+0000] {manager.py:878} INFO - 
================================================================================
DAG File Processing Stats

File Path                                    PID  Runtime      # DAGs    # Errors  Last Runtime    Last Run
-----------------------------------------  -----  ---------  --------  ----------  --------------  -------------------
/opt/airflow/dags/hospital_dw_pipeline.py    851  0.01s             1           0  0.19s           2026-08-09T07:14:21
================================================================================
[2026-08-09T07:15:21.871+0000] {manager.py:878} INFO - 
================================================================================
DAG File Processing Stats

File Path                                    PID  Runtime      # DAGs    # Errors  Last Runtime    Last Run
-----------------------------------------  -----  ---------  --------  ----------  --------------  -------------------
/opt/airflow/dags/hospital_dw_pipeline.py    856  0.00s             1           0  0.25s           2026-08-09T07:14:51
================================================================================
[2026-08-09T07:15:52.307+0000] {manager.py:878} INFO - 
================================================================================
DAG File Processing Stats

File Path                                    PID  Runtime      # DAGs    # Errors  Last Runtime    Last Run
-----------------------------------------  -----  ---------  --------  ----------  --------------  -------------------
/opt/airflow/dags/hospital_dw_pipeline.py    861  0.01s             1           0  0.20s           2026-08-09T07:15:22
================================================================================
[2026-08-09T07:16:22.541+0000] {manager.py:878} INFO - 
================================================================================
DAG File Processing Stats

File Path                                    PID  Runtime      # DAGs    # Errors  Last Runtime    Last Run
-----------------------------------------  -----  ---------  --------  ----------  --------------  -------------------
/opt/airflow/dags/hospital_dw_pipeline.py    866  0.00s             1           0  0.21s           2026-08-09T07:15:52
================================================================================
[2026-08-09T07:16:52.966+0000] {manager.py:878} INFO - 
================================================================================
DAG File Processing Stats

File Path                                    PID  Runtime      # DAGs    # Errors  Last Runtime    Last Run
-----------------------------------------  -----  ---------  --------  ----------  --------------  -------------------
/opt/airflow/dags/hospital_dw_pipeline.py    871  0.01s             1           0  0.19s           2026-08-09T07:16:22
================================================================================
[2026-08-09T07:17:23.222+0000] {manager.py:878} INFO - 
================================================================================
DAG File Processing Stats

File Path                                    PID  Runtime      # DAGs    # Errors  Last Runtime    Last Run
-----------------------------------------  -----  ---------  --------  ----------  --------------  -------------------
/opt/airflow/dags/hospital_dw_pipeline.py    876  0.01s             1           0  0.21s           2026-08-09T07:16:53
================================================================================
[2026-08-09T07:17:53.603+0000] {manager.py:878} INFO - 
================================================================================
DAG File Processing Stats

File Path                                    PID  Runtime      # DAGs    # Errors  Last Runtime    Last Run
-----------------------------------------  -----  ---------  --------  ----------  --------------  -------------------
/opt/airflow/dags/hospital_dw_pipeline.py    881  0.00s             1           0  0.19s           2026-08-09T07:17:23
================================================================================
[2026-08-09T07:18:23.883+0000] {manager.py:878} INFO - 
================================================================================
DAG File Processing Stats

File Path                                    PID  Runtime      # DAGs    # Errors  Last Runtime    Last Run
-----------------------------------------  -----  ---------  --------  ----------  --------------  -------------------
/opt/airflow/dags/hospital_dw_pipeline.py    886  0.01s             1           0  0.23s           2026-08-09T07:17:53
================================================================================
[2026-08-09T07:18:54.318+0000] {manager.py:878} INFO - 
================================================================================
DAG File Processing Stats

File Path                                    PID  Runtime      # DAGs    # Errors  Last Runtime    Last Run
-----------------------------------------  -----  ---------  --------  ----------  --------------  -------------------
/opt/airflow/dags/hospital_dw_pipeline.py    891  0.01s             1           0  0.23s           2026-08-09T07:18:24
================================================================================
[2026-08-09T07:19:13.490+0000] {manager.py:737} INFO - Searching for files in /opt/airflow/dags
[2026-08-09T07:19:13.537+0000] {manager.py:740} INFO - There are 1 files in /opt/airflow/dags
[2026-08-09T07:19:24.672+0000] {manager.py:878} INFO - 
================================================================================
DAG File Processing Stats

File Path                                    PID  Runtime      # DAGs    # Errors  Last Runtime    Last Run
-----------------------------------------  -----  ---------  --------  ----------  --------------  -------------------
/opt/airflow/dags/hospital_dw_pipeline.py    896  0.01s             1           0  0.24s           2026-08-09T07:18:54
================================================================================
[2026-08-09T07:19:55.045+0000] {manager.py:878} INFO - 
================================================================================
DAG File Processing Stats

File Path                                    PID  Runtime      # DAGs    # Errors  Last Runtime    Last Run
-----------------------------------------  -----  ---------  --------  ----------  --------------  -------------------
/opt/airflow/dags/hospital_dw_pipeline.py    901  0.01s             1           0  0.22s           2026-08-09T07:19:24
================================================================================
[2026-08-09T07:20:25.355+0000] {manager.py:878} INFO - 
================================================================================
DAG File Processing Stats

File Path                                    PID  Runtime      # DAGs    # Errors  Last Runtime    Last Run
-----------------------------------------  -----  ---------  --------  ----------  --------------  -------------------
/opt/airflow/dags/hospital_dw_pipeline.py    906  0.01s             1           0  0.24s           2026-08-09T07:19:55
================================================================================
[2026-08-09T07:20:55.754+0000] {manager.py:878} INFO - 
================================================================================
DAG File Processing Stats

File Path                                    PID  Runtime      # DAGs    # Errors  Last Runtime    Last Run
-----------------------------------------  -----  ---------  --------  ----------  --------------  -------------------
/opt/airflow/dags/hospital_dw_pipeline.py    911  0.00s             1           0  0.24s           2026-08-09T07:20:25
================================================================================
[2026-08-09T07:21:26.026+0000] {manager.py:878} INFO - 
================================================================================
DAG File Processing Stats

File Path                                  PID    Runtime      # DAGs    # Errors  Last Runtime    Last Run
-----------------------------------------  -----  ---------  --------  ----------  --------------  -------------------
/opt/airflow/dags/hospital_dw_pipeline.py                           1           0  0.31s           2026-08-09T07:20:56
================================================================================
[2026-08-09T07:21:56.562+0000] {manager.py:878} INFO - 
================================================================================
DAG File Processing Stats

File Path                                    PID  Runtime      # DAGs    # Errors  Last Runtime    Last Run
-----------------------------------------  -----  ---------  --------  ----------  --------------  -------------------
/opt/airflow/dags/hospital_dw_pipeline.py    921  0.01s             1           0  0.20s           2026-08-09T07:21:26
================================================================================
[2026-08-09T07:22:26.942+0000] {manager.py:878} INFO - 
================================================================================
DAG File Processing Stats

File Path                                    PID  Runtime      # DAGs    # Errors  Last Runtime    Last Run
-----------------------------------------  -----  ---------  --------  ----------  --------------  -------------------
/opt/airflow/dags/hospital_dw_pipeline.py    926  0.00s             1           0  0.21s           2026-08-09T07:21:56
================================================================================
[2026-08-09T07:22:57.237+0000] {manager.py:878} INFO - 
================================================================================
DAG File Processing Stats

File Path                                    PID  Runtime      # DAGs    # Errors  Last Runtime    Last Run
-----------------------------------------  -----  ---------  --------  ----------  --------------  -------------------
/opt/airflow/dags/hospital_dw_pipeline.py    931  0.01s             1           0  0.20s           2026-08-09T07:22:27
================================================================================
[2026-08-09T07:23:27.609+0000] {manager.py:878} INFO - 
================================================================================
DAG File Processing Stats

File Path                                    PID  Runtime      # DAGs    # Errors  Last Runtime    Last Run
-----------------------------------------  -----  ---------  --------  ----------  --------------  -------------------
/opt/airflow/dags/hospital_dw_pipeline.py    936  0.01s             1           0  0.31s           2026-08-09T07:22:57
================================================================================
[2026-08-09T07:23:58.057+0000] {manager.py:878} INFO - 
================================================================================
DAG File Processing Stats

File Path                                    PID  Runtime      # DAGs    # Errors  Last Runtime    Last Run
-----------------------------------------  -----  ---------  --------  ----------  --------------  -------------------
/opt/airflow/dags/hospital_dw_pipeline.py    941  0.01s             1           0  0.24s           2026-08-09T07:23:27
================================================================================
[2026-08-09T07:24:14.250+0000] {manager.py:737} INFO - Searching for files in /opt/airflow/dags
[2026-08-09T07:24:14.290+0000] {manager.py:740} INFO - There are 1 files in /opt/airflow/dags
[2026-08-09T07:24:28.446+0000] {manager.py:878} INFO - 
================================================================================
DAG File Processing Stats

File Path                                    PID  Runtime      # DAGs    # Errors  Last Runtime    Last Run
-----------------------------------------  -----  ---------  --------  ----------  --------------  -------------------
/opt/airflow/dags/hospital_dw_pipeline.py    946  0.01s             1           0  0.28s           2026-08-09T07:23:58
================================================================================
[2026-08-09T07:24:58.873+0000] {manager.py:878} INFO - 
================================================================================
DAG File Processing Stats

File Path                                    PID  Runtime      # DAGs    # Errors  Last Runtime    Last Run
-----------------------------------------  -----  ---------  --------  ----------  --------------  -------------------
/opt/airflow/dags/hospital_dw_pipeline.py    951  0.01s             1           0  0.23s           2026-08-09T07:24:28
================================================================================
[2026-08-09T07:25:29.189+0000] {manager.py:878} INFO - 
================================================================================
DAG File Processing Stats

File Path                                    PID  Runtime      # DAGs    # Errors  Last Runtime    Last Run
-----------------------------------------  -----  ---------  --------  ----------  --------------  -------------------
/opt/airflow/dags/hospital_dw_pipeline.py    956  0.00s             1           0  0.23s           2026-08-09T07:24:59
================================================================================
[2026-08-09T07:25:59.573+0000] {manager.py:878} INFO - 
================================================================================
DAG File Processing Stats

File Path                                    PID  Runtime      # DAGs    # Errors  Last Runtime    Last Run
-----------------------------------------  -----  ---------  --------  ----------  --------------  -------------------
/opt/airflow/dags/hospital_dw_pipeline.py    961  0.01s             1           0  0.18s           2026-08-09T07:25:29
================================================================================
[2026-08-09T07:26:29.833+0000] {manager.py:878} INFO - 
================================================================================
DAG File Processing Stats

File Path                                    PID  Runtime      # DAGs    # Errors  Last Runtime    Last Run
-----------------------------------------  -----  ---------  --------  ----------  --------------  -------------------
/opt/airflow/dags/hospital_dw_pipeline.py    966  0.01s             1           0  0.21s           2026-08-09T07:25:59
================================================================================
[2026-08-09T07:27:00.259+0000] {manager.py:878} INFO - 
================================================================================
DAG File Processing Stats

File Path                                    PID  Runtime      # DAGs    # Errors  Last Runtime    Last Run
-----------------------------------------  -----  ---------  --------  ----------  --------------  -------------------
/opt/airflow/dags/hospital_dw_pipeline.py    971  0.01s             1           0  0.23s           2026-08-09T07:26:30
================================================================================
[2026-08-09T07:27:30.504+0000] {manager.py:878} INFO - 
================================================================================
DAG File Processing Stats

File Path                                  PID    Runtime      # DAGs    # Errors  Last Runtime    Last Run
-----------------------------------------  -----  ---------  --------  ----------  --------------  -------------------
/opt/airflow/dags/hospital_dw_pipeline.py                           1           0  0.29s           2026-08-09T07:27:00
================================================================================
[2026-08-09T07:28:01.036+0000] {manager.py:878} INFO - 
================================================================================
DAG File Processing Stats

File Path                                  PID    Runtime      # DAGs    # Errors  Last Runtime    Last Run
-----------------------------------------  -----  ---------  --------  ----------  --------------  -------------------
/opt/airflow/dags/hospital_dw_pipeline.py                           1           0  0.28s           2026-08-09T07:27:31
================================================================================
[2026-08-09T07:28:31.564+0000] {manager.py:878} INFO - 
================================================================================
DAG File Processing Stats

File Path                                  PID    Runtime      # DAGs    # Errors  Last Runtime    Last Run
-----------------------------------------  -----  ---------  --------  ----------  --------------  -------------------
/opt/airflow/dags/hospital_dw_pipeline.py                           1           0  0.27s           2026-08-09T07:28:01
================================================================================
[2026-08-09T07:29:02.088+0000] {manager.py:878} INFO - 
================================================================================
DAG File Processing Stats

File Path                                  PID    Runtime      # DAGs    # Errors  Last Runtime    Last Run
-----------------------------------------  -----  ---------  --------  ----------  --------------  -------------------
/opt/airflow/dags/hospital_dw_pipeline.py                           1           0  0.27s           2026-08-09T07:28:32
================================================================================
[2026-08-09T07:29:14.485+0000] {manager.py:737} INFO - Searching for files in /opt/airflow/dags
[2026-08-09T07:29:14.528+0000] {manager.py:740} INFO - There are 1 files in /opt/airflow/dags
[2026-08-09T07:29:32.714+0000] {manager.py:878} INFO - 
================================================================================
DAG File Processing Stats

File Path                                    PID  Runtime      # DAGs    # Errors  Last Runtime    Last Run
-----------------------------------------  -----  ---------  --------  ----------  --------------  -------------------
/opt/airflow/dags/hospital_dw_pipeline.py    996  0.01s             1           0  0.24s           2026-08-09T07:29:02
================================================================================
[2026-08-09T07:30:03.107+0000] {manager.py:878} INFO - 
================================================================================
DAG File Processing Stats

File Path                                    PID  Runtime      # DAGs    # Errors  Last Runtime    Last Run
-----------------------------------------  -----  ---------  --------  ----------  --------------  -------------------
/opt/airflow/dags/hospital_dw_pipeline.py   1001  0.01s             1           0  0.29s           2026-08-09T07:29:32
================================================================================
[2026-08-09T07:30:33.516+0000] {manager.py:878} INFO - 
================================================================================
DAG File Processing Stats

File Path                                    PID  Runtime      # DAGs    # Errors  Last Runtime    Last Run
-----------------------------------------  -----  ---------  --------  ----------  --------------  -------------------
/opt/airflow/dags/hospital_dw_pipeline.py   1006  0.01s             1           0  0.26s           2026-08-09T07:30:03
================================================================================
[2026-08-09T07:31:03.847+0000] {manager.py:878} INFO - 
================================================================================
DAG File Processing Stats

File Path                                    PID  Runtime      # DAGs    # Errors  Last Runtime    Last Run
-----------------------------------------  -----  ---------  --------  ----------  --------------  -------------------
/opt/airflow/dags/hospital_dw_pipeline.py   1011  0.01s             1           0  0.20s           2026-08-09T07:30:33
================================================================================
[2026-08-09T07:31:34.167+0000] {manager.py:878} INFO - 
================================================================================
DAG File Processing Stats

File Path                                    PID  Runtime      # DAGs    # Errors  Last Runtime    Last Run
-----------------------------------------  -----  ---------  --------  ----------  --------------  -------------------
/opt/airflow/dags/hospital_dw_pipeline.py   1016  0.00s             1           0  0.19s           2026-08-09T07:31:04
================================================================================
[2026-08-09T07:32:04.519+0000] {manager.py:878} INFO - 
================================================================================
DAG File Processing Stats

File Path                                    PID  Runtime      # DAGs    # Errors  Last Runtime    Last Run
-----------------------------------------  -----  ---------  --------  ----------  --------------  -------------------
/opt/airflow/dags/hospital_dw_pipeline.py   1021  0.01s             1           0  0.14s           2026-08-09T07:31:34
================================================================================
[2026-08-09T07:32:34.808+0000] {manager.py:878} INFO - 
================================================================================
DAG File Processing Stats

File Path                                    PID  Runtime      # DAGs    # Errors  Last Runtime    Last Run
-----------------------------------------  -----  ---------  --------  ----------  --------------  -------------------
/opt/airflow/dags/hospital_dw_pipeline.py   1026  0.00s             1           0  0.21s           2026-08-09T07:32:04
================================================================================
[2026-08-09T07:33:05.206+0000] {manager.py:878} INFO - 
================================================================================
DAG File Processing Stats

File Path                                    PID  Runtime      # DAGs    # Errors  Last Runtime    Last Run
-----------------------------------------  -----  ---------  --------  ----------  --------------  -------------------
/opt/airflow/dags/hospital_dw_pipeline.py   1031  0.01s             1           0  0.19s           2026-08-09T07:32:34
================================================================================
[2026-08-09T07:33:35.484+0000] {manager.py:878} INFO - 
================================================================================
DAG File Processing Stats

File Path                                    PID  Runtime      # DAGs    # Errors  Last Runtime    Last Run
-----------------------------------------  -----  ---------  --------  ----------  --------------  -------------------
/opt/airflow/dags/hospital_dw_pipeline.py   1036  0.01s             1           0  0.25s           2026-08-09T07:33:05
================================================================================
[2026-08-09T07:34:05.918+0000] {manager.py:878} INFO - 
================================================================================
DAG File Processing Stats

File Path                                    PID  Runtime      # DAGs    # Errors  Last Runtime    Last Run
-----------------------------------------  -----  ---------  --------  ----------  --------------  -------------------
/opt/airflow/dags/hospital_dw_pipeline.py   1041  0.01s             1           0  0.23s           2026-08-09T07:33:35
================================================================================
[2026-08-09T07:34:15.006+0000] {manager.py:737} INFO - Searching for files in /opt/airflow/dags
[2026-08-09T07:34:15.046+0000] {manager.py:740} INFO - There are 1 files in /opt/airflow/dags
[2026-08-09T07:34:36.240+0000] {manager.py:878} INFO - 
================================================================================
DAG File Processing Stats

File Path                                    PID  Runtime      # DAGs    # Errors  Last Runtime    Last Run
-----------------------------------------  -----  ---------  --------  ----------  --------------  -------------------
/opt/airflow/dags/hospital_dw_pipeline.py   1046  0.00s             1           0  0.24s           2026-08-09T07:34:06
================================================================================
[2026-08-09T07:35:06.626+0000] {manager.py:878} INFO - 
================================================================================
DAG File Processing Stats

File Path                                    PID  Runtime      # DAGs    # Errors  Last Runtime    Last Run
-----------------------------------------  -----  ---------  --------  ----------  --------------  -------------------
/opt/airflow/dags/hospital_dw_pipeline.py   1051  0.00s             1           0  0.21s           2026-08-09T07:34:36
================================================================================
[2026-08-09T07:35:36.955+0000] {manager.py:878} INFO - 
================================================================================
DAG File Processing Stats

File Path                                    PID  Runtime      # DAGs    # Errors  Last Runtime    Last Run
-----------------------------------------  -----  ---------  --------  ----------  --------------  -------------------
/opt/airflow/dags/hospital_dw_pipeline.py   1056  0.01s             1           0  0.14s           2026-08-09T07:35:06
================================================================================
[2026-08-09T07:36:07.275+0000] {manager.py:878} INFO - 
================================================================================
DAG File Processing Stats

File Path                                    PID  Runtime      # DAGs    # Errors  Last Runtime    Last Run
-----------------------------------------  -----  ---------  --------  ----------  --------------  -------------------
/opt/airflow/dags/hospital_dw_pipeline.py   1061  0.01s             1           0  0.18s           2026-08-09T07:35:37
================================================================================
[2026-08-09T07:36:37.618+0000] {manager.py:878} INFO - 
================================================================================
DAG File Processing Stats

File Path                                    PID  Runtime      # DAGs    # Errors  Last Runtime    Last Run
-----------------------------------------  -----  ---------  --------  ----------  --------------  -------------------
/opt/airflow/dags/hospital_dw_pipeline.py   1066  0.01s             1           0  0.21s           2026-08-09T07:36:07
================================================================================
[2026-08-09T07:37:07.956+0000] {manager.py:878} INFO - 
================================================================================
DAG File Processing Stats

File Path                                    PID  Runtime      # DAGs    # Errors  Last Runtime    Last Run
-----------------------------------------  -----  ---------  --------  ----------  --------------  -------------------
/opt/airflow/dags/hospital_dw_pipeline.py   1071  0.01s             1           0  0.24s           2026-08-09T07:36:37
================================================================================
[2026-08-09T07:37:38.337+0000] {manager.py:878} INFO - 
================================================================================
DAG File Processing Stats

File Path                                    PID  Runtime      # DAGs    # Errors  Last Runtime    Last Run
-----------------------------------------  -----  ---------  --------  ----------  --------------  -------------------
/opt/airflow/dags/hospital_dw_pipeline.py   1076  0.01s             1           0  0.25s           2026-08-09T07:37:08
================================================================================
[2026-08-09T07:38:08.647+0000] {manager.py:878} INFO - 
================================================================================
DAG File Processing Stats

File Path                                    PID  Runtime      # DAGs    # Errors  Last Runtime    Last Run
-----------------------------------------  -----  ---------  --------  ----------  --------------  -------------------
/opt/airflow/dags/hospital_dw_pipeline.py   1081  0.00s             1           0  0.22s           2026-08-09T07:37:38
================================================================================
[2026-08-09T07:38:39.043+0000] {manager.py:878} INFO - 
================================================================================
DAG File Processing Stats

File Path                                    PID  Runtime      # DAGs    # Errors  Last Runtime    Last Run
-----------------------------------------  -----  ---------  --------  ----------  --------------  -------------------
/opt/airflow/dags/hospital_dw_pipeline.py   1086  0.01s             1           0  0.17s           2026-08-09T07:38:08
================================================================================
[2026-08-09T07:39:09.315+0000] {manager.py:878} INFO - 
================================================================================
DAG File Processing Stats

File Path                                    PID  Runtime      # DAGs    # Errors  Last Runtime    Last Run
-----------------------------------------  -----  ---------  --------  ----------  --------------  -------------------
/opt/airflow/dags/hospital_dw_pipeline.py   1091  0.01s             1           0  0.19s           2026-08-09T07:38:39
================================================================================
[2026-08-09T07:39:15.485+0000] {manager.py:737} INFO - Searching for files in /opt/airflow/dags
[2026-08-09T07:39:15.524+0000] {manager.py:740} INFO - There are 1 files in /opt/airflow/dags
[2026-08-09T07:39:39.763+0000] {manager.py:878} INFO - 
================================================================================
DAG File Processing Stats

File Path                                    PID  Runtime      # DAGs    # Errors  Last Runtime    Last Run
-----------------------------------------  -----  ---------  --------  ----------  --------------  -------------------
/opt/airflow/dags/hospital_dw_pipeline.py   1096  0.01s             1           0  0.27s           2026-08-09T07:39:09
================================================================================
[2026-08-09T07:40:10.072+0000] {manager.py:878} INFO - 
================================================================================
DAG File Processing Stats

File Path                                    PID  Runtime      # DAGs    # Errors  Last Runtime    Last Run
-----------------------------------------  -----  ---------  --------  ----------  --------------  -------------------
/opt/airflow/dags/hospital_dw_pipeline.py   1101  0.01s             1           0  0.29s           2026-08-09T07:39:40
================================================================================
[2026-08-09T07:40:40.313+0000] {manager.py:878} INFO - 
================================================================================
DAG File Processing Stats

File Path                                    PID  Runtime      # DAGs    # Errors  Last Runtime    Last Run
-----------------------------------------  -----  ---------  --------  ----------  --------------  -------------------
/opt/airflow/dags/hospital_dw_pipeline.py   1106  0.00s             1           0  0.17s           2026-08-09T07:40:10
================================================================================
[2026-08-09T07:41:10.582+0000] {manager.py:878} INFO - 
================================================================================
DAG File Processing Stats

File Path                                    PID  Runtime      # DAGs    # Errors  Last Runtime    Last Run
-----------------------------------------  -----  ---------  --------  ----------  --------------  -------------------
/opt/airflow/dags/hospital_dw_pipeline.py   1111  0.01s             1           0  0.15s           2026-08-09T07:40:40
================================================================================
[2026-08-09T07:41:40.956+0000] {manager.py:878} INFO - 
================================================================================
DAG File Processing Stats

File Path                                    PID  Runtime      # DAGs    # Errors  Last Runtime    Last Run
-----------------------------------------  -----  ---------  --------  ----------  --------------  -------------------
/opt/airflow/dags/hospital_dw_pipeline.py   1116  0.01s             1           0  0.25s           2026-08-09T07:41:10
================================================================================
[2026-08-09T07:42:11.329+0000] {manager.py:878} INFO - 
================================================================================
DAG File Processing Stats

File Path                                    PID  Runtime      # DAGs    # Errors  Last Runtime    Last Run
-----------------------------------------  -----  ---------  --------  ----------  --------------  -------------------
/opt/airflow/dags/hospital_dw_pipeline.py   1121  0.01s             1           0  0.28s           2026-08-09T07:41:41
================================================================================
[2026-08-09T07:42:41.715+0000] {manager.py:878} INFO - 
================================================================================
DAG File Processing Stats

File Path                                    PID  Runtime      # DAGs    # Errors  Last Runtime    Last Run
-----------------------------------------  -----  ---------  --------  ----------  --------------  -------------------
/opt/airflow/dags/hospital_dw_pipeline.py   1126  0.01s             1           0  0.17s           2026-08-09T07:42:11
================================================================================
[2026-08-09T07:43:11.990+0000] {manager.py:878} INFO - 
================================================================================
DAG File Processing Stats

File Path                                    PID  Runtime      # DAGs    # Errors  Last Runtime    Last Run
-----------------------------------------  -----  ---------  --------  ----------  --------------  -------------------
/opt/airflow/dags/hospital_dw_pipeline.py   1131  0.01s             1           0  0.23s           2026-08-09T07:42:41
================================================================================
[2026-08-09T07:43:42.413+0000] {manager.py:878} INFO - 
================================================================================
DAG File Processing Stats

File Path                                    PID  Runtime      # DAGs    # Errors  Last Runtime    Last Run
-----------------------------------------  -----  ---------  --------  ----------  --------------  -------------------
/opt/airflow/dags/hospital_dw_pipeline.py   1136  0.01s             1           0  0.19s           2026-08-09T07:43:12
================================================================================
[2026-08-09T07:44:12.739+0000] {manager.py:878} INFO - 
================================================================================
DAG File Processing Stats

File Path                                    PID  Runtime      # DAGs    # Errors  Last Runtime    Last Run
-----------------------------------------  -----  ---------  --------  ----------  --------------  -------------------
/opt/airflow/dags/hospital_dw_pipeline.py   1141  0.01s             1           0  0.18s           2026-08-09T07:43:42
================================================================================
[2026-08-09T07:44:15.844+0000] {manager.py:737} INFO - Searching for files in /opt/airflow/dags
[2026-08-09T07:44:15.884+0000] {manager.py:740} INFO - There are 1 files in /opt/airflow/dags
[2026-08-09T07:44:43.109+0000] {manager.py:878} INFO - 
================================================================================
DAG File Processing Stats

File Path                                    PID  Runtime      # DAGs    # Errors  Last Runtime    Last Run
-----------------------------------------  -----  ---------  --------  ----------  --------------  -------------------
/opt/airflow/dags/hospital_dw_pipeline.py   1146  0.00s             1           0  0.24s           2026-08-09T07:44:12
================================================================================
[2026-08-09T07:54:25.214+0000] {manager.py:470} INFO - Processing files using up to 2 processes at a time 
[2026-08-09T07:54:25.217+0000] {manager.py:471} INFO - Process each file at most once every 30 seconds
[2026-08-09T07:54:25.219+0000] {manager.py:472} INFO - Checking for new files in /opt/airflow/dags every 300 seconds
[2026-08-09T07:54:25.222+0000] {manager.py:737} INFO - Searching for files in /opt/airflow/dags
[2026-08-09T07:54:25.260+0000] {manager.py:740} INFO - There are 1 files in /opt/airflow/dags
[2026-08-09T07:54:25.634+0000] {manager.py:878} INFO - 
================================================================================
DAG File Processing Stats

File Path                                    PID  Runtime      # DAGs    # Errors  Last Runtime    Last Run
-----------------------------------------  -----  ---------  --------  ----------  --------------  ----------
/opt/airflow/dags/hospital_dw_pipeline.py    265  0.19s             0           0
================================================================================
[2026-08-09T07:54:55.804+0000] {manager.py:878} INFO - 
================================================================================
DAG File Processing Stats

File Path                                  PID    Runtime      # DAGs    # Errors  Last Runtime    Last Run
-----------------------------------------  -----  ---------  --------  ----------  --------------  -------------------
/opt/airflow/dags/hospital_dw_pipeline.py                           1           0  0.48s           2026-08-09T07:54:25
================================================================================
[2026-08-09T07:55:26.276+0000] {manager.py:878} INFO - 
================================================================================
DAG File Processing Stats

File Path                                  PID    Runtime      # DAGs    # Errors  Last Runtime    Last Run
-----------------------------------------  -----  ---------  --------  ----------  --------------  -------------------
/opt/airflow/dags/hospital_dw_pipeline.py                           1           0  0.34s           2026-08-09T07:54:56
================================================================================
[2026-08-09T07:55:56.802+0000] {manager.py:878} INFO - 
================================================================================
DAG File Processing Stats

File Path                                    PID  Runtime      # DAGs    # Errors  Last Runtime    Last Run
-----------------------------------------  -----  ---------  --------  ----------  --------------  -------------------
/opt/airflow/dags/hospital_dw_pipeline.py    311  0.01s             1           0  0.17s           2026-08-09T07:55:26
================================================================================
[2026-08-09T07:56:27.167+0000] {manager.py:878} INFO - 
================================================================================
DAG File Processing Stats

File Path                                    PID  Runtime      # DAGs    # Errors  Last Runtime    Last Run
-----------------------------------------  -----  ---------  --------  ----------  --------------  -------------------
/opt/airflow/dags/hospital_dw_pipeline.py    316  0.01s             1           0  0.20s           2026-08-09T07:55:56
================================================================================
[2026-08-09T07:56:57.412+0000] {manager.py:878} INFO - 
================================================================================
DAG File Processing Stats

File Path                                    PID  Runtime      # DAGs    # Errors  Last Runtime    Last Run
-----------------------------------------  -----  ---------  --------  ----------  --------------  -------------------
/opt/airflow/dags/hospital_dw_pipeline.py    321  0.01s             1           0  0.21s           2026-08-09T07:56:27
================================================================================
[2026-08-09T07:57:27.744+0000] {manager.py:878} INFO - 
================================================================================
DAG File Processing Stats

File Path                                    PID  Runtime      # DAGs    # Errors  Last Runtime    Last Run
-----------------------------------------  -----  ---------  --------  ----------  --------------  -------------------
/opt/airflow/dags/hospital_dw_pipeline.py    326  0.00s             1           0  0.19s           2026-08-09T07:56:57
================================================================================
[2026-08-09T07:57:57.996+0000] {manager.py:878} INFO - 
================================================================================
DAG File Processing Stats

File Path                                  PID    Runtime      # DAGs    # Errors  Last Runtime    Last Run
-----------------------------------------  -----  ---------  --------  ----------  --------------  -------------------
/opt/airflow/dags/hospital_dw_pipeline.py                           1           0  0.27s           2026-08-09T07:57:28
================================================================================
[2026-08-09T07:58:28.434+0000] {manager.py:878} INFO - 
================================================================================
DAG File Processing Stats

File Path                                  PID    Runtime      # DAGs    # Errors  Last Runtime    Last Run
-----------------------------------------  -----  ---------  --------  ----------  --------------  -------------------
/opt/airflow/dags/hospital_dw_pipeline.py                           1           0  0.25s           2026-08-09T07:57:58
================================================================================
[2026-08-09T07:58:58.957+0000] {manager.py:878} INFO - 
================================================================================
DAG File Processing Stats

File Path                                    PID  Runtime      # DAGs    # Errors  Last Runtime    Last Run
-----------------------------------------  -----  ---------  --------  ----------  --------------  -------------------
/opt/airflow/dags/hospital_dw_pipeline.py    341  0.01s             1           0  0.16s           2026-08-09T07:58:28
================================================================================
[2026-08-09T07:59:25.286+0000] {manager.py:737} INFO - Searching for files in /opt/airflow/dags
[2026-08-09T07:59:25.332+0000] {manager.py:740} INFO - There are 1 files in /opt/airflow/dags
[2026-08-09T07:59:29.397+0000] {manager.py:878} INFO - 
================================================================================
DAG File Processing Stats

File Path                                    PID  Runtime      # DAGs    # Errors  Last Runtime    Last Run
-----------------------------------------  -----  ---------  --------  ----------  --------------  -------------------
/opt/airflow/dags/hospital_dw_pipeline.py    346  0.00s             1           0  0.18s           2026-08-09T07:58:59
================================================================================
[2026-08-09T07:59:59.659+0000] {manager.py:878} INFO - 
================================================================================
DAG File Processing Stats

File Path                                    PID  Runtime      # DAGs    # Errors  Last Runtime    Last Run
-----------------------------------------  -----  ---------  --------  ----------  --------------  -------------------
/opt/airflow/dags/hospital_dw_pipeline.py    351  0.01s             1           0  0.17s           2026-08-09T07:59:29
================================================================================
[2026-08-09T08:00:30.039+0000] {manager.py:878} INFO - 
================================================================================
DAG File Processing Stats

File Path                                    PID  Runtime      # DAGs    # Errors  Last Runtime    Last Run
-----------------------------------------  -----  ---------  --------  ----------  --------------  -------------------
/opt/airflow/dags/hospital_dw_pipeline.py    356  0.01s             1           0  0.25s           2026-08-09T07:59:59
================================================================================
[2026-08-09T08:01:00.368+0000] {manager.py:878} INFO - 
================================================================================
DAG File Processing Stats

File Path                                    PID  Runtime      # DAGs    # Errors  Last Runtime    Last Run
-----------------------------------------  -----  ---------  --------  ----------  --------------  -------------------
/opt/airflow/dags/hospital_dw_pipeline.py    361  0.00s             1           0  0.25s           2026-08-09T08:00:30
================================================================================
[2026-08-09T08:01:30.669+0000] {manager.py:878} INFO - 
================================================================================
DAG File Processing Stats

File Path                                    PID  Runtime      # DAGs    # Errors  Last Runtime    Last Run
-----------------------------------------  -----  ---------  --------  ----------  --------------  -------------------
/opt/airflow/dags/hospital_dw_pipeline.py    366  0.01s             1           0  0.14s           2026-08-09T08:01:00
================================================================================
[2026-08-09T08:02:00.986+0000] {manager.py:878} INFO - 
================================================================================
DAG File Processing Stats

File Path                                    PID  Runtime      # DAGs    # Errors  Last Runtime    Last Run
-----------------------------------------  -----  ---------  --------  ----------  --------------  -------------------
/opt/airflow/dags/hospital_dw_pipeline.py    371  0.01s             1           0  0.25s           2026-08-09T08:01:30
================================================================================
[2026-08-09T08:02:31.372+0000] {manager.py:878} INFO - 
================================================================================
DAG File Processing Stats

File Path                                    PID  Runtime      # DAGs    # Errors  Last Runtime    Last Run
-----------------------------------------  -----  ---------  --------  ----------  --------------  -------------------
/opt/airflow/dags/hospital_dw_pipeline.py    376  0.01s             1           0  0.27s           2026-08-09T08:02:01
================================================================================
[2026-08-09T08:03:01.709+0000] {manager.py:878} INFO - 
================================================================================
DAG File Processing Stats

File Path                                    PID  Runtime      # DAGs    # Errors  Last Runtime    Last Run
-----------------------------------------  -----  ---------  --------  ----------  --------------  -------------------
/opt/airflow/dags/hospital_dw_pipeline.py    381  0.00s             1           0  0.30s           2026-08-09T08:02:31
================================================================================
[2026-08-09T08:03:32.100+0000] {manager.py:878} INFO - 
================================================================================
DAG File Processing Stats

File Path                                    PID  Runtime      # DAGs    # Errors  Last Runtime    Last Run
-----------------------------------------  -----  ---------  --------  ----------  --------------  -------------------
/opt/airflow/dags/hospital_dw_pipeline.py    386  0.00s             1           0  0.27s           2026-08-09T08:03:01
================================================================================
[2026-08-09T08:04:02.381+0000] {manager.py:878} INFO - 
================================================================================
DAG File Processing Stats

File Path                                    PID  Runtime      # DAGs    # Errors  Last Runtime    Last Run
-----------------------------------------  -----  ---------  --------  ----------  --------------  -------------------
/opt/airflow/dags/hospital_dw_pipeline.py    391  0.01s             1           0  0.20s           2026-08-09T08:03:32
================================================================================
[2026-08-09T08:04:25.647+0000] {manager.py:737} INFO - Searching for files in /opt/airflow/dags
[2026-08-09T08:04:25.683+0000] {manager.py:740} INFO - There are 1 files in /opt/airflow/dags
[2026-08-09T08:04:32.768+0000] {manager.py:878} INFO - 
================================================================================
DAG File Processing Stats

File Path                                    PID  Runtime      # DAGs    # Errors  Last Runtime    Last Run
-----------------------------------------  -----  ---------  --------  ----------  --------------  -------------------
/opt/airflow/dags/hospital_dw_pipeline.py    396  0.01s             1           0  0.22s           2026-08-09T08:04:02
================================================================================
[2026-08-09T08:05:03.033+0000] {manager.py:878} INFO - 
================================================================================
DAG File Processing Stats

File Path                                    PID  Runtime      # DAGs    # Errors  Last Runtime    Last Run
-----------------------------------------  -----  ---------  --------  ----------  --------------  -------------------
/opt/airflow/dags/hospital_dw_pipeline.py    401  0.01s             1           0  0.23s           2026-08-09T08:04:32
================================================================================
[2026-08-09T08:05:33.481+0000] {manager.py:878} INFO - 
================================================================================
DAG File Processing Stats

File Path                                    PID  Runtime      # DAGs    # Errors  Last Runtime    Last Run
-----------------------------------------  -----  ---------  --------  ----------  --------------  -------------------
/opt/airflow/dags/hospital_dw_pipeline.py    406  0.01s             1           0  0.26s           2026-08-09T08:05:03
================================================================================
[2026-08-09T08:06:03.765+0000] {manager.py:878} INFO - 
================================================================================
DAG File Processing Stats

File Path                                    PID  Runtime      # DAGs    # Errors  Last Runtime    Last Run
-----------------------------------------  -----  ---------  --------  ----------  --------------  -------------------
/opt/airflow/dags/hospital_dw_pipeline.py    411  0.01s             1           0  0.25s           2026-08-09T08:05:33
================================================================================
[2026-08-09T08:06:34.207+0000] {manager.py:878} INFO - 
================================================================================
DAG File Processing Stats

File Path                                    PID  Runtime      # DAGs    # Errors  Last Runtime    Last Run
-----------------------------------------  -----  ---------  --------  ----------  --------------  -------------------
/opt/airflow/dags/hospital_dw_pipeline.py    416  0.01s             1           0  0.22s           2026-08-09T08:06:03
================================================================================
[2026-08-09T08:07:04.461+0000] {manager.py:878} INFO - 
================================================================================
DAG File Processing Stats

File Path                                  PID    Runtime      # DAGs    # Errors  Last Runtime    Last Run
-----------------------------------------  -----  ---------  --------  ----------  --------------  -------------------
/opt/airflow/dags/hospital_dw_pipeline.py                           1           0  0.31s           2026-08-09T08:06:34
================================================================================
[2026-08-09T08:07:35.008+0000] {manager.py:878} INFO - 
================================================================================
DAG File Processing Stats

File Path                                  PID    Runtime      # DAGs    # Errors  Last Runtime    Last Run
-----------------------------------------  -----  ---------  --------  ----------  --------------  -------------------
/opt/airflow/dags/hospital_dw_pipeline.py                           1           0  0.28s           2026-08-09T08:07:05
================================================================================
[2026-08-09T08:08:05.577+0000] {manager.py:878} INFO - 
================================================================================
DAG File Processing Stats

File Path                                    PID  Runtime      # DAGs    # Errors  Last Runtime    Last Run
-----------------------------------------  -----  ---------  --------  ----------  --------------  -------------------
/opt/airflow/dags/hospital_dw_pipeline.py    431  0.01s             1           0  0.23s           2026-08-09T08:07:35
================================================================================
[2026-08-09T08:08:35.839+0000] {manager.py:878} INFO - 
================================================================================
DAG File Processing Stats

File Path                                    PID  Runtime      # DAGs    # Errors  Last Runtime    Last Run
-----------------------------------------  -----  ---------  --------  ----------  --------------  -------------------
/opt/airflow/dags/hospital_dw_pipeline.py    436  0.00s             1           0  0.20s           2026-08-09T08:08:05
================================================================================
[2026-08-09T08:09:06.233+0000] {manager.py:878} INFO - 
================================================================================
DAG File Processing Stats

File Path                                    PID  Runtime      # DAGs    # Errors  Last Runtime    Last Run
-----------------------------------------  -----  ---------  --------  ----------  --------------  -------------------
/opt/airflow/dags/hospital_dw_pipeline.py    441  0.01s             1           0  0.15s           2026-08-09T08:08:35
================================================================================
[2026-08-09T08:09:26.400+0000] {manager.py:737} INFO - Searching for files in /opt/airflow/dags
[2026-08-09T08:09:26.438+0000] {manager.py:740} INFO - There are 1 files in /opt/airflow/dags
[2026-08-09T08:09:36.565+0000] {manager.py:878} INFO - 
================================================================================
DAG File Processing Stats

File Path                                    PID  Runtime      # DAGs    # Errors  Last Runtime    Last Run
-----------------------------------------  -----  ---------  --------  ----------  --------------  -------------------
/opt/airflow/dags/hospital_dw_pipeline.py    446  0.01s             1           0  0.20s           2026-08-09T08:09:06
================================================================================
[2026-08-09T08:10:06.894+0000] {manager.py:878} INFO - 
================================================================================
DAG File Processing Stats

File Path                                    PID  Runtime      # DAGs    # Errors  Last Runtime    Last Run
-----------------------------------------  -----  ---------  --------  ----------  --------------  -------------------
/opt/airflow/dags/hospital_dw_pipeline.py    451  0.00s             1           0  0.20s           2026-08-09T08:09:36
================================================================================
[2026-08-09T08:10:37.242+0000] {manager.py:878} INFO - 
================================================================================
DAG File Processing Stats

File Path                                    PID  Runtime      # DAGs    # Errors  Last Runtime    Last Run
-----------------------------------------  -----  ---------  --------  ----------  --------------  -------------------
/opt/airflow/dags/hospital_dw_pipeline.py    456  0.01s             1           0  0.14s           2026-08-09T08:10:07
================================================================================
[2026-08-09T08:11:07.505+0000] {manager.py:878} INFO - 
================================================================================
DAG File Processing Stats

File Path                                    PID  Runtime      # DAGs    # Errors  Last Runtime    Last Run
-----------------------------------------  -----  ---------  --------  ----------  --------------  -------------------
/opt/airflow/dags/hospital_dw_pipeline.py    461  0.01s             1           0  0.20s           2026-08-09T08:10:37
================================================================================
[2026-08-09T08:11:37.898+0000] {manager.py:878} INFO - 
================================================================================
DAG File Processing Stats

File Path                                    PID  Runtime      # DAGs    # Errors  Last Runtime    Last Run
-----------------------------------------  -----  ---------  --------  ----------  --------------  -------------------
/opt/airflow/dags/hospital_dw_pipeline.py    466  0.01s             1           0  0.21s           2026-08-09T08:11:07
================================================================================
[2026-08-09T08:12:08.144+0000] {manager.py:878} INFO - 
================================================================================
DAG File Processing Stats

File Path                                  PID    Runtime      # DAGs    # Errors  Last Runtime    Last Run
-----------------------------------------  -----  ---------  --------  ----------  --------------  -------------------
/opt/airflow/dags/hospital_dw_pipeline.py                           1           0  0.29s           2026-08-09T08:11:38
================================================================================
[2026-08-09T08:12:38.636+0000] {manager.py:878} INFO - 
================================================================================
DAG File Processing Stats

File Path                                  PID    Runtime      # DAGs    # Errors  Last Runtime    Last Run
-----------------------------------------  -----  ---------  --------  ----------  --------------  -------------------
/opt/airflow/dags/hospital_dw_pipeline.py                           1           0  0.27s           2026-08-09T08:12:08
================================================================================
[2026-08-09T08:13:09.182+0000] {manager.py:878} INFO - 
================================================================================
DAG File Processing Stats

File Path                                  PID    Runtime      # DAGs    # Errors  Last Runtime    Last Run
-----------------------------------------  -----  ---------  --------  ----------  --------------  -------------------
/opt/airflow/dags/hospital_dw_pipeline.py                           1           0  0.27s           2026-08-09T08:12:39
================================================================================
[2026-08-09T08:13:39.742+0000] {manager.py:878} INFO - 
================================================================================
DAG File Processing Stats

File Path                                    PID  Runtime      # DAGs    # Errors  Last Runtime    Last Run
-----------------------------------------  -----  ---------  --------  ----------  --------------  -------------------
/opt/airflow/dags/hospital_dw_pipeline.py    486  0.01s             1           0  0.22s           2026-08-09T08:13:09
================================================================================
[2026-08-09T08:14:10.149+0000] {manager.py:878} INFO - 
================================================================================
DAG File Processing Stats

File Path                                    PID  Runtime      # DAGs    # Errors  Last Runtime    Last Run
-----------------------------------------  -----  ---------  --------  ----------  --------------  -------------------
/opt/airflow/dags/hospital_dw_pipeline.py    491  0.00s             1           0  0.24s           2026-08-09T08:13:39
================================================================================
[2026-08-09T08:14:26.463+0000] {manager.py:737} INFO - Searching for files in /opt/airflow/dags
[2026-08-09T08:14:26.551+0000] {manager.py:740} INFO - There are 1 files in /opt/airflow/dags
[2026-08-09T08:14:40.475+0000] {manager.py:878} INFO - 
================================================================================
DAG File Processing Stats

File Path                                    PID  Runtime      # DAGs    # Errors  Last Runtime    Last Run
-----------------------------------------  -----  ---------  --------  ----------  --------------  -------------------
/opt/airflow/dags/hospital_dw_pipeline.py    496  0.01s             1           0  0.19s           2026-08-09T08:14:10
================================================================================
[2026-08-09T08:15:10.902+0000] {manager.py:878} INFO - 
================================================================================
DAG File Processing Stats

File Path                                    PID  Runtime      # DAGs    # Errors  Last Runtime    Last Run
-----------------------------------------  -----  ---------  --------  ----------  --------------  -------------------
/opt/airflow/dags/hospital_dw_pipeline.py    501  0.01s             1           0  0.20s           2026-08-09T08:14:40
================================================================================
[2026-08-09T08:15:41.153+0000] {manager.py:878} INFO - 
================================================================================
DAG File Processing Stats

File Path                                    PID  Runtime      # DAGs    # Errors  Last Runtime    Last Run
-----------------------------------------  -----  ---------  --------  ----------  --------------  -------------------
/opt/airflow/dags/hospital_dw_pipeline.py    506  0.01s             1           0  0.23s           2026-08-09T08:15:11
================================================================================
[2026-08-09T08:16:11.521+0000] {manager.py:878} INFO - 
================================================================================
DAG File Processing Stats

File Path                                    PID  Runtime      # DAGs    # Errors  Last Runtime    Last Run
-----------------------------------------  -----  ---------  --------  ----------  --------------  -------------------
/opt/airflow/dags/hospital_dw_pipeline.py    511  0.01s             1           0  0.19s           2026-08-09T08:15:41
================================================================================
[2026-08-09T08:16:41.740+0000] {manager.py:878} INFO - 
================================================================================
DAG File Processing Stats

File Path                                  PID    Runtime      # DAGs    # Errors  Last Runtime    Last Run
-----------------------------------------  -----  ---------  --------  ----------  --------------  -------------------
/opt/airflow/dags/hospital_dw_pipeline.py                           1           0  0.24s           2026-08-09T08:16:11
================================================================================
[2026-08-09T08:17:12.183+0000] {manager.py:878} INFO - 
================================================================================
DAG File Processing Stats

File Path                                  PID    Runtime      # DAGs    # Errors  Last Runtime    Last Run
-----------------------------------------  -----  ---------  --------  ----------  --------------  -------------------
/opt/airflow/dags/hospital_dw_pipeline.py                           1           0  0.24s           2026-08-09T08:16:42
================================================================================
[2026-08-09T08:17:42.689+0000] {manager.py:878} INFO - 
================================================================================
DAG File Processing Stats

File Path                                  PID    Runtime      # DAGs    # Errors  Last Runtime    Last Run
-----------------------------------------  -----  ---------  --------  ----------  --------------  -------------------
/opt/airflow/dags/hospital_dw_pipeline.py                           1           0  0.27s           2026-08-09T08:17:12
================================================================================
[2026-08-09T08:18:13.226+0000] {manager.py:878} INFO - 
================================================================================
DAG File Processing Stats

File Path                                    PID  Runtime      # DAGs    # Errors  Last Runtime    Last Run
-----------------------------------------  -----  ---------  --------  ----------  --------------  -------------------
/opt/airflow/dags/hospital_dw_pipeline.py    531  0.01s             1           0  0.21s           2026-08-09T08:17:43
================================================================================
[2026-08-09T08:18:43.666+0000] {manager.py:878} INFO - 
================================================================================
DAG File Processing Stats

File Path                                    PID  Runtime      # DAGs    # Errors  Last Runtime    Last Run
-----------------------------------------  -----  ---------  --------  ----------  --------------  -------------------
/opt/airflow/dags/hospital_dw_pipeline.py    536  0.01s             1           0  0.19s           2026-08-09T08:18:13
================================================================================
[2026-08-09T08:19:13.869+0000] {manager.py:878} INFO - 
================================================================================
DAG File Processing Stats

File Path                                  PID    Runtime      # DAGs    # Errors  Last Runtime    Last Run
-----------------------------------------  -----  ---------  --------  ----------  --------------  -------------------
/opt/airflow/dags/hospital_dw_pipeline.py                           1           0  0.22s           2026-08-09T08:18:43
================================================================================
[2026-08-09T08:19:27.149+0000] {manager.py:737} INFO - Searching for files in /opt/airflow/dags
[2026-08-09T08:19:27.166+0000] {manager.py:740} INFO - There are 1 files in /opt/airflow/dags
[2026-08-09T08:19:44.325+0000] {manager.py:878} INFO - 
================================================================================
DAG File Processing Stats

File Path                                    PID  Runtime      # DAGs    # Errors  Last Runtime    Last Run
-----------------------------------------  -----  ---------  --------  ----------  --------------  -------------------
/opt/airflow/dags/hospital_dw_pipeline.py    546  0.01s             1           0  0.13s           2026-08-09T08:19:14
================================================================================
[2026-08-09T08:20:14.623+0000] {manager.py:878} INFO - 
================================================================================
DAG File Processing Stats

File Path                                    PID  Runtime      # DAGs    # Errors  Last Runtime    Last Run
-----------------------------------------  -----  ---------  --------  ----------  --------------  -------------------
/opt/airflow/dags/hospital_dw_pipeline.py    551  0.01s             1           0  0.20s           2026-08-09T08:19:44
================================================================================
[2026-08-09T08:20:44.967+0000] {manager.py:878} INFO - 
================================================================================
DAG File Processing Stats

File Path                                    PID  Runtime      # DAGs    # Errors  Last Runtime    Last Run
-----------------------------------------  -----  ---------  --------  ----------  --------------  -------------------
/opt/airflow/dags/hospital_dw_pipeline.py    556  0.00s             1           0  0.17s           2026-08-09T08:20:14
================================================================================
[2026-08-09T08:21:15.207+0000] {manager.py:878} INFO - 
================================================================================
DAG File Processing Stats

File Path                                    PID  Runtime      # DAGs    # Errors  Last Runtime    Last Run
-----------------------------------------  -----  ---------  --------  ----------  --------------  -------------------
/opt/airflow/dags/hospital_dw_pipeline.py    561  0.01s             1           0  0.17s           2026-08-09T08:20:45
================================================================================
[2026-08-09T08:21:45.554+0000] {manager.py:878} INFO - 
================================================================================
DAG File Processing Stats

File Path                                    PID  Runtime      # DAGs    # Errors  Last Runtime    Last Run
-----------------------------------------  -----  ---------  --------  ----------  --------------  -------------------
/opt/airflow/dags/hospital_dw_pipeline.py    566  0.00s             1           0  0.24s           2026-08-09T08:21:15
================================================================================
[2026-08-09T08:22:15.930+0000] {manager.py:878} INFO - 
================================================================================
DAG File Processing Stats

File Path                                    PID  Runtime      # DAGs    # Errors  Last Runtime    Last Run
-----------------------------------------  -----  ---------  --------  ----------  --------------  -------------------
/opt/airflow/dags/hospital_dw_pipeline.py    571  0.01s             1           0  0.19s           2026-08-09T08:21:45
================================================================================
[2026-08-09T08:22:46.337+0000] {manager.py:878} INFO - 
================================================================================
DAG File Processing Stats

File Path                                    PID  Runtime      # DAGs    # Errors  Last Runtime    Last Run
-----------------------------------------  -----  ---------  --------  ----------  --------------  -------------------
/opt/airflow/dags/hospital_dw_pipeline.py    576  0.01s             1           0  0.26s           2026-08-09T08:22:16
================================================================================
[2026-08-09T08:23:16.769+0000] {manager.py:878} INFO - 
================================================================================
DAG File Processing Stats

File Path                                    PID  Runtime      # DAGs    # Errors  Last Runtime    Last Run
-----------------------------------------  -----  ---------  --------  ----------  --------------  -------------------
/opt/airflow/dags/hospital_dw_pipeline.py    581  0.01s             1           0  0.31s           2026-08-09T08:22:46
================================================================================
[2026-08-09T08:23:47.099+0000] {manager.py:878} INFO - 
================================================================================
DAG File Processing Stats

File Path                                    PID  Runtime      # DAGs    # Errors  Last Runtime    Last Run
-----------------------------------------  -----  ---------  --------  ----------  --------------  -------------------
/opt/airflow/dags/hospital_dw_pipeline.py    586  0.01s             1           0  0.24s           2026-08-09T08:23:17
================================================================================
[2026-08-09T08:24:17.442+0000] {manager.py:878} INFO - 
================================================================================
DAG File Processing Stats

File Path                                    PID  Runtime      # DAGs    # Errors  Last Runtime    Last Run
-----------------------------------------  -----  ---------  --------  ----------  --------------  -------------------
/opt/airflow/dags/hospital_dw_pipeline.py    591  0.01s             1           0  0.21s           2026-08-09T08:23:47
================================================================================
[2026-08-09T08:24:27.590+0000] {manager.py:737} INFO - Searching for files in /opt/airflow/dags
[2026-08-09T08:24:27.640+0000] {manager.py:740} INFO - There are 1 files in /opt/airflow/dags
[2026-08-09T08:24:47.825+0000] {manager.py:878} INFO - 
================================================================================
DAG File Processing Stats

File Path                                    PID  Runtime      # DAGs    # Errors  Last Runtime    Last Run
-----------------------------------------  -----  ---------  --------  ----------  --------------  -------------------
/opt/airflow/dags/hospital_dw_pipeline.py    596  0.00s             1           0  0.22s           2026-08-09T08:24:17
================================================================================
[2026-08-09T08:25:18.128+0000] {manager.py:878} INFO - 
================================================================================
DAG File Processing Stats

File Path                                    PID  Runtime      # DAGs    # Errors  Last Runtime    Last Run
-----------------------------------------  -----  ---------  --------  ----------  --------------  -------------------
/opt/airflow/dags/hospital_dw_pipeline.py    601  0.01s             1           0  0.19s           2026-08-09T08:24:48
================================================================================
[2026-08-09T08:25:48.473+0000] {manager.py:878} INFO - 
================================================================================
DAG File Processing Stats

File Path                                    PID  Runtime      # DAGs    # Errors  Last Runtime    Last Run
-----------------------------------------  -----  ---------  --------  ----------  --------------  -------------------
/opt/airflow/dags/hospital_dw_pipeline.py    606  0.01s             1           0  0.17s           2026-08-09T08:25:18
================================================================================
[2026-08-09T08:26:18.772+0000] {manager.py:878} INFO - 
================================================================================
DAG File Processing Stats

File Path                                    PID  Runtime      # DAGs    # Errors  Last Runtime    Last Run
-----------------------------------------  -----  ---------  --------  ----------  --------------  -------------------
/opt/airflow/dags/hospital_dw_pipeline.py    611  0.01s             1           0  0.21s           2026-08-09T08:25:48
================================================================================
[2026-08-09T08:26:49.109+0000] {manager.py:878} INFO - 
================================================================================
DAG File Processing Stats

File Path                                    PID  Runtime      # DAGs    # Errors  Last Runtime    Last Run
-----------------------------------------  -----  ---------  --------  ----------  --------------  -------------------
/opt/airflow/dags/hospital_dw_pipeline.py    616  0.01s             1           0  0.23s           2026-08-09T08:26:18
================================================================================
[2026-08-09T08:27:19.449+0000] {manager.py:878} INFO - 
================================================================================
DAG File Processing Stats

File Path                                    PID  Runtime      # DAGs    # Errors  Last Runtime    Last Run
-----------------------------------------  -----  ---------  --------  ----------  --------------  -------------------
/opt/airflow/dags/hospital_dw_pipeline.py    621  0.00s             1           0  0.20s           2026-08-09T08:26:49
================================================================================
[2026-08-09T08:27:49.803+0000] {manager.py:878} INFO - 
================================================================================
DAG File Processing Stats

File Path                                    PID  Runtime      # DAGs    # Errors  Last Runtime    Last Run
-----------------------------------------  -----  ---------  --------  ----------  --------------  -------------------
/opt/airflow/dags/hospital_dw_pipeline.py    626  0.01s             1           0  0.17s           2026-08-09T08:27:19
================================================================================
[2026-08-09T08:28:20.072+0000] {manager.py:878} INFO - 
================================================================================
DAG File Processing Stats

File Path                                    PID  Runtime      # DAGs    # Errors  Last Runtime    Last Run
-----------------------------------------  -----  ---------  --------  ----------  --------------  -------------------
/opt/airflow/dags/hospital_dw_pipeline.py    631  0.01s             1           0  0.21s           2026-08-09T08:27:50
================================================================================
[2026-08-09T08:28:50.468+0000] {manager.py:878} INFO - 
================================================================================
DAG File Processing Stats

File Path                                    PID  Runtime      # DAGs    # Errors  Last Runtime    Last Run
-----------------------------------------  -----  ---------  --------  ----------  --------------  -------------------
/opt/airflow/dags/hospital_dw_pipeline.py    636  0.00s             1           0  0.20s           2026-08-09T08:28:20
================================================================================
[2026-08-09T08:29:20.689+0000] {manager.py:878} INFO - 
================================================================================
DAG File Processing Stats

File Path                                  PID    Runtime      # DAGs    # Errors  Last Runtime    Last Run
-----------------------------------------  -----  ---------  --------  ----------  --------------  -------------------
/opt/airflow/dags/hospital_dw_pipeline.py                           1           0  0.24s           2026-08-09T08:28:50
================================================================================
[2026-08-09T08:29:28.005+0000] {manager.py:737} INFO - Searching for files in /opt/airflow/dags
[2026-08-09T08:29:28.076+0000] {manager.py:740} INFO - There are 1 files in /opt/airflow/dags
[2026-08-09T08:29:51.339+0000] {manager.py:878} INFO - 
================================================================================
DAG File Processing Stats

File Path                                    PID  Runtime      # DAGs    # Errors  Last Runtime    Last Run
-----------------------------------------  -----  ---------  --------  ----------  --------------  -------------------
/opt/airflow/dags/hospital_dw_pipeline.py    646  0.01s             1           0  0.22s           2026-08-09T08:29:21
================================================================================
[2026-08-09T08:30:21.607+0000] {manager.py:878} INFO - 
================================================================================
DAG File Processing Stats

File Path                                    PID  Runtime      # DAGs    # Errors  Last Runtime    Last Run
-----------------------------------------  -----  ---------  --------  ----------  --------------  -------------------
/opt/airflow/dags/hospital_dw_pipeline.py    652  0.00s             1           0  0.26s           2026-08-09T08:29:51
================================================================================
[2026-08-09T08:30:51.973+0000] {manager.py:878} INFO - 
================================================================================
DAG File Processing Stats

File Path                                    PID  Runtime      # DAGs    # Errors  Last Runtime    Last Run
-----------------------------------------  -----  ---------  --------  ----------  --------------  -------------------
/opt/airflow/dags/hospital_dw_pipeline.py    659  0.01s             1           0  0.31s           2026-08-09T08:30:21
================================================================================
[2026-08-09T08:31:22.226+0000] {manager.py:878} INFO - 
================================================================================
DAG File Processing Stats

File Path                                  PID    Runtime      # DAGs    # Errors  Last Runtime    Last Run
-----------------------------------------  -----  ---------  --------  ----------  --------------  -------------------
/opt/airflow/dags/hospital_dw_pipeline.py                           1           0  0.31s           2026-08-09T08:30:52
================================================================================
[2026-08-09T08:31:52.336+0000] {manager.py:878} INFO - 
================================================================================
DAG File Processing Stats

File Path                                  PID    Runtime      # DAGs    # Errors  Last Runtime    Last Run
-----------------------------------------  -----  ---------  --------  ----------  --------------  -------------------
/opt/airflow/dags/hospital_dw_pipeline.py                           1           0  1.68s           2026-08-09T08:31:24
================================================================================
[2026-08-09T08:32:22.535+0000] {manager.py:878} INFO - 
================================================================================
DAG File Processing Stats

File Path                                  PID    Runtime      # DAGs    # Errors  Last Runtime    Last Run
-----------------------------------------  -----  ---------  --------  ----------  --------------  -------------------
/opt/airflow/dags/hospital_dw_pipeline.py                           1           0  0.18s           2026-08-09T08:31:54
================================================================================
[2026-08-09T08:32:52.925+0000] {manager.py:878} INFO - 
================================================================================
DAG File Processing Stats

File Path                                  PID    Runtime      # DAGs    # Errors  Last Runtime    Last Run
-----------------------------------------  -----  ---------  --------  ----------  --------------  -------------------
/opt/airflow/dags/hospital_dw_pipeline.py                           1           0  0.19s           2026-08-09T08:32:24
================================================================================
[2026-08-09T08:33:23.203+0000] {manager.py:878} INFO - 
================================================================================
DAG File Processing Stats

File Path                                  PID    Runtime      # DAGs    # Errors  Last Runtime    Last Run
-----------------------------------------  -----  ---------  --------  ----------  --------------  -------------------
/opt/airflow/dags/hospital_dw_pipeline.py                           1           0  0.25s           2026-08-09T08:32:55
================================================================================
[2026-08-09T08:33:53.598+0000] {manager.py:878} INFO - 
================================================================================
DAG File Processing Stats

File Path                                  PID    Runtime      # DAGs    # Errors  Last Runtime    Last Run
-----------------------------------------  -----  ---------  --------  ----------  --------------  -------------------
/opt/airflow/dags/hospital_dw_pipeline.py                           1           0  0.18s           2026-08-09T08:33:25
================================================================================
[2026-08-09T08:34:23.815+0000] {manager.py:878} INFO - 
================================================================================
DAG File Processing Stats

File Path                                  PID    Runtime      # DAGs    # Errors  Last Runtime    Last Run
-----------------------------------------  -----  ---------  --------  ----------  --------------  -------------------
/opt/airflow/dags/hospital_dw_pipeline.py                           1           0  0.21s           2026-08-09T08:33:55
================================================================================
[2026-08-09T08:34:28.066+0000] {manager.py:737} INFO - Searching for files in /opt/airflow/dags
[2026-08-09T08:34:28.102+0000] {manager.py:740} INFO - There are 1 files in /opt/airflow/dags
[2026-08-09T08:34:54.328+0000] {manager.py:878} INFO - 
================================================================================
DAG File Processing Stats

File Path                                  PID    Runtime      # DAGs    # Errors  Last Runtime    Last Run
-----------------------------------------  -----  ---------  --------  ----------  --------------  -------------------
/opt/airflow/dags/hospital_dw_pipeline.py                           1           0  0.17s           2026-08-09T08:34:26
================================================================================
[2026-08-09T08:35:24.624+0000] {manager.py:878} INFO - 
================================================================================
DAG File Processing Stats

File Path                                  PID    Runtime      # DAGs    # Errors  Last Runtime    Last Run
-----------------------------------------  -----  ---------  --------  ----------  --------------  -------------------
/opt/airflow/dags/hospital_dw_pipeline.py                           1           0  0.16s           2026-08-09T08:34:56
================================================================================
[2026-08-09T08:35:54.934+0000] {manager.py:878} INFO - 
================================================================================
DAG File Processing Stats

File Path                                  PID    Runtime      # DAGs    # Errors  Last Runtime    Last Run
-----------------------------------------  -----  ---------  --------  ----------  --------------  -------------------
/opt/airflow/dags/hospital_dw_pipeline.py                           1           0  0.23s           2026-08-09T08:35:26
================================================================================
[2026-08-09T08:36:25.301+0000] {manager.py:878} INFO - 
================================================================================
DAG File Processing Stats

File Path                                  PID    Runtime      # DAGs    # Errors  Last Runtime    Last Run
-----------------------------------------  -----  ---------  --------  ----------  --------------  -------------------
/opt/airflow/dags/hospital_dw_pipeline.py                           1           0  0.17s           2026-08-09T08:35:57
================================================================================
[2026-08-09T08:36:55.478+0000] {manager.py:878} INFO - 
================================================================================
DAG File Processing Stats

File Path                                  PID    Runtime      # DAGs    # Errors  Last Runtime    Last Run
-----------------------------------------  -----  ---------  --------  ----------  --------------  -------------------
/opt/airflow/dags/hospital_dw_pipeline.py                           1           0  0.32s           2026-08-09T08:36:27
================================================================================
[2026-08-09T08:37:25.956+0000] {manager.py:878} INFO - 
================================================================================
DAG File Processing Stats

File Path                                  PID    Runtime      # DAGs    # Errors  Last Runtime    Last Run
-----------------------------------------  -----  ---------  --------  ----------  --------------  -------------------
/opt/airflow/dags/hospital_dw_pipeline.py                           1           0  0.19s           2026-08-09T08:36:57
================================================================================
[2026-08-09T08:37:56.351+0000] {manager.py:878} INFO - 
================================================================================
DAG File Processing Stats

File Path                                  PID    Runtime      # DAGs    # Errors  Last Runtime    Last Run
-----------------------------------------  -----  ---------  --------  ----------  --------------  -------------------
/opt/airflow/dags/hospital_dw_pipeline.py                           1           0  0.24s           2026-08-09T08:37:28
================================================================================
[2026-08-09T08:38:26.842+0000] {manager.py:878} INFO - 
================================================================================
DAG File Processing Stats

File Path                                  PID    Runtime      # DAGs    # Errors  Last Runtime    Last Run
-----------------------------------------  -----  ---------  --------  ----------  --------------  -------------------
/opt/airflow/dags/hospital_dw_pipeline.py                           1           0  0.25s           2026-08-09T08:37:58
================================================================================
[2026-08-09T08:38:57.325+0000] {manager.py:878} INFO - 
================================================================================
DAG File Processing Stats

File Path                                  PID    Runtime      # DAGs    # Errors  Last Runtime    Last Run
-----------------------------------------  -----  ---------  --------  ----------  --------------  -------------------
/opt/airflow/dags/hospital_dw_pipeline.py                           1           0  0.21s           2026-08-09T08:38:29
================================================================================
[2026-08-09T08:39:27.757+0000] {manager.py:878} INFO - 
================================================================================
DAG File Processing Stats

File Path                                  PID    Runtime      # DAGs    # Errors  Last Runtime    Last Run
-----------------------------------------  -----  ---------  --------  ----------  --------------  -------------------
/opt/airflow/dags/hospital_dw_pipeline.py                           1           0  0.27s           2026-08-09T08:38:59
================================================================================
[2026-08-09T08:39:28.768+0000] {manager.py:737} INFO - Searching for files in /opt/airflow/dags
[2026-08-09T08:39:28.807+0000] {manager.py:740} INFO - There are 1 files in /opt/airflow/dags
[2026-08-09T08:39:58.062+0000] {manager.py:878} INFO - 
================================================================================
DAG File Processing Stats

File Path                                  PID    Runtime      # DAGs    # Errors  Last Runtime    Last Run
-----------------------------------------  -----  ---------  --------  ----------  --------------  -------------------
/opt/airflow/dags/hospital_dw_pipeline.py                           1           0  0.15s           2026-08-09T08:39:29
================================================================================
[2026-08-09T08:40:28.407+0000] {manager.py:878} INFO - 
================================================================================
DAG File Processing Stats

File Path                                  PID    Runtime      # DAGs    # Errors  Last Runtime    Last Run
-----------------------------------------  -----  ---------  --------  ----------  --------------  -------------------
/opt/airflow/dags/hospital_dw_pipeline.py                           1           0  0.22s           2026-08-09T08:40:00
================================================================================
[2026-08-09T08:40:58.786+0000] {manager.py:878} INFO - 
================================================================================
DAG File Processing Stats

File Path                                  PID    Runtime      # DAGs    # Errors  Last Runtime    Last Run
-----------------------------------------  -----  ---------  --------  ----------  --------------  -------------------
/opt/airflow/dags/hospital_dw_pipeline.py                           1           0  0.15s           2026-08-09T08:40:30
================================================================================
[2026-08-09T08:41:29.028+0000] {manager.py:878} INFO - 
================================================================================
DAG File Processing Stats

File Path                                  PID    Runtime      # DAGs    # Errors  Last Runtime    Last Run
-----------------------------------------  -----  ---------  --------  ----------  --------------  -------------------
/opt/airflow/dags/hospital_dw_pipeline.py                           1           0  0.14s           2026-08-09T08:41:00
================================================================================
[2026-08-09T08:41:59.406+0000] {manager.py:878} INFO - 
================================================================================
DAG File Processing Stats

File Path                                  PID    Runtime      # DAGs    # Errors  Last Runtime    Last Run
-----------------------------------------  -----  ---------  --------  ----------  --------------  -------------------
/opt/airflow/dags/hospital_dw_pipeline.py                           1           0  0.23s           2026-08-09T08:41:31
================================================================================
[2026-08-09T08:42:29.726+0000] {manager.py:878} INFO - 
================================================================================
DAG File Processing Stats

File Path                                  PID    Runtime      # DAGs    # Errors  Last Runtime    Last Run
-----------------------------------------  -----  ---------  --------  ----------  --------------  -------------------
/opt/airflow/dags/hospital_dw_pipeline.py                           1           0  0.16s           2026-08-09T08:42:01
================================================================================
[2026-08-09T08:42:59.993+0000] {manager.py:878} INFO - 
================================================================================
DAG File Processing Stats

File Path                                  PID    Runtime      # DAGs    # Errors  Last Runtime    Last Run
-----------------------------------------  -----  ---------  --------  ----------  --------------  -------------------
/opt/airflow/dags/hospital_dw_pipeline.py                           1           0  0.15s           2026-08-09T08:42:31
================================================================================
[2026-08-09T08:43:30.332+0000] {manager.py:878} INFO - 
================================================================================
DAG File Processing Stats

File Path                                  PID    Runtime      # DAGs    # Errors  Last Runtime    Last Run
-----------------------------------------  -----  ---------  --------  ----------  --------------  -------------------
/opt/airflow/dags/hospital_dw_pipeline.py                           1           0  0.29s           2026-08-09T08:43:02
================================================================================
[2026-08-09T08:44:00.754+0000] {manager.py:878} INFO - 
================================================================================
DAG File Processing Stats

File Path                                  PID    Runtime      # DAGs    # Errors  Last Runtime    Last Run
-----------------------------------------  -----  ---------  --------  ----------  --------------  -------------------
/opt/airflow/dags/hospital_dw_pipeline.py                           1           0  0.20s           2026-08-09T08:43:32
================================================================================
[2026-08-09T08:44:28.993+0000] {manager.py:737} INFO - Searching for files in /opt/airflow/dags
[2026-08-09T08:44:29.037+0000] {manager.py:740} INFO - There are 1 files in /opt/airflow/dags
[2026-08-09T08:44:31.069+0000] {manager.py:878} INFO - 
================================================================================
DAG File Processing Stats

File Path                                  PID    Runtime      # DAGs    # Errors  Last Runtime    Last Run
-----------------------------------------  -----  ---------  --------  ----------  --------------  -------------------
/opt/airflow/dags/hospital_dw_pipeline.py                           1           0  0.19s           2026-08-09T08:44:02
================================================================================
[2026-08-09T08:45:01.411+0000] {manager.py:878} INFO - 
================================================================================
DAG File Processing Stats

File Path                                  PID    Runtime      # DAGs    # Errors  Last Runtime    Last Run
-----------------------------------------  -----  ---------  --------  ----------  --------------  -------------------
/opt/airflow/dags/hospital_dw_pipeline.py                           1           0  0.16s           2026-08-09T08:44:33
================================================================================
[2026-08-09T08:45:31.696+0000] {manager.py:878} INFO - 
================================================================================
DAG File Processing Stats

File Path                                  PID    Runtime      # DAGs    # Errors  Last Runtime    Last Run
-----------------------------------------  -----  ---------  --------  ----------  --------------  -------------------
/opt/airflow/dags/hospital_dw_pipeline.py                           1           0  0.28s           2026-08-09T08:45:03
================================================================================
[2026-08-09T08:46:02.177+0000] {manager.py:878} INFO - 
================================================================================
DAG File Processing Stats

File Path                                  PID    Runtime      # DAGs    # Errors  Last Runtime    Last Run
-----------------------------------------  -----  ---------  --------  ----------  --------------  -------------------
/opt/airflow/dags/hospital_dw_pipeline.py                           1           0  0.21s           2026-08-09T08:45:34
================================================================================
[2026-08-09T08:46:32.625+0000] {manager.py:878} INFO - 
================================================================================
DAG File Processing Stats

File Path                                  PID    Runtime      # DAGs    # Errors  Last Runtime    Last Run
-----------------------------------------  -----  ---------  --------  ----------  --------------  -------------------
/opt/airflow/dags/hospital_dw_pipeline.py                           1           0  1.04s           2026-08-09T08:46:05
================================================================================
[2026-08-09T08:47:02.891+0000] {manager.py:878} INFO - 
================================================================================
DAG File Processing Stats

File Path                                  PID    Runtime      # DAGs    # Errors  Last Runtime    Last Run
-----------------------------------------  -----  ---------  --------  ----------  --------------  -------------------
/opt/airflow/dags/hospital_dw_pipeline.py                           1           0  0.21s           2026-08-09T08:46:35
================================================================================
[2026-08-09T08:47:33.281+0000] {manager.py:878} INFO - 
================================================================================
DAG File Processing Stats

File Path                                  PID    Runtime      # DAGs    # Errors  Last Runtime    Last Run
-----------------------------------------  -----  ---------  --------  ----------  --------------  -------------------
/opt/airflow/dags/hospital_dw_pipeline.py                           1           0  0.18s           2026-08-09T08:47:06
================================================================================
[2026-08-09T08:48:03.541+0000] {manager.py:878} INFO - 
================================================================================
DAG File Processing Stats

File Path                                  PID    Runtime      # DAGs    # Errors  Last Runtime    Last Run
-----------------------------------------  -----  ---------  --------  ----------  --------------  -------------------
/opt/airflow/dags/hospital_dw_pipeline.py                           1           0  0.25s           2026-08-09T08:47:36
================================================================================
[2026-08-09T08:48:33.993+0000] {manager.py:878} INFO - 
================================================================================
DAG File Processing Stats

File Path                                  PID    Runtime      # DAGs    # Errors  Last Runtime    Last Run
-----------------------------------------  -----  ---------  --------  ----------  --------------  -------------------
/opt/airflow/dags/hospital_dw_pipeline.py                           1           0  0.16s           2026-08-09T08:48:06
================================================================================
[2026-08-09T08:49:04.338+0000] {manager.py:878} INFO - 
================================================================================
DAG File Processing Stats

File Path                                  PID    Runtime      # DAGs    # Errors  Last Runtime    Last Run
-----------------------------------------  -----  ---------  --------  ----------  --------------  -------------------
/opt/airflow/dags/hospital_dw_pipeline.py                           1           0  0.18s           2026-08-09T08:48:37
================================================================================
[2026-08-09T08:49:29.580+0000] {manager.py:737} INFO - Searching for files in /opt/airflow/dags
[2026-08-09T08:49:29.622+0000] {manager.py:740} INFO - There are 1 files in /opt/airflow/dags
[2026-08-09T08:49:34.683+0000] {manager.py:878} INFO - 
================================================================================
DAG File Processing Stats

File Path                                  PID    Runtime      # DAGs    # Errors  Last Runtime    Last Run
-----------------------------------------  -----  ---------  --------  ----------  --------------  -------------------
/opt/airflow/dags/hospital_dw_pipeline.py                           1           0  0.28s           2026-08-09T08:49:07
================================================================================
[2026-08-09T08:50:05.112+0000] {manager.py:878} INFO - 
================================================================================
DAG File Processing Stats

File Path                                  PID    Runtime      # DAGs    # Errors  Last Runtime    Last Run
-----------------------------------------  -----  ---------  --------  ----------  --------------  -------------------
/opt/airflow/dags/hospital_dw_pipeline.py                           1           0  0.22s           2026-08-09T08:49:37
================================================================================
[2026-08-09T08:50:35.358+0000] {manager.py:878} INFO - 
================================================================================
DAG File Processing Stats

File Path                                  PID    Runtime      # DAGs    # Errors  Last Runtime    Last Run
-----------------------------------------  -----  ---------  --------  ----------  --------------  -------------------
/opt/airflow/dags/hospital_dw_pipeline.py                           1           0  0.17s           2026-08-09T08:50:08
================================================================================
[2026-08-09T08:51:05.747+0000] {manager.py:878} INFO - 
================================================================================
DAG File Processing Stats

File Path                                  PID    Runtime      # DAGs    # Errors  Last Runtime    Last Run
-----------------------------------------  -----  ---------  --------  ----------  --------------  -------------------
/opt/airflow/dags/hospital_dw_pipeline.py                           1           0  0.21s           2026-08-09T08:50:38
================================================================================
[2026-08-09T08:51:35.985+0000] {manager.py:878} INFO - 
================================================================================
DAG File Processing Stats

File Path                                  PID    Runtime      # DAGs    # Errors  Last Runtime    Last Run
-----------------------------------------  -----  ---------  --------  ----------  --------------  -------------------
/opt/airflow/dags/hospital_dw_pipeline.py                           1           0  0.20s           2026-08-09T08:51:08
================================================================================
[2026-08-09T08:52:06.406+0000] {manager.py:878} INFO - 
================================================================================
DAG File Processing Stats

File Path                                  PID    Runtime      # DAGs    # Errors  Last Runtime    Last Run
-----------------------------------------  -----  ---------  --------  ----------  --------------  -------------------
/opt/airflow/dags/hospital_dw_pipeline.py                           1           0  0.31s           2026-08-09T08:51:39
================================================================================
[2026-08-09T08:52:36.757+0000] {manager.py:878} INFO - 
================================================================================
DAG File Processing Stats

File Path                                  PID    Runtime      # DAGs    # Errors  Last Runtime    Last Run
-----------------------------------------  -----  ---------  --------  ----------  --------------  -------------------
/opt/airflow/dags/hospital_dw_pipeline.py                           1           0  0.15s           2026-08-09T08:52:09
================================================================================
[2026-08-09T08:53:07.067+0000] {manager.py:878} INFO - 
================================================================================
DAG File Processing Stats

File Path                                  PID    Runtime      # DAGs    # Errors  Last Runtime    Last Run
-----------------------------------------  -----  ---------  --------  ----------  --------------  -------------------
/opt/airflow/dags/hospital_dw_pipeline.py                           1           0  0.24s           2026-08-09T08:52:40
================================================================================
[2026-08-09T08:53:37.480+0000] {manager.py:878} INFO - 
================================================================================
DAG File Processing Stats

File Path                                  PID    Runtime      # DAGs    # Errors  Last Runtime    Last Run
-----------------------------------------  -----  ---------  --------  ----------  --------------  -------------------
/opt/airflow/dags/hospital_dw_pipeline.py                           1           0  0.30s           2026-08-09T08:53:10
================================================================================
[2026-08-09T08:54:07.821+0000] {manager.py:878} INFO - 
================================================================================
DAG File Processing Stats

File Path                                  PID    Runtime      # DAGs    # Errors  Last Runtime    Last Run
-----------------------------------------  -----  ---------  --------  ----------  --------------  -------------------
/opt/airflow/dags/hospital_dw_pipeline.py                           1           0  0.28s           2026-08-09T08:53:40
================================================================================
[2026-08-09T08:54:30.007+0000] {manager.py:737} INFO - Searching for files in /opt/airflow/dags
[2026-08-09T08:54:30.065+0000] {manager.py:740} INFO - There are 1 files in /opt/airflow/dags
[2026-08-09T08:54:38.164+0000] {manager.py:878} INFO - 
================================================================================
DAG File Processing Stats

File Path                                  PID    Runtime      # DAGs    # Errors  Last Runtime    Last Run
-----------------------------------------  -----  ---------  --------  ----------  --------------  -------------------
/opt/airflow/dags/hospital_dw_pipeline.py                           1           0  0.17s           2026-08-09T08:54:11
================================================================================
[2026-08-09T08:55:08.447+0000] {manager.py:878} INFO - 
================================================================================
DAG File Processing Stats

File Path                                  PID    Runtime      # DAGs    # Errors  Last Runtime    Last Run
-----------------------------------------  -----  ---------  --------  ----------  --------------  -------------------
/opt/airflow/dags/hospital_dw_pipeline.py                           1           0  0.25s           2026-08-09T08:54:41
================================================================================
[2026-08-09T08:55:38.917+0000] {manager.py:878} INFO - 
================================================================================
DAG File Processing Stats

File Path                                  PID    Runtime      # DAGs    # Errors  Last Runtime    Last Run
-----------------------------------------  -----  ---------  --------  ----------  --------------  -------------------
/opt/airflow/dags/hospital_dw_pipeline.py                           1           0  0.27s           2026-08-09T08:55:11
================================================================================
[2026-08-09T08:56:09.171+0000] {manager.py:878} INFO - 
================================================================================
DAG File Processing Stats

File Path                                  PID    Runtime      # DAGs    # Errors  Last Runtime    Last Run
-----------------------------------------  -----  ---------  --------  ----------  --------------  -------------------
/opt/airflow/dags/hospital_dw_pipeline.py                           1           0  0.26s           2026-08-09T08:55:42
================================================================================
[2026-08-09T08:56:39.676+0000] {manager.py:878} INFO - 
================================================================================
DAG File Processing Stats

File Path                                  PID    Runtime      # DAGs    # Errors  Last Runtime    Last Run
-----------------------------------------  -----  ---------  --------  ----------  --------------  -------------------
/opt/airflow/dags/hospital_dw_pipeline.py                           1           0  0.23s           2026-08-09T08:56:12
================================================================================
[2026-08-09T08:57:10.097+0000] {manager.py:878} INFO - 
================================================================================
DAG File Processing Stats

File Path                                  PID    Runtime      # DAGs    # Errors  Last Runtime    Last Run
-----------------------------------------  -----  ---------  --------  ----------  --------------  -------------------
/opt/airflow/dags/hospital_dw_pipeline.py                           1           0  0.26s           2026-08-09T08:56:42
================================================================================
[2026-08-09T08:57:40.386+0000] {manager.py:878} INFO - 
================================================================================
DAG File Processing Stats

File Path                                  PID    Runtime      # DAGs    # Errors  Last Runtime    Last Run
-----------------------------------------  -----  ---------  --------  ----------  --------------  -------------------
/opt/airflow/dags/hospital_dw_pipeline.py                           1           0  0.24s           2026-08-09T08:57:13
================================================================================
