[0m08:15:01.773247 [debug] [MainThread]: Sending event: {'category': 'dbt', 'action': 'invocation', 'label': 'start', 'context': [<snowplow_tracker.self_describing_json.SelfDescribingJson object at 0x70966a9c0c50>, <snowplow_tracker.self_describing_json.SelfDescribingJson object at 0x70966a9c0c90>, <snowplow_tracker.self_describing_json.SelfDescribingJson object at 0x70966a9c0e10>]}


============================== 08:15:01.780410 | fe62ca31-3012-4ba0-928d-c7f5c38d10ec ==============================
[0m08:15:01.780410 [info ] [MainThread]: Running with dbt=1.7.13
[0m08:15:01.781911 [debug] [MainThread]: running dbt with arguments {'printer_width': '80', 'indirect_selection': 'eager', 'log_cache_events': 'False', 'write_json': 'True', 'partial_parse': 'True', 'cache_selected_only': 'False', 'profiles_dir': '/usr/app/dbt', 'fail_fast': 'False', 'debug': 'False', 'log_path': 'logs', 'warn_error': 'None', 'version_check': 'True', 'use_colors': 'True', 'use_experimental_parser': 'False', 'no_print': 'None', 'quiet': 'False', 'log_format': 'default', 'introspect': 'True', 'static_parser': 'True', 'invocation_command': 'dbt debug --profiles-dir /usr/app/dbt --project-dir /usr/app/dbt', 'target_path': 'None', 'warn_error_options': 'WarnErrorOptions(include=[], exclude=[])', 'send_anonymous_usage_stats': 'True'}
[0m08:15:01.783720 [info ] [MainThread]: dbt version: 1.7.13
[0m08:15:01.784862 [info ] [MainThread]: python version: 3.11.2
[0m08:15:01.786245 [info ] [MainThread]: python path: /usr/local/bin/python
[0m08:15:01.787555 [info ] [MainThread]: os info: Linux-6.18.33.2-microsoft-standard-WSL2-x86_64-with-glibc2.31
[0m08:15:01.789712 [info ] [MainThread]: Using profiles dir at /usr/app/dbt
[0m08:15:01.793226 [info ] [MainThread]: Using profiles.yml file at /usr/app/dbt/profiles.yml
[0m08:15:01.794990 [info ] [MainThread]: Using dbt_project.yml file at /usr/app/dbt/dbt_project.yml
[0m08:15:01.797055 [info ] [MainThread]: Configuration:
[0m08:15:01.798738 [info ] [MainThread]:   profiles.yml file [[31mERROR not found[0m]
[0m08:15:01.799834 [info ] [MainThread]:   dbt_project.yml file [[31mERROR not found[0m]
[0m08:15:01.800976 [info ] [MainThread]: Required dependencies:
[0m08:15:01.802188 [debug] [MainThread]: Executing "git --help"
[0m08:15:01.810385 [debug] [MainThread]: STDOUT: "b"usage: git [--version] [--help] [-C <path>] [-c <name>=<value>]\n           [--exec-path[=<path>]] [--html-path] [--man-path] [--info-path]\n           [-p | --paginate | -P | --no-pager] [--no-replace-objects] [--bare]\n           [--git-dir=<path>] [--work-tree=<path>] [--namespace=<name>]\n           <command> [<args>]\n\nThese are common Git commands used in various situations:\n\nstart a working area (see also: git help tutorial)\n   clone             Clone a repository into a new directory\n   init              Create an empty Git repository or reinitialize an existing one\n\nwork on the current change (see also: git help everyday)\n   add               Add file contents to the index\n   mv                Move or rename a file, a directory, or a symlink\n   restore           Restore working tree files\n   rm                Remove files from the working tree and from the index\n   sparse-checkout   Initialize and modify the sparse-checkout\n\nexamine the history and state (see also: git help revisions)\n   bisect            Use binary search to find the commit that introduced a bug\n   diff              Show changes between commits, commit and working tree, etc\n   grep              Print lines matching a pattern\n   log               Show commit logs\n   show              Show various types of objects\n   status            Show the working tree status\n\ngrow, mark and tweak your common history\n   branch            List, create, or delete branches\n   commit            Record changes to the repository\n   merge             Join two or more development histories together\n   rebase            Reapply commits on top of another base tip\n   reset             Reset current HEAD to the specified state\n   switch            Switch branches\n   tag               Create, list, delete or verify a tag object signed with GPG\n\ncollaborate (see also: git help workflows)\n   fetch             Download objects and refs from another repository\n   pull              Fetch from and integrate with another repository or a local branch\n   push              Update remote refs along with associated objects\n\n'git help -a' and 'git help -g' list available subcommands and some\nconcept guides. See 'git help <command>' or 'git help <concept>'\nto read about a specific subcommand or concept.\nSee 'git help git' for an overview of the system.\n""
[0m08:15:01.813011 [debug] [MainThread]: STDERR: "b''"
[0m08:15:01.814087 [info ] [MainThread]:  - git [[32mOK found[0m]

[0m08:15:01.815221 [info ] [MainThread]: Connection test skipped since no profile was found
[0m08:15:01.816274 [info ] [MainThread]: [31m2 checks failed:[0m
[0m08:15:01.817197 [info ] [MainThread]: dbt looked for a profiles.yml file in /usr/app/dbt/profiles.yml, but did
not find one. For more information on configuring your profile, consult the
documentation:

https://docs.getdbt.com/docs/configure-your-profile


[0m08:15:01.818150 [info ] [MainThread]: Project loading failed for the following reason:
 project path </usr/app/dbt/dbt_project.yml> not found

[0m08:15:01.820097 [debug] [MainThread]: Resource report: {"command_name": "debug", "command_wall_clock_time": 0.05740757, "process_user_time": 1.039831, "process_kernel_time": 0.072266, "process_mem_max_rss": "92188", "process_in_blocks": "96", "process_out_blocks": "56", "command_success": false}
[0m08:15:01.821301 [debug] [MainThread]: Command `dbt debug` failed at 08:15:01.821203 after 0.06 seconds
[0m08:15:01.822807 [debug] [MainThread]: Sending event: {'category': 'dbt', 'action': 'invocation', 'label': 'end', 'context': [<snowplow_tracker.self_describing_json.SelfDescribingJson object at 0x70966a9def10>, <snowplow_tracker.self_describing_json.SelfDescribingJson object at 0x70966a9df410>, <snowplow_tracker.self_describing_json.SelfDescribingJson object at 0x70966e951090>]}
[0m08:15:01.824073 [debug] [MainThread]: Flushing usage events
[0m08:17:04.301357 [debug] [MainThread]: Sending event: {'category': 'dbt', 'action': 'invocation', 'label': 'start', 'context': [<snowplow_tracker.self_describing_json.SelfDescribingJson object at 0x7515ecda2350>, <snowplow_tracker.self_describing_json.SelfDescribingJson object at 0x7515ed38c190>, <snowplow_tracker.self_describing_json.SelfDescribingJson object at 0x7515ecf56b90>]}


============================== 08:17:04.305176 | e7bd11bb-7505-4c9f-b323-7fc2413ebfdb ==============================
[0m08:17:04.305176 [info ] [MainThread]: Running with dbt=1.7.13
[0m08:17:04.307006 [debug] [MainThread]: running dbt with arguments {'printer_width': '80', 'indirect_selection': 'eager', 'write_json': 'True', 'log_cache_events': 'False', 'partial_parse': 'True', 'cache_selected_only': 'False', 'profiles_dir': '/usr/app/dbt', 'debug': 'False', 'warn_error': 'None', 'log_path': '/usr/app/dbt/logs', 'version_check': 'True', 'fail_fast': 'False', 'use_colors': 'True', 'use_experimental_parser': 'False', 'no_print': 'None', 'quiet': 'False', 'warn_error_options': 'WarnErrorOptions(include=[], exclude=[])', 'invocation_command': 'dbt debug --profiles-dir /usr/app/dbt --project-dir /usr/app/dbt', 'static_parser': 'True', 'introspect': 'True', 'target_path': 'None', 'log_format': 'default', 'send_anonymous_usage_stats': 'True'}
[0m08:17:04.309601 [info ] [MainThread]: dbt version: 1.7.13
[0m08:17:04.311730 [info ] [MainThread]: python version: 3.11.2
[0m08:17:04.314082 [info ] [MainThread]: python path: /usr/local/bin/python
[0m08:17:04.315969 [info ] [MainThread]: os info: Linux-6.18.33.2-microsoft-standard-WSL2-x86_64-with-glibc2.31
[0m08:17:04.421659 [info ] [MainThread]: Using profiles dir at /usr/app/dbt
[0m08:17:04.423300 [info ] [MainThread]: Using profiles.yml file at /usr/app/dbt/profiles.yml
[0m08:17:04.424491 [info ] [MainThread]: Using dbt_project.yml file at /usr/app/dbt/dbt_project.yml
[0m08:17:04.426343 [info ] [MainThread]: adapter type: postgres
[0m08:17:04.427607 [info ] [MainThread]: adapter version: 1.7.13
[0m08:17:04.481907 [info ] [MainThread]: Configuration:
[0m08:17:04.484152 [info ] [MainThread]:   profiles.yml file [[32mOK found and valid[0m]
[0m08:17:04.485461 [info ] [MainThread]:   dbt_project.yml file [[32mOK found and valid[0m]
[0m08:17:04.487353 [info ] [MainThread]: Required dependencies:
[0m08:17:04.489457 [debug] [MainThread]: Executing "git --help"
[0m08:17:04.496211 [debug] [MainThread]: STDOUT: "b"usage: git [--version] [--help] [-C <path>] [-c <name>=<value>]\n           [--exec-path[=<path>]] [--html-path] [--man-path] [--info-path]\n           [-p | --paginate | -P | --no-pager] [--no-replace-objects] [--bare]\n           [--git-dir=<path>] [--work-tree=<path>] [--namespace=<name>]\n           <command> [<args>]\n\nThese are common Git commands used in various situations:\n\nstart a working area (see also: git help tutorial)\n   clone             Clone a repository into a new directory\n   init              Create an empty Git repository or reinitialize an existing one\n\nwork on the current change (see also: git help everyday)\n   add               Add file contents to the index\n   mv                Move or rename a file, a directory, or a symlink\n   restore           Restore working tree files\n   rm                Remove files from the working tree and from the index\n   sparse-checkout   Initialize and modify the sparse-checkout\n\nexamine the history and state (see also: git help revisions)\n   bisect            Use binary search to find the commit that introduced a bug\n   diff              Show changes between commits, commit and working tree, etc\n   grep              Print lines matching a pattern\n   log               Show commit logs\n   show              Show various types of objects\n   status            Show the working tree status\n\ngrow, mark and tweak your common history\n   branch            List, create, or delete branches\n   commit            Record changes to the repository\n   merge             Join two or more development histories together\n   rebase            Reapply commits on top of another base tip\n   reset             Reset current HEAD to the specified state\n   switch            Switch branches\n   tag               Create, list, delete or verify a tag object signed with GPG\n\ncollaborate (see also: git help workflows)\n   fetch             Download objects and refs from another repository\n   pull              Fetch from and integrate with another repository or a local branch\n   push              Update remote refs along with associated objects\n\n'git help -a' and 'git help -g' list available subcommands and some\nconcept guides. See 'git help <command>' or 'git help <concept>'\nto read about a specific subcommand or concept.\nSee 'git help git' for an overview of the system.\n""
[0m08:17:04.498382 [debug] [MainThread]: STDERR: "b''"
[0m08:17:04.500229 [info ] [MainThread]:  - git [[32mOK found[0m]

[0m08:17:04.502142 [info ] [MainThread]: Connection:
[0m08:17:04.504740 [info ] [MainThread]:   host: postgres
[0m08:17:04.506343 [info ] [MainThread]:   port: 5432
[0m08:17:04.508607 [info ] [MainThread]:   user: dwuser
[0m08:17:04.511464 [info ] [MainThread]:   database: hospital_dw
[0m08:17:04.513838 [info ] [MainThread]:   schema: public
[0m08:17:04.515685 [info ] [MainThread]:   connect_timeout: 10
[0m08:17:04.520330 [info ] [MainThread]:   role: None
[0m08:17:04.522888 [info ] [MainThread]:   search_path: None
[0m08:17:04.525689 [info ] [MainThread]:   keepalives_idle: 0
[0m08:17:04.527576 [info ] [MainThread]:   sslmode: None
[0m08:17:04.529722 [info ] [MainThread]:   sslcert: None
[0m08:17:04.531865 [info ] [MainThread]:   sslkey: None
[0m08:17:04.533470 [info ] [MainThread]:   sslrootcert: None
[0m08:17:04.535780 [info ] [MainThread]:   application_name: dbt
[0m08:17:04.538382 [info ] [MainThread]:   retries: 1
[0m08:17:04.540584 [info ] [MainThread]: Registered adapter: postgres=1.7.13
[0m08:17:04.543375 [debug] [MainThread]: Acquiring new postgres connection 'debug'
[0m08:17:04.544962 [debug] [MainThread]: Using postgres connection "debug"
[0m08:17:04.546637 [debug] [MainThread]: On debug: select 1 as id
[0m08:17:04.548560 [debug] [MainThread]: Opening a new connection, currently in state init
[0m08:17:04.564571 [debug] [MainThread]: SQL status: SELECT 1 in 0.0 seconds
[0m08:17:04.566640 [debug] [MainThread]: On debug: Close
[0m08:17:04.568299 [info ] [MainThread]:   Connection test: [[32mOK connection ok[0m]

[0m08:17:04.569651 [info ] [MainThread]: [32mAll checks passed![0m
[0m08:17:04.571998 [debug] [MainThread]: Resource report: {"command_name": "debug", "command_success": true, "command_wall_clock_time": 0.31543007, "process_user_time": 1.353196, "process_kernel_time": 0.07652, "process_mem_max_rss": "99564", "process_in_blocks": "4", "process_out_blocks": "0"}
[0m08:17:04.573883 [debug] [MainThread]: Command `dbt debug` succeeded at 08:17:04.573721 after 0.32 seconds
[0m08:17:04.575417 [debug] [MainThread]: Connection 'debug' was properly closed.
[0m08:17:04.577120 [debug] [MainThread]: Sending event: {'category': 'dbt', 'action': 'invocation', 'label': 'end', 'context': [<snowplow_tracker.self_describing_json.SelfDescribingJson object at 0x7515ecdbfb90>, <snowplow_tracker.self_describing_json.SelfDescribingJson object at 0x7515ecdbff90>, <snowplow_tracker.self_describing_json.SelfDescribingJson object at 0x7515f0d50690>]}
[0m08:17:04.578868 [debug] [MainThread]: Flushing usage events
[0m08:18:20.744441 [debug] [MainThread]: Sending event: {'category': 'dbt', 'action': 'invocation', 'label': 'start', 'context': [<snowplow_tracker.self_describing_json.SelfDescribingJson object at 0x70f1e1ebf550>, <snowplow_tracker.self_describing_json.SelfDescribingJson object at 0x70f1e1ebe490>, <snowplow_tracker.self_describing_json.SelfDescribingJson object at 0x70f1e2512fd0>]}


============================== 08:18:20.746918 | a528d9bc-6efe-4b4c-835e-9b790153c4ee ==============================
[0m08:18:20.746918 [info ] [MainThread]: Running with dbt=1.7.13
[0m08:18:20.749119 [debug] [MainThread]: running dbt with arguments {'printer_width': '80', 'indirect_selection': 'eager', 'write_json': 'True', 'log_cache_events': 'False', 'partial_parse': 'True', 'cache_selected_only': 'False', 'profiles_dir': '/usr/app/dbt', 'version_check': 'True', 'fail_fast': 'False', 'log_path': '/usr/app/dbt/logs', 'debug': 'False', 'warn_error': 'None', 'use_colors': 'True', 'use_experimental_parser': 'False', 'no_print': 'None', 'quiet': 'False', 'warn_error_options': 'WarnErrorOptions(include=[], exclude=[])', 'introspect': 'True', 'invocation_command': 'dbt run --profiles-dir /usr/app/dbt --project-dir /usr/app/dbt', 'log_format': 'default', 'target_path': 'None', 'static_parser': 'True', 'send_anonymous_usage_stats': 'True'}
[0m08:18:20.879399 [debug] [MainThread]: Sending event: {'category': 'dbt', 'action': 'project_id', 'label': 'a528d9bc-6efe-4b4c-835e-9b790153c4ee', 'context': [<snowplow_tracker.self_describing_json.SelfDescribingJson object at 0x70f1e0832150>]}
[0m08:18:20.932723 [debug] [MainThread]: Sending event: {'category': 'dbt', 'action': 'adapter_info', 'label': 'a528d9bc-6efe-4b4c-835e-9b790153c4ee', 'context': [<snowplow_tracker.self_describing_json.SelfDescribingJson object at 0x70f1e0830210>]}
[0m08:18:20.935159 [info ] [MainThread]: Registered adapter: postgres=1.7.13
[0m08:18:20.942820 [debug] [MainThread]: checksum: 6c24e2ee36a42cedd7e5de2827d214776eb7a8e8f425f6d8acb06c31add0afef, vars: {}, profile: , target: , version: 1.7.13
[0m08:18:20.947301 [info ] [MainThread]: Unable to do partial parsing because saved manifest not found. Starting full parse.
[0m08:18:20.948856 [debug] [MainThread]: Sending event: {'category': 'dbt', 'action': 'partial_parser', 'label': 'a528d9bc-6efe-4b4c-835e-9b790153c4ee', 'context': [<snowplow_tracker.self_describing_json.SelfDescribingJson object at 0x70f1e06a8a50>]}
[0m08:18:21.713269 [error] [MainThread]: Encountered an error:
Compilation Error in model snapshot_dim_patient (models/snapshots/snapshot_dim_patient.sql)
  Encountered unknown tag 'snapshot'.
    line 1
      {% snapshot snapshot_dim_patient %}
[0m08:18:21.714881 [debug] [MainThread]: Resource report: {"command_name": "run", "command_wall_clock_time": 1.0104034, "process_user_time": 1.898002, "process_kernel_time": 0.084624, "process_mem_max_rss": "101852", "process_in_blocks": "11", "command_success": false, "process_out_blocks": "0"}
[0m08:18:21.716118 [debug] [MainThread]: Command `dbt run` failed at 08:18:21.716017 after 1.01 seconds
[0m08:18:21.717197 [debug] [MainThread]: Sending event: {'category': 'dbt', 'action': 'invocation', 'label': 'end', 'context': [<snowplow_tracker.self_describing_json.SelfDescribingJson object at 0x70f1e2064850>, <snowplow_tracker.self_describing_json.SelfDescribingJson object at 0x70f1e2066750>, <snowplow_tracker.self_describing_json.SelfDescribingJson object at 0x70f1e5e5f4d0>]}
[0m08:18:21.718069 [debug] [MainThread]: Flushing usage events
[0m08:20:27.556955 [debug] [MainThread]: Sending event: {'category': 'dbt', 'action': 'invocation', 'label': 'start', 'context': [<snowplow_tracker.self_describing_json.SelfDescribingJson object at 0x7235f7604ed0>, <snowplow_tracker.self_describing_json.SelfDescribingJson object at 0x7235f7604290>, <snowplow_tracker.self_describing_json.SelfDescribingJson object at 0x7235f7447990>]}


============================== 08:20:27.562805 | 9761aa97-de65-4394-aae1-305696ae96d6 ==============================
[0m08:20:27.562805 [info ] [MainThread]: Running with dbt=1.7.13
[0m08:20:27.566407 [debug] [MainThread]: running dbt with arguments {'printer_width': '80', 'indirect_selection': 'eager', 'log_cache_events': 'False', 'write_json': 'True', 'partial_parse': 'True', 'cache_selected_only': 'False', 'warn_error': 'None', 'fail_fast': 'False', 'debug': 'False', 'log_path': '/usr/app/dbt/logs', 'profiles_dir': '/usr/app/dbt', 'version_check': 'True', 'use_colors': 'True', 'use_experimental_parser': 'False', 'no_print': 'None', 'quiet': 'False', 'log_format': 'default', 'introspect': 'True', 'warn_error_options': 'WarnErrorOptions(include=[], exclude=[])', 'invocation_command': 'dbt run --profiles-dir /usr/app/dbt --project-dir /usr/app/dbt', 'target_path': 'None', 'static_parser': 'True', 'send_anonymous_usage_stats': 'True'}
[0m08:20:27.713083 [debug] [MainThread]: Sending event: {'category': 'dbt', 'action': 'project_id', 'label': '9761aa97-de65-4394-aae1-305696ae96d6', 'context': [<snowplow_tracker.self_describing_json.SelfDescribingJson object at 0x7235f5db8650>]}
[0m08:20:27.785419 [debug] [MainThread]: Sending event: {'category': 'dbt', 'action': 'adapter_info', 'label': '9761aa97-de65-4394-aae1-305696ae96d6', 'context': [<snowplow_tracker.self_describing_json.SelfDescribingJson object at 0x7235f5c91bd0>]}
[0m08:20:27.787492 [info ] [MainThread]: Registered adapter: postgres=1.7.13
[0m08:20:27.793860 [debug] [MainThread]: checksum: 6c24e2ee36a42cedd7e5de2827d214776eb7a8e8f425f6d8acb06c31add0afef, vars: {}, profile: , target: , version: 1.7.13
[0m08:20:27.796962 [info ] [MainThread]: Unable to do partial parsing because saved manifest not found. Starting full parse.
[0m08:20:27.798067 [debug] [MainThread]: Sending event: {'category': 'dbt', 'action': 'partial_parser', 'label': '9761aa97-de65-4394-aae1-305696ae96d6', 'context': [<snowplow_tracker.self_describing_json.SelfDescribingJson object at 0x7235f5d5ce50>]}
[0m08:20:28.669355 [debug] [MainThread]: Sending event: {'category': 'dbt', 'action': 'load_project', 'label': '9761aa97-de65-4394-aae1-305696ae96d6', 'context': [<snowplow_tracker.self_describing_json.SelfDescribingJson object at 0x7235ef142390>]}
[0m08:20:28.731421 [debug] [MainThread]: Sending event: {'category': 'dbt', 'action': 'resource_counts', 'label': '9761aa97-de65-4394-aae1-305696ae96d6', 'context': [<snowplow_tracker.self_describing_json.SelfDescribingJson object at 0x7235eef5bfd0>]}
[0m08:20:28.733788 [info ] [MainThread]: Found 7 models, 1 snapshot, 15 tests, 5 sources, 0 exposures, 0 metrics, 401 macros, 0 groups, 0 semantic models
[0m08:20:28.736352 [debug] [MainThread]: Sending event: {'category': 'dbt', 'action': 'runnable_timing', 'label': '9761aa97-de65-4394-aae1-305696ae96d6', 'context': [<snowplow_tracker.self_describing_json.SelfDescribingJson object at 0x7235f5c70b10>]}
[0m08:20:28.740324 [info ] [MainThread]: 
[0m08:20:28.743214 [debug] [MainThread]: Acquiring new postgres connection 'master'
[0m08:20:28.746300 [debug] [ThreadPool]: Acquiring new postgres connection 'list_hospital_dw'
[0m08:20:28.756488 [debug] [ThreadPool]: Using postgres connection "list_hospital_dw"
[0m08:20:28.758912 [debug] [ThreadPool]: On list_hospital_dw: /* {"app": "dbt", "dbt_version": "1.7.13", "profile_name": "hospital_dw", "target_name": "dev", "connection_name": "list_hospital_dw"} */

    select distinct nspname from pg_namespace
  
[0m08:20:28.761019 [debug] [ThreadPool]: Opening a new connection, currently in state init
[0m08:20:28.778415 [debug] [ThreadPool]: SQL status: SELECT 4 in 0.0 seconds
[0m08:20:28.783670 [debug] [ThreadPool]: On list_hospital_dw: Close
[0m08:20:28.790161 [debug] [ThreadPool]: Re-using an available connection from the pool (formerly list_hospital_dw, now list_hospital_dw_public)
[0m08:20:28.803619 [debug] [ThreadPool]: Using postgres connection "list_hospital_dw_public"
[0m08:20:28.806551 [debug] [ThreadPool]: On list_hospital_dw_public: BEGIN
[0m08:20:28.809571 [debug] [ThreadPool]: Opening a new connection, currently in state closed
[0m08:20:28.821654 [debug] [ThreadPool]: SQL status: BEGIN in 0.0 seconds
[0m08:20:28.824259 [debug] [ThreadPool]: Using postgres connection "list_hospital_dw_public"
[0m08:20:28.826591 [debug] [ThreadPool]: On list_hospital_dw_public: /* {"app": "dbt", "dbt_version": "1.7.13", "profile_name": "hospital_dw", "target_name": "dev", "connection_name": "list_hospital_dw_public"} */
select
      'hospital_dw' as database,
      tablename as name,
      schemaname as schema,
      'table' as type
    from pg_tables
    where schemaname ilike 'public'
    union all
    select
      'hospital_dw' as database,
      viewname as name,
      schemaname as schema,
      'view' as type
    from pg_views
    where schemaname ilike 'public'
    union all
    select
      'hospital_dw' as database,
      matviewname as name,
      schemaname as schema,
      'materialized_view' as type
    from pg_matviews
    where schemaname ilike 'public'
  
[0m08:20:28.846981 [debug] [ThreadPool]: SQL status: SELECT 5 in 0.0 seconds
[0m08:20:28.851334 [debug] [ThreadPool]: On list_hospital_dw_public: ROLLBACK
[0m08:20:28.853797 [debug] [ThreadPool]: On list_hospital_dw_public: Close
[0m08:20:28.864888 [debug] [MainThread]: Using postgres connection "master"
[0m08:20:28.867743 [debug] [MainThread]: On master: BEGIN
[0m08:20:28.870141 [debug] [MainThread]: Opening a new connection, currently in state init
[0m08:20:28.881733 [debug] [MainThread]: SQL status: BEGIN in 0.0 seconds
[0m08:20:28.884464 [debug] [MainThread]: Using postgres connection "master"
[0m08:20:28.886764 [debug] [MainThread]: On master: /* {"app": "dbt", "dbt_version": "1.7.13", "profile_name": "hospital_dw", "target_name": "dev", "connection_name": "master"} */
with relation as (
        select
            pg_rewrite.ev_class as class,
            pg_rewrite.oid as id
        from pg_rewrite
    ),
    class as (
        select
            oid as id,
            relname as name,
            relnamespace as schema,
            relkind as kind
        from pg_class
    ),
    dependency as (
        select distinct
            pg_depend.objid as id,
            pg_depend.refobjid as ref
        from pg_depend
    ),
    schema as (
        select
            pg_namespace.oid as id,
            pg_namespace.nspname as name
        from pg_namespace
        where nspname != 'information_schema' and nspname not like 'pg\_%'
    ),
    referenced as (
        select
            relation.id AS id,
            referenced_class.name ,
            referenced_class.schema ,
            referenced_class.kind
        from relation
        join class as referenced_class on relation.class=referenced_class.id
        where referenced_class.kind in ('r', 'v', 'm')
    ),
    relationships as (
        select
            referenced.name as referenced_name,
            referenced.schema as referenced_schema_id,
            dependent_class.name as dependent_name,
            dependent_class.schema as dependent_schema_id,
            referenced.kind as kind
        from referenced
        join dependency on referenced.id=dependency.id
        join class as dependent_class on dependency.ref=dependent_class.id
        where
            (referenced.name != dependent_class.name or
             referenced.schema != dependent_class.schema)
    )

    select
        referenced_schema.name as referenced_schema,
        relationships.referenced_name as referenced_name,
        dependent_schema.name as dependent_schema,
        relationships.dependent_name as dependent_name
    from relationships
    join schema as dependent_schema on relationships.dependent_schema_id=dependent_schema.id
    join schema as referenced_schema on relationships.referenced_schema_id=referenced_schema.id
    group by referenced_schema, referenced_name, dependent_schema, dependent_name
    order by referenced_schema, referenced_name, dependent_schema, dependent_name;
[0m08:20:28.901749 [debug] [MainThread]: SQL status: SELECT 0 in 0.0 seconds
[0m08:20:28.905674 [debug] [MainThread]: Sending event: {'category': 'dbt', 'action': 'runnable_timing', 'label': '9761aa97-de65-4394-aae1-305696ae96d6', 'context': [<snowplow_tracker.self_describing_json.SelfDescribingJson object at 0x7235ef0f6010>]}
[0m08:20:28.908298 [debug] [MainThread]: On master: ROLLBACK
[0m08:20:28.910574 [debug] [MainThread]: Using postgres connection "master"
[0m08:20:28.912380 [debug] [MainThread]: On master: BEGIN
[0m08:20:28.915033 [debug] [MainThread]: SQL status: BEGIN in 0.0 seconds
[0m08:20:28.917081 [debug] [MainThread]: On master: COMMIT
[0m08:20:28.919050 [debug] [MainThread]: Using postgres connection "master"
[0m08:20:28.921241 [debug] [MainThread]: On master: COMMIT
[0m08:20:28.923352 [debug] [MainThread]: SQL status: COMMIT in 0.0 seconds
[0m08:20:28.925248 [debug] [MainThread]: On master: Close
[0m08:20:28.927540 [info ] [MainThread]: Concurrency: 4 threads (target='dev')
[0m08:20:28.930016 [info ] [MainThread]: 
[0m08:20:28.947515 [debug] [Thread-1 (]: Began running node model.hospital_dw.stg_dim_date
[0m08:20:28.948151 [debug] [Thread-2 (]: Began running node model.hospital_dw.stg_dim_department
[0m08:20:28.948778 [debug] [Thread-3 (]: Began running node model.hospital_dw.stg_dim_diagnosis
[0m08:20:28.949343 [debug] [Thread-4 (]: Began running node model.hospital_dw.stg_dim_patient
[0m08:20:28.950647 [info ] [Thread-1 (]: 1 of 7 START sql view model public.stg_dim_date ................................ [RUN]
[0m08:20:28.954079 [info ] [Thread-2 (]: 2 of 7 START sql view model public.stg_dim_department .......................... [RUN]
[0m08:20:28.956694 [info ] [Thread-3 (]: 3 of 7 START sql view model public.stg_dim_diagnosis ........................... [RUN]
[0m08:20:28.958894 [info ] [Thread-4 (]: 4 of 7 START sql view model public.stg_dim_patient ............................. [RUN]
[0m08:20:28.961363 [debug] [Thread-1 (]: Re-using an available connection from the pool (formerly list_hospital_dw_public, now model.hospital_dw.stg_dim_date)
[0m08:20:28.964249 [debug] [Thread-2 (]: Acquiring new postgres connection 'model.hospital_dw.stg_dim_department'
[0m08:20:28.966589 [debug] [Thread-3 (]: Acquiring new postgres connection 'model.hospital_dw.stg_dim_diagnosis'
[0m08:20:28.971067 [debug] [Thread-4 (]: Acquiring new postgres connection 'model.hospital_dw.stg_dim_patient'
[0m08:20:28.973327 [debug] [Thread-1 (]: Began compiling node model.hospital_dw.stg_dim_date
[0m08:20:28.975925 [debug] [Thread-2 (]: Began compiling node model.hospital_dw.stg_dim_department
[0m08:20:28.977993 [debug] [Thread-3 (]: Began compiling node model.hospital_dw.stg_dim_diagnosis
[0m08:20:28.980179 [debug] [Thread-4 (]: Began compiling node model.hospital_dw.stg_dim_patient
[0m08:20:28.991446 [debug] [Thread-1 (]: Writing injected SQL for node "model.hospital_dw.stg_dim_date"
[0m08:20:28.997594 [debug] [Thread-2 (]: Writing injected SQL for node "model.hospital_dw.stg_dim_department"
[0m08:20:29.004349 [debug] [Thread-3 (]: Writing injected SQL for node "model.hospital_dw.stg_dim_diagnosis"
[0m08:20:29.012023 [debug] [Thread-4 (]: Writing injected SQL for node "model.hospital_dw.stg_dim_patient"
[0m08:20:29.049643 [debug] [Thread-2 (]: Timing info for model.hospital_dw.stg_dim_department (compile): 08:20:28.993506 => 08:20:29.049171
[0m08:20:29.052937 [debug] [Thread-2 (]: Began executing node model.hospital_dw.stg_dim_department
[0m08:20:29.055300 [debug] [Thread-1 (]: Timing info for model.hospital_dw.stg_dim_date (compile): 08:20:28.982746 => 08:20:29.055049
[0m08:20:29.068222 [debug] [Thread-3 (]: Timing info for model.hospital_dw.stg_dim_diagnosis (compile): 08:20:29.000556 => 08:20:29.067681
[0m08:20:29.089187 [debug] [Thread-1 (]: Began executing node model.hospital_dw.stg_dim_date
[0m08:20:29.090060 [debug] [Thread-4 (]: Timing info for model.hospital_dw.stg_dim_patient (compile): 08:20:29.007581 => 08:20:29.089593
[0m08:20:29.095860 [debug] [Thread-2 (]: Writing runtime sql for node "model.hospital_dw.stg_dim_department"
[0m08:20:29.098455 [debug] [Thread-3 (]: Began executing node model.hospital_dw.stg_dim_diagnosis
[0m08:20:29.103793 [debug] [Thread-1 (]: Writing runtime sql for node "model.hospital_dw.stg_dim_date"
[0m08:20:29.107474 [debug] [Thread-4 (]: Began executing node model.hospital_dw.stg_dim_patient
[0m08:20:29.116922 [debug] [Thread-3 (]: Writing runtime sql for node "model.hospital_dw.stg_dim_diagnosis"
[0m08:20:29.129279 [debug] [Thread-4 (]: Writing runtime sql for node "model.hospital_dw.stg_dim_patient"
[0m08:20:29.157154 [debug] [Thread-4 (]: Using postgres connection "model.hospital_dw.stg_dim_patient"
[0m08:20:29.160761 [debug] [Thread-4 (]: On model.hospital_dw.stg_dim_patient: BEGIN
[0m08:20:29.161587 [debug] [Thread-1 (]: Using postgres connection "model.hospital_dw.stg_dim_date"
[0m08:20:29.164541 [debug] [Thread-4 (]: Opening a new connection, currently in state init
[0m08:20:29.167502 [debug] [Thread-3 (]: Using postgres connection "model.hospital_dw.stg_dim_diagnosis"
[0m08:20:29.170394 [debug] [Thread-1 (]: On model.hospital_dw.stg_dim_date: BEGIN
[0m08:20:29.175150 [debug] [Thread-2 (]: Using postgres connection "model.hospital_dw.stg_dim_department"
[0m08:20:29.179972 [debug] [Thread-3 (]: On model.hospital_dw.stg_dim_diagnosis: BEGIN
[0m08:20:29.181623 [debug] [Thread-4 (]: SQL status: BEGIN in 0.0 seconds
[0m08:20:29.182841 [debug] [Thread-1 (]: Opening a new connection, currently in state closed
[0m08:20:29.185610 [debug] [Thread-2 (]: On model.hospital_dw.stg_dim_department: BEGIN
[0m08:20:29.189235 [debug] [Thread-3 (]: Opening a new connection, currently in state init
[0m08:20:29.191525 [debug] [Thread-4 (]: Using postgres connection "model.hospital_dw.stg_dim_patient"
[0m08:20:29.194778 [debug] [Thread-2 (]: Opening a new connection, currently in state init
[0m08:20:29.197837 [debug] [Thread-1 (]: SQL status: BEGIN in 0.0 seconds
[0m08:20:29.198734 [debug] [Thread-4 (]: On model.hospital_dw.stg_dim_patient: /* {"app": "dbt", "dbt_version": "1.7.13", "profile_name": "hospital_dw", "target_name": "dev", "node_id": "model.hospital_dw.stg_dim_patient"} */

  create view "hospital_dw"."public"."stg_dim_patient__dbt_tmp"
    
    
  as (
    select * from "hospital_dw"."public"."dim_patient"
  );
[0m08:20:29.201565 [debug] [Thread-3 (]: SQL status: BEGIN in 0.0 seconds
[0m08:20:29.201881 [debug] [Thread-1 (]: Using postgres connection "model.hospital_dw.stg_dim_date"
[0m08:20:29.205242 [debug] [Thread-2 (]: SQL status: BEGIN in 0.0 seconds
[0m08:20:29.205586 [debug] [Thread-3 (]: Using postgres connection "model.hospital_dw.stg_dim_diagnosis"
[0m08:20:29.207259 [debug] [Thread-1 (]: On model.hospital_dw.stg_dim_date: /* {"app": "dbt", "dbt_version": "1.7.13", "profile_name": "hospital_dw", "target_name": "dev", "node_id": "model.hospital_dw.stg_dim_date"} */

  create view "hospital_dw"."public"."stg_dim_date__dbt_tmp"
    
    
  as (
    select * from "hospital_dw"."public"."dim_date"
  );
[0m08:20:29.209141 [debug] [Thread-2 (]: Using postgres connection "model.hospital_dw.stg_dim_department"
[0m08:20:29.210514 [debug] [Thread-3 (]: On model.hospital_dw.stg_dim_diagnosis: /* {"app": "dbt", "dbt_version": "1.7.13", "profile_name": "hospital_dw", "target_name": "dev", "node_id": "model.hospital_dw.stg_dim_diagnosis"} */

  create view "hospital_dw"."public"."stg_dim_diagnosis__dbt_tmp"
    
    
  as (
    select * from "hospital_dw"."public"."dim_diagnosis"
  );
[0m08:20:29.211776 [debug] [Thread-4 (]: SQL status: CREATE VIEW in 0.0 seconds
[0m08:20:29.214074 [debug] [Thread-2 (]: On model.hospital_dw.stg_dim_department: /* {"app": "dbt", "dbt_version": "1.7.13", "profile_name": "hospital_dw", "target_name": "dev", "node_id": "model.hospital_dw.stg_dim_department"} */

  create view "hospital_dw"."public"."stg_dim_department__dbt_tmp"
    
    
  as (
    select * from "hospital_dw"."public"."dim_department"
  );
[0m08:20:29.214568 [debug] [Thread-1 (]: SQL status: CREATE VIEW in 0.0 seconds
[0m08:20:29.217476 [debug] [Thread-3 (]: SQL status: CREATE VIEW in 0.0 seconds
[0m08:20:29.227690 [debug] [Thread-4 (]: Using postgres connection "model.hospital_dw.stg_dim_patient"
[0m08:20:29.232402 [debug] [Thread-2 (]: SQL status: CREATE VIEW in 0.0 seconds
[0m08:20:29.237660 [debug] [Thread-1 (]: Using postgres connection "model.hospital_dw.stg_dim_date"
[0m08:20:29.244709 [debug] [Thread-3 (]: Using postgres connection "model.hospital_dw.stg_dim_diagnosis"
[0m08:20:29.248535 [debug] [Thread-4 (]: On model.hospital_dw.stg_dim_patient: /* {"app": "dbt", "dbt_version": "1.7.13", "profile_name": "hospital_dw", "target_name": "dev", "node_id": "model.hospital_dw.stg_dim_patient"} */
alter table "hospital_dw"."public"."stg_dim_patient__dbt_tmp" rename to "stg_dim_patient"
[0m08:20:29.263287 [debug] [Thread-2 (]: Using postgres connection "model.hospital_dw.stg_dim_department"
[0m08:20:29.265819 [debug] [Thread-1 (]: On model.hospital_dw.stg_dim_date: /* {"app": "dbt", "dbt_version": "1.7.13", "profile_name": "hospital_dw", "target_name": "dev", "node_id": "model.hospital_dw.stg_dim_date"} */
alter table "hospital_dw"."public"."stg_dim_date__dbt_tmp" rename to "stg_dim_date"
[0m08:20:29.268625 [debug] [Thread-3 (]: On model.hospital_dw.stg_dim_diagnosis: /* {"app": "dbt", "dbt_version": "1.7.13", "profile_name": "hospital_dw", "target_name": "dev", "node_id": "model.hospital_dw.stg_dim_diagnosis"} */
alter table "hospital_dw"."public"."stg_dim_diagnosis__dbt_tmp" rename to "stg_dim_diagnosis"
[0m08:20:29.272611 [debug] [Thread-4 (]: SQL status: ALTER TABLE in 0.0 seconds
[0m08:20:29.273347 [debug] [Thread-2 (]: On model.hospital_dw.stg_dim_department: /* {"app": "dbt", "dbt_version": "1.7.13", "profile_name": "hospital_dw", "target_name": "dev", "node_id": "model.hospital_dw.stg_dim_department"} */
alter table "hospital_dw"."public"."stg_dim_department__dbt_tmp" rename to "stg_dim_department"
[0m08:20:29.276572 [debug] [Thread-1 (]: SQL status: ALTER TABLE in 0.0 seconds
[0m08:20:29.279096 [debug] [Thread-3 (]: SQL status: ALTER TABLE in 0.0 seconds
[0m08:20:29.305596 [debug] [Thread-4 (]: On model.hospital_dw.stg_dim_patient: COMMIT
[0m08:20:29.306621 [debug] [Thread-2 (]: SQL status: ALTER TABLE in 0.0 seconds
[0m08:20:29.311512 [debug] [Thread-1 (]: On model.hospital_dw.stg_dim_date: COMMIT
[0m08:20:29.316342 [debug] [Thread-3 (]: On model.hospital_dw.stg_dim_diagnosis: COMMIT
[0m08:20:29.318747 [debug] [Thread-4 (]: Using postgres connection "model.hospital_dw.stg_dim_patient"
[0m08:20:29.322621 [debug] [Thread-2 (]: On model.hospital_dw.stg_dim_department: COMMIT
[0m08:20:29.325237 [debug] [Thread-1 (]: Using postgres connection "model.hospital_dw.stg_dim_date"
[0m08:20:29.327679 [debug] [Thread-3 (]: Using postgres connection "model.hospital_dw.stg_dim_diagnosis"
[0m08:20:29.330468 [debug] [Thread-4 (]: On model.hospital_dw.stg_dim_patient: COMMIT
[0m08:20:29.332705 [debug] [Thread-2 (]: Using postgres connection "model.hospital_dw.stg_dim_department"
[0m08:20:29.334712 [debug] [Thread-1 (]: On model.hospital_dw.stg_dim_date: COMMIT
[0m08:20:29.337378 [debug] [Thread-3 (]: On model.hospital_dw.stg_dim_diagnosis: COMMIT
[0m08:20:29.340911 [debug] [Thread-4 (]: SQL status: COMMIT in 0.0 seconds
[0m08:20:29.342957 [debug] [Thread-2 (]: On model.hospital_dw.stg_dim_department: COMMIT
[0m08:20:29.347220 [debug] [Thread-1 (]: SQL status: COMMIT in 0.0 seconds
[0m08:20:29.348792 [debug] [Thread-3 (]: SQL status: COMMIT in 0.0 seconds
[0m08:20:29.364561 [debug] [Thread-4 (]: Applying DROP to: "hospital_dw"."public"."stg_dim_patient__dbt_backup"
[0m08:20:29.370495 [debug] [Thread-2 (]: SQL status: COMMIT in 0.0 seconds
[0m08:20:29.376805 [debug] [Thread-1 (]: Applying DROP to: "hospital_dw"."public"."stg_dim_date__dbt_backup"
[0m08:20:29.384716 [debug] [Thread-3 (]: Applying DROP to: "hospital_dw"."public"."stg_dim_diagnosis__dbt_backup"
[0m08:20:29.397454 [debug] [Thread-4 (]: Using postgres connection "model.hospital_dw.stg_dim_patient"
[0m08:20:29.402373 [debug] [Thread-2 (]: Applying DROP to: "hospital_dw"."public"."stg_dim_department__dbt_backup"
[0m08:20:29.406571 [debug] [Thread-1 (]: Using postgres connection "model.hospital_dw.stg_dim_date"
[0m08:20:29.409927 [debug] [Thread-3 (]: Using postgres connection "model.hospital_dw.stg_dim_diagnosis"
[0m08:20:29.412820 [debug] [Thread-4 (]: On model.hospital_dw.stg_dim_patient: /* {"app": "dbt", "dbt_version": "1.7.13", "profile_name": "hospital_dw", "target_name": "dev", "node_id": "model.hospital_dw.stg_dim_patient"} */
drop view if exists "hospital_dw"."public"."stg_dim_patient__dbt_backup" cascade
[0m08:20:29.415862 [debug] [Thread-2 (]: Using postgres connection "model.hospital_dw.stg_dim_department"
[0m08:20:29.418110 [debug] [Thread-1 (]: On model.hospital_dw.stg_dim_date: /* {"app": "dbt", "dbt_version": "1.7.13", "profile_name": "hospital_dw", "target_name": "dev", "node_id": "model.hospital_dw.stg_dim_date"} */
drop view if exists "hospital_dw"."public"."stg_dim_date__dbt_backup" cascade
[0m08:20:29.420078 [debug] [Thread-3 (]: On model.hospital_dw.stg_dim_diagnosis: /* {"app": "dbt", "dbt_version": "1.7.13", "profile_name": "hospital_dw", "target_name": "dev", "node_id": "model.hospital_dw.stg_dim_diagnosis"} */
drop view if exists "hospital_dw"."public"."stg_dim_diagnosis__dbt_backup" cascade
[0m08:20:29.423383 [debug] [Thread-4 (]: SQL status: DROP VIEW in 0.0 seconds
[0m08:20:29.424946 [debug] [Thread-2 (]: On model.hospital_dw.stg_dim_department: /* {"app": "dbt", "dbt_version": "1.7.13", "profile_name": "hospital_dw", "target_name": "dev", "node_id": "model.hospital_dw.stg_dim_department"} */
drop view if exists "hospital_dw"."public"."stg_dim_department__dbt_backup" cascade
[0m08:20:29.427506 [debug] [Thread-1 (]: SQL status: DROP VIEW in 0.0 seconds
[0m08:20:29.430160 [debug] [Thread-3 (]: SQL status: DROP VIEW in 0.0 seconds
[0m08:20:29.433493 [debug] [Thread-4 (]: Timing info for model.hospital_dw.stg_dim_patient (execute): 08:20:29.123660 => 08:20:29.433177
[0m08:20:29.436220 [debug] [Thread-2 (]: SQL status: DROP VIEW in 0.0 seconds
[0m08:20:29.439716 [debug] [Thread-1 (]: Timing info for model.hospital_dw.stg_dim_date (execute): 08:20:29.101185 => 08:20:29.439403
[0m08:20:29.444373 [debug] [Thread-3 (]: Timing info for model.hospital_dw.stg_dim_diagnosis (execute): 08:20:29.112600 => 08:20:29.444007
[0m08:20:29.447462 [debug] [Thread-4 (]: On model.hospital_dw.stg_dim_patient: Close
[0m08:20:29.452539 [debug] [Thread-2 (]: Timing info for model.hospital_dw.stg_dim_department (execute): 08:20:29.056176 => 08:20:29.452064
[0m08:20:29.455366 [debug] [Thread-1 (]: On model.hospital_dw.stg_dim_date: Close
[0m08:20:29.458019 [debug] [Thread-3 (]: On model.hospital_dw.stg_dim_diagnosis: Close
[0m08:20:29.461611 [debug] [Thread-4 (]: Sending event: {'category': 'dbt', 'action': 'run_model', 'label': '9761aa97-de65-4394-aae1-305696ae96d6', 'context': [<snowplow_tracker.self_describing_json.SelfDescribingJson object at 0x7235ef007790>]}
[0m08:20:29.463842 [debug] [Thread-2 (]: On model.hospital_dw.stg_dim_department: Close
[0m08:20:29.468111 [debug] [Thread-1 (]: Sending event: {'category': 'dbt', 'action': 'run_model', 'label': '9761aa97-de65-4394-aae1-305696ae96d6', 'context': [<snowplow_tracker.self_describing_json.SelfDescribingJson object at 0x7235ef0069d0>]}
[0m08:20:29.471243 [debug] [Thread-3 (]: Sending event: {'category': 'dbt', 'action': 'run_model', 'label': '9761aa97-de65-4394-aae1-305696ae96d6', 'context': [<snowplow_tracker.self_describing_json.SelfDescribingJson object at 0x7235eefacc90>]}
[0m08:20:29.474393 [info ] [Thread-4 (]: 4 of 7 OK created sql view model public.stg_dim_patient ........................ [[32mCREATE VIEW[0m in 0.49s]
[0m08:20:29.477777 [debug] [Thread-2 (]: Sending event: {'category': 'dbt', 'action': 'run_model', 'label': '9761aa97-de65-4394-aae1-305696ae96d6', 'context': [<snowplow_tracker.self_describing_json.SelfDescribingJson object at 0x7235f41ed310>]}
[0m08:20:29.482408 [info ] [Thread-1 (]: 1 of 7 OK created sql view model public.stg_dim_date ........................... [[32mCREATE VIEW[0m in 0.51s]
[0m08:20:29.486032 [info ] [Thread-3 (]: 3 of 7 OK created sql view model public.stg_dim_diagnosis ...................... [[32mCREATE VIEW[0m in 0.51s]
[0m08:20:29.489474 [debug] [Thread-4 (]: Finished running node model.hospital_dw.stg_dim_patient
[0m08:20:29.492822 [info ] [Thread-2 (]: 2 of 7 OK created sql view model public.stg_dim_department ..................... [[32mCREATE VIEW[0m in 0.51s]
[0m08:20:29.497382 [debug] [Thread-1 (]: Finished running node model.hospital_dw.stg_dim_date
[0m08:20:29.500966 [debug] [Thread-3 (]: Finished running node model.hospital_dw.stg_dim_diagnosis
[0m08:20:29.504643 [debug] [Thread-4 (]: Began running node model.hospital_dw.stg_fact_admission
[0m08:20:29.508032 [debug] [Thread-2 (]: Finished running node model.hospital_dw.stg_dim_department
[0m08:20:29.516908 [info ] [Thread-4 (]: 5 of 7 START sql view model public.stg_fact_admission .......................... [RUN]
[0m08:20:29.523613 [debug] [Thread-4 (]: Re-using an available connection from the pool (formerly model.hospital_dw.stg_dim_patient, now model.hospital_dw.stg_fact_admission)
[0m08:20:29.526706 [debug] [Thread-4 (]: Began compiling node model.hospital_dw.stg_fact_admission
[0m08:20:29.534264 [debug] [Thread-4 (]: Writing injected SQL for node "model.hospital_dw.stg_fact_admission"
[0m08:20:29.553452 [debug] [Thread-4 (]: Timing info for model.hospital_dw.stg_fact_admission (compile): 08:20:29.529513 => 08:20:29.552840
[0m08:20:29.556644 [debug] [Thread-4 (]: Began executing node model.hospital_dw.stg_fact_admission
[0m08:20:29.567867 [debug] [Thread-4 (]: Writing runtime sql for node "model.hospital_dw.stg_fact_admission"
[0m08:20:29.604975 [debug] [Thread-4 (]: Using postgres connection "model.hospital_dw.stg_fact_admission"
[0m08:20:29.608700 [debug] [Thread-4 (]: On model.hospital_dw.stg_fact_admission: BEGIN
[0m08:20:29.612272 [debug] [Thread-4 (]: Opening a new connection, currently in state closed
[0m08:20:29.628857 [debug] [Thread-4 (]: SQL status: BEGIN in 0.0 seconds
[0m08:20:29.633068 [debug] [Thread-4 (]: Using postgres connection "model.hospital_dw.stg_fact_admission"
[0m08:20:29.635993 [debug] [Thread-4 (]: On model.hospital_dw.stg_fact_admission: /* {"app": "dbt", "dbt_version": "1.7.13", "profile_name": "hospital_dw", "target_name": "dev", "node_id": "model.hospital_dw.stg_fact_admission"} */

  create view "hospital_dw"."public"."stg_fact_admission__dbt_tmp"
    
    
  as (
    select * from "hospital_dw"."public"."fact_admission"
  );
[0m08:20:29.641063 [debug] [Thread-4 (]: SQL status: CREATE VIEW in 0.0 seconds
[0m08:20:29.645888 [debug] [Thread-4 (]: Using postgres connection "model.hospital_dw.stg_fact_admission"
[0m08:20:29.649219 [debug] [Thread-4 (]: On model.hospital_dw.stg_fact_admission: /* {"app": "dbt", "dbt_version": "1.7.13", "profile_name": "hospital_dw", "target_name": "dev", "node_id": "model.hospital_dw.stg_fact_admission"} */
alter table "hospital_dw"."public"."stg_fact_admission__dbt_tmp" rename to "stg_fact_admission"
[0m08:20:29.652859 [debug] [Thread-4 (]: SQL status: ALTER TABLE in 0.0 seconds
[0m08:20:29.657826 [debug] [Thread-4 (]: On model.hospital_dw.stg_fact_admission: COMMIT
[0m08:20:29.661002 [debug] [Thread-4 (]: Using postgres connection "model.hospital_dw.stg_fact_admission"
[0m08:20:29.663544 [debug] [Thread-4 (]: On model.hospital_dw.stg_fact_admission: COMMIT
[0m08:20:29.668264 [debug] [Thread-4 (]: SQL status: COMMIT in 0.0 seconds
[0m08:20:29.672936 [debug] [Thread-4 (]: Applying DROP to: "hospital_dw"."public"."stg_fact_admission__dbt_backup"
[0m08:20:29.674707 [debug] [Thread-4 (]: Using postgres connection "model.hospital_dw.stg_fact_admission"
[0m08:20:29.675955 [debug] [Thread-4 (]: On model.hospital_dw.stg_fact_admission: /* {"app": "dbt", "dbt_version": "1.7.13", "profile_name": "hospital_dw", "target_name": "dev", "node_id": "model.hospital_dw.stg_fact_admission"} */
drop view if exists "hospital_dw"."public"."stg_fact_admission__dbt_backup" cascade
[0m08:20:29.678615 [debug] [Thread-4 (]: SQL status: DROP VIEW in 0.0 seconds
[0m08:20:29.681645 [debug] [Thread-4 (]: Timing info for model.hospital_dw.stg_fact_admission (execute): 08:20:29.559970 => 08:20:29.681502
[0m08:20:29.684005 [debug] [Thread-4 (]: On model.hospital_dw.stg_fact_admission: Close
[0m08:20:29.686827 [debug] [Thread-4 (]: Sending event: {'category': 'dbt', 'action': 'run_model', 'label': '9761aa97-de65-4394-aae1-305696ae96d6', 'context': [<snowplow_tracker.self_describing_json.SelfDescribingJson object at 0x7235eef6b350>]}
[0m08:20:29.689845 [info ] [Thread-4 (]: 5 of 7 OK created sql view model public.stg_fact_admission ..................... [[32mCREATE VIEW[0m in 0.16s]
[0m08:20:29.692716 [debug] [Thread-4 (]: Finished running node model.hospital_dw.stg_fact_admission
[0m08:20:29.696359 [debug] [Thread-1 (]: Began running node model.hospital_dw.mart_readmission_by_department
[0m08:20:29.696901 [debug] [Thread-3 (]: Began running node model.hospital_dw.mart_readmission_by_diagnosis
[0m08:20:29.698700 [info ] [Thread-1 (]: 6 of 7 START sql table model public.mart_readmission_by_department ............. [RUN]
[0m08:20:29.700698 [info ] [Thread-3 (]: 7 of 7 START sql table model public.mart_readmission_by_diagnosis .............. [RUN]
[0m08:20:29.703364 [debug] [Thread-1 (]: Re-using an available connection from the pool (formerly model.hospital_dw.stg_dim_date, now model.hospital_dw.mart_readmission_by_department)
[0m08:20:29.705720 [debug] [Thread-3 (]: Re-using an available connection from the pool (formerly model.hospital_dw.stg_dim_diagnosis, now model.hospital_dw.mart_readmission_by_diagnosis)
[0m08:20:29.707341 [debug] [Thread-1 (]: Began compiling node model.hospital_dw.mart_readmission_by_department
[0m08:20:29.709375 [debug] [Thread-3 (]: Began compiling node model.hospital_dw.mart_readmission_by_diagnosis
[0m08:20:29.713444 [debug] [Thread-1 (]: Writing injected SQL for node "model.hospital_dw.mart_readmission_by_department"
[0m08:20:29.717932 [debug] [Thread-3 (]: Writing injected SQL for node "model.hospital_dw.mart_readmission_by_diagnosis"
[0m08:20:29.730048 [debug] [Thread-3 (]: Timing info for model.hospital_dw.mart_readmission_by_diagnosis (compile): 08:20:29.715232 => 08:20:29.729777
[0m08:20:29.732139 [debug] [Thread-3 (]: Began executing node model.hospital_dw.mart_readmission_by_diagnosis
[0m08:20:29.733463 [debug] [Thread-1 (]: Timing info for model.hospital_dw.mart_readmission_by_department (compile): 08:20:29.710977 => 08:20:29.733250
[0m08:20:29.749149 [debug] [Thread-3 (]: Writing runtime sql for node "model.hospital_dw.mart_readmission_by_diagnosis"
[0m08:20:29.750331 [debug] [Thread-1 (]: Began executing node model.hospital_dw.mart_readmission_by_department
[0m08:20:29.757098 [debug] [Thread-1 (]: Writing runtime sql for node "model.hospital_dw.mart_readmission_by_department"
[0m08:20:29.770426 [debug] [Thread-1 (]: Using postgres connection "model.hospital_dw.mart_readmission_by_department"
[0m08:20:29.773477 [debug] [Thread-1 (]: On model.hospital_dw.mart_readmission_by_department: BEGIN
[0m08:20:29.774866 [debug] [Thread-3 (]: Using postgres connection "model.hospital_dw.mart_readmission_by_diagnosis"
[0m08:20:29.775558 [debug] [Thread-1 (]: Opening a new connection, currently in state closed
[0m08:20:29.778024 [debug] [Thread-3 (]: On model.hospital_dw.mart_readmission_by_diagnosis: BEGIN
[0m08:20:29.782729 [debug] [Thread-3 (]: Opening a new connection, currently in state closed
[0m08:20:29.788162 [debug] [Thread-1 (]: SQL status: BEGIN in 0.0 seconds
[0m08:20:29.791561 [debug] [Thread-1 (]: Using postgres connection "model.hospital_dw.mart_readmission_by_department"
[0m08:20:29.792957 [debug] [Thread-3 (]: SQL status: BEGIN in 0.0 seconds
[0m08:20:29.794046 [debug] [Thread-1 (]: On model.hospital_dw.mart_readmission_by_department: /* {"app": "dbt", "dbt_version": "1.7.13", "profile_name": "hospital_dw", "target_name": "dev", "node_id": "model.hospital_dw.mart_readmission_by_department"} */

  
    

  create  table "hospital_dw"."public"."mart_readmission_by_department__dbt_tmp"
  
  
    as
  
  (
    -- Mart: ty le tai nhap vien 30 ngay, LOS trung binh, theo tung khoa/phong

select
    dd.medical_specialty,
    count(*) as so_luot_kham,
    sum(f.readmitted_30d) as so_ca_tai_nhap_30_ngay,
    round(
        100.0 * sum(f.readmitted_30d) / nullif(count(*), 0), 2
    ) as ty_le_tai_nhap_pct,
    round(avg(f.los_days), 2) as los_trung_binh_ngay,
    round(avg(f.num_medications), 2) as so_thuoc_trung_binh
from "hospital_dw"."public"."stg_fact_admission" f
join "hospital_dw"."public"."stg_dim_department" dd
    on f.department_key = dd.department_key
group by dd.medical_specialty
order by so_luot_kham desc
  );
  
[0m08:20:29.796302 [debug] [Thread-3 (]: Using postgres connection "model.hospital_dw.mart_readmission_by_diagnosis"
[0m08:20:29.800605 [debug] [Thread-3 (]: On model.hospital_dw.mart_readmission_by_diagnosis: /* {"app": "dbt", "dbt_version": "1.7.13", "profile_name": "hospital_dw", "target_name": "dev", "node_id": "model.hospital_dw.mart_readmission_by_diagnosis"} */

  
    

  create  table "hospital_dw"."public"."mart_readmission_by_diagnosis__dbt_tmp"
  
  
    as
  
  (
    -- Mart: ty le tai nhap vien 30 ngay, LOS trung binh, theo tung nhom benh (ICD-9)

select
    di.diag_1_group,
    count(*) as so_luot_kham,
    sum(f.readmitted_30d) as so_ca_tai_nhap_30_ngay,
    round(
        100.0 * sum(f.readmitted_30d) / nullif(count(*), 0), 2
    ) as ty_le_tai_nhap_pct,
    round(avg(f.los_days), 2) as los_trung_binh_ngay,
    round(avg(f.prior_visits_total), 2) as so_lan_kham_truoc_trung_binh
from "hospital_dw"."public"."stg_fact_admission" f
join "hospital_dw"."public"."stg_dim_diagnosis" di
    on f.diagnosis_key = di.diagnosis_key
group by di.diag_1_group
order by so_luot_kham desc
  );
  
[0m08:20:29.849919 [debug] [Thread-3 (]: SQL status: SELECT 12 in 0.0 seconds
[0m08:20:29.850306 [debug] [Thread-1 (]: SQL status: SELECT 73 in 0.0 seconds
[0m08:20:29.853682 [debug] [Thread-3 (]: Using postgres connection "model.hospital_dw.mart_readmission_by_diagnosis"
[0m08:20:29.857282 [debug] [Thread-1 (]: Using postgres connection "model.hospital_dw.mart_readmission_by_department"
[0m08:20:29.859451 [debug] [Thread-3 (]: On model.hospital_dw.mart_readmission_by_diagnosis: /* {"app": "dbt", "dbt_version": "1.7.13", "profile_name": "hospital_dw", "target_name": "dev", "node_id": "model.hospital_dw.mart_readmission_by_diagnosis"} */
alter table "hospital_dw"."public"."mart_readmission_by_diagnosis__dbt_tmp" rename to "mart_readmission_by_diagnosis"
[0m08:20:29.861696 [debug] [Thread-1 (]: On model.hospital_dw.mart_readmission_by_department: /* {"app": "dbt", "dbt_version": "1.7.13", "profile_name": "hospital_dw", "target_name": "dev", "node_id": "model.hospital_dw.mart_readmission_by_department"} */
alter table "hospital_dw"."public"."mart_readmission_by_department__dbt_tmp" rename to "mart_readmission_by_department"
[0m08:20:29.864170 [debug] [Thread-3 (]: SQL status: ALTER TABLE in 0.0 seconds
[0m08:20:29.866637 [debug] [Thread-1 (]: SQL status: ALTER TABLE in 0.0 seconds
[0m08:20:29.873383 [debug] [Thread-3 (]: On model.hospital_dw.mart_readmission_by_diagnosis: COMMIT
[0m08:20:29.876844 [debug] [Thread-1 (]: On model.hospital_dw.mart_readmission_by_department: COMMIT
[0m08:20:29.879046 [debug] [Thread-3 (]: Using postgres connection "model.hospital_dw.mart_readmission_by_diagnosis"
[0m08:20:29.880796 [debug] [Thread-1 (]: Using postgres connection "model.hospital_dw.mart_readmission_by_department"
[0m08:20:29.882575 [debug] [Thread-3 (]: On model.hospital_dw.mart_readmission_by_diagnosis: COMMIT
[0m08:20:29.884746 [debug] [Thread-1 (]: On model.hospital_dw.mart_readmission_by_department: COMMIT
[0m08:20:29.888359 [debug] [Thread-3 (]: SQL status: COMMIT in 0.0 seconds
[0m08:20:29.889432 [debug] [Thread-1 (]: SQL status: COMMIT in 0.0 seconds
[0m08:20:29.892858 [debug] [Thread-3 (]: Applying DROP to: "hospital_dw"."public"."mart_readmission_by_diagnosis__dbt_backup"
[0m08:20:29.897527 [debug] [Thread-1 (]: Applying DROP to: "hospital_dw"."public"."mart_readmission_by_department__dbt_backup"
[0m08:20:29.904215 [debug] [Thread-3 (]: Using postgres connection "model.hospital_dw.mart_readmission_by_diagnosis"
[0m08:20:29.906966 [debug] [Thread-1 (]: Using postgres connection "model.hospital_dw.mart_readmission_by_department"
[0m08:20:29.909333 [debug] [Thread-3 (]: On model.hospital_dw.mart_readmission_by_diagnosis: /* {"app": "dbt", "dbt_version": "1.7.13", "profile_name": "hospital_dw", "target_name": "dev", "node_id": "model.hospital_dw.mart_readmission_by_diagnosis"} */
drop table if exists "hospital_dw"."public"."mart_readmission_by_diagnosis__dbt_backup" cascade
[0m08:20:29.911688 [debug] [Thread-1 (]: On model.hospital_dw.mart_readmission_by_department: /* {"app": "dbt", "dbt_version": "1.7.13", "profile_name": "hospital_dw", "target_name": "dev", "node_id": "model.hospital_dw.mart_readmission_by_department"} */
drop table if exists "hospital_dw"."public"."mart_readmission_by_department__dbt_backup" cascade
[0m08:20:29.914561 [debug] [Thread-3 (]: SQL status: DROP TABLE in 0.0 seconds
[0m08:20:29.917017 [debug] [Thread-1 (]: SQL status: DROP TABLE in 0.0 seconds
[0m08:20:29.920970 [debug] [Thread-3 (]: Timing info for model.hospital_dw.mart_readmission_by_diagnosis (execute): 08:20:29.734491 => 08:20:29.920675
[0m08:20:29.925592 [debug] [Thread-1 (]: Timing info for model.hospital_dw.mart_readmission_by_department (execute): 08:20:29.754791 => 08:20:29.925208
[0m08:20:29.929166 [debug] [Thread-3 (]: On model.hospital_dw.mart_readmission_by_diagnosis: Close
[0m08:20:29.932110 [debug] [Thread-1 (]: On model.hospital_dw.mart_readmission_by_department: Close
[0m08:20:29.936680 [debug] [Thread-3 (]: Sending event: {'category': 'dbt', 'action': 'run_model', 'label': '9761aa97-de65-4394-aae1-305696ae96d6', 'context': [<snowplow_tracker.self_describing_json.SelfDescribingJson object at 0x7235ef10be90>]}
[0m08:20:29.945801 [debug] [Thread-1 (]: Sending event: {'category': 'dbt', 'action': 'run_model', 'label': '9761aa97-de65-4394-aae1-305696ae96d6', 'context': [<snowplow_tracker.self_describing_json.SelfDescribingJson object at 0x7235eefd1dd0>]}
[0m08:20:29.952118 [info ] [Thread-3 (]: 7 of 7 OK created sql table model public.mart_readmission_by_diagnosis ......... [[32mSELECT 12[0m in 0.23s]
[0m08:20:29.955909 [info ] [Thread-1 (]: 6 of 7 OK created sql table model public.mart_readmission_by_department ........ [[32mSELECT 73[0m in 0.24s]
[0m08:20:29.959618 [debug] [Thread-3 (]: Finished running node model.hospital_dw.mart_readmission_by_diagnosis
[0m08:20:29.961566 [debug] [Thread-1 (]: Finished running node model.hospital_dw.mart_readmission_by_department
[0m08:20:29.970080 [debug] [MainThread]: Using postgres connection "master"
[0m08:20:29.976380 [debug] [MainThread]: On master: BEGIN
[0m08:20:29.979033 [debug] [MainThread]: Opening a new connection, currently in state closed
[0m08:20:29.985810 [debug] [MainThread]: SQL status: BEGIN in 0.0 seconds
[0m08:20:29.987653 [debug] [MainThread]: On master: COMMIT
[0m08:20:29.988779 [debug] [MainThread]: Using postgres connection "master"
[0m08:20:29.990186 [debug] [MainThread]: On master: COMMIT
[0m08:20:29.991652 [debug] [MainThread]: SQL status: COMMIT in 0.0 seconds
[0m08:20:29.992989 [debug] [MainThread]: On master: Close
[0m08:20:29.994472 [debug] [MainThread]: Connection 'master' was properly closed.
[0m08:20:29.995463 [debug] [MainThread]: Connection 'model.hospital_dw.mart_readmission_by_department' was properly closed.
[0m08:20:29.996681 [debug] [MainThread]: Connection 'model.hospital_dw.stg_dim_department' was properly closed.
[0m08:20:29.997868 [debug] [MainThread]: Connection 'model.hospital_dw.mart_readmission_by_diagnosis' was properly closed.
[0m08:20:29.999000 [debug] [MainThread]: Connection 'model.hospital_dw.stg_fact_admission' was properly closed.
[0m08:20:30.000321 [info ] [MainThread]: 
[0m08:20:30.001497 [info ] [MainThread]: Finished running 5 view models, 2 table models in 0 hours 0 minutes and 1.26 seconds (1.26s).
[0m08:20:30.003204 [debug] [MainThread]: Command end result
[0m08:20:30.029458 [info ] [MainThread]: 
[0m08:20:30.031333 [info ] [MainThread]: [32mCompleted successfully[0m
[0m08:20:30.032937 [info ] [MainThread]: 
[0m08:20:30.034270 [info ] [MainThread]: Done. PASS=7 WARN=0 ERROR=0 SKIP=0 TOTAL=7
[0m08:20:30.036029 [debug] [MainThread]: Resource report: {"command_name": "run", "command_success": true, "command_wall_clock_time": 2.5486474, "process_user_time": 2.700066, "process_kernel_time": 0.174453, "process_mem_max_rss": "117896", "process_in_blocks": "76", "process_out_blocks": "96"}
[0m08:20:30.037756 [debug] [MainThread]: Command `dbt run` succeeded at 08:20:30.037648 after 2.55 seconds
[0m08:20:30.038986 [debug] [MainThread]: Sending event: {'category': 'dbt', 'action': 'invocation', 'label': 'end', 'context': [<snowplow_tracker.self_describing_json.SelfDescribingJson object at 0x7235f75f8350>, <snowplow_tracker.self_describing_json.SelfDescribingJson object at 0x7235f744a0d0>, <snowplow_tracker.self_describing_json.SelfDescribingJson object at 0x7235f82bd890>]}
[0m08:20:30.040601 [debug] [MainThread]: Flushing usage events
[0m08:25:00.316264 [debug] [MainThread]: Sending event: {'category': 'dbt', 'action': 'invocation', 'label': 'start', 'context': [<snowplow_tracker.self_describing_json.SelfDescribingJson object at 0x7d3a7a1e34d0>, <snowplow_tracker.self_describing_json.SelfDescribingJson object at 0x7d3a7a1dec90>, <snowplow_tracker.self_describing_json.SelfDescribingJson object at 0x7d3a7a1e32d0>]}


============================== 08:25:00.319788 | d65c0019-e1fd-4df6-922e-f085c5d35bf7 ==============================
[0m08:25:00.319788 [info ] [MainThread]: Running with dbt=1.7.13
[0m08:25:00.322035 [debug] [MainThread]: running dbt with arguments {'printer_width': '80', 'indirect_selection': 'eager', 'log_cache_events': 'False', 'write_json': 'True', 'partial_parse': 'True', 'cache_selected_only': 'False', 'profiles_dir': '/usr/app/dbt', 'debug': 'False', 'version_check': 'True', 'log_path': '/usr/app/dbt/logs', 'fail_fast': 'False', 'warn_error': 'None', 'use_colors': 'True', 'use_experimental_parser': 'False', 'no_print': 'None', 'quiet': 'False', 'log_format': 'default', 'invocation_command': 'dbt test --profiles-dir /usr/app/dbt --project-dir /usr/app/dbt', 'introspect': 'True', 'warn_error_options': 'WarnErrorOptions(include=[], exclude=[])', 'target_path': 'None', 'static_parser': 'True', 'send_anonymous_usage_stats': 'True'}
[0m08:25:00.533081 [debug] [MainThread]: Sending event: {'category': 'dbt', 'action': 'project_id', 'label': 'd65c0019-e1fd-4df6-922e-f085c5d35bf7', 'context': [<snowplow_tracker.self_describing_json.SelfDescribingJson object at 0x7d3a78b3bd90>]}
[0m08:25:00.600512 [debug] [MainThread]: Sending event: {'category': 'dbt', 'action': 'adapter_info', 'label': 'd65c0019-e1fd-4df6-922e-f085c5d35bf7', 'context': [<snowplow_tracker.self_describing_json.SelfDescribingJson object at 0x7d3a7a1de2d0>]}
[0m08:25:00.602235 [info ] [MainThread]: Registered adapter: postgres=1.7.13
[0m08:25:00.614268 [debug] [MainThread]: checksum: 6c24e2ee36a42cedd7e5de2827d214776eb7a8e8f425f6d8acb06c31add0afef, vars: {}, profile: , target: , version: 1.7.13
[0m08:25:00.837658 [debug] [MainThread]: Partial parsing enabled: 0 files deleted, 0 files added, 0 files changed.
[0m08:25:00.839635 [debug] [MainThread]: Partial parsing enabled, no changes found, skipping parsing
[0m08:25:00.846924 [debug] [MainThread]: Sending event: {'category': 'dbt', 'action': 'load_project', 'label': 'd65c0019-e1fd-4df6-922e-f085c5d35bf7', 'context': [<snowplow_tracker.self_describing_json.SelfDescribingJson object at 0x7d3a78775750>]}
[0m08:25:00.892640 [debug] [MainThread]: Sending event: {'category': 'dbt', 'action': 'resource_counts', 'label': 'd65c0019-e1fd-4df6-922e-f085c5d35bf7', 'context': [<snowplow_tracker.self_describing_json.SelfDescribingJson object at 0x7d3a788b32d0>]}
[0m08:25:00.895552 [info ] [MainThread]: Found 7 models, 1 snapshot, 15 tests, 5 sources, 0 exposures, 0 metrics, 401 macros, 0 groups, 0 semantic models
[0m08:25:00.902251 [debug] [MainThread]: Sending event: {'category': 'dbt', 'action': 'runnable_timing', 'label': 'd65c0019-e1fd-4df6-922e-f085c5d35bf7', 'context': [<snowplow_tracker.self_describing_json.SelfDescribingJson object at 0x7d3a78860d10>]}
[0m08:25:00.907056 [info ] [MainThread]: 
[0m08:25:00.909420 [debug] [MainThread]: Acquiring new postgres connection 'master'
[0m08:25:00.913216 [debug] [ThreadPool]: Acquiring new postgres connection 'list_hospital_dw_public'
[0m08:25:00.925105 [debug] [ThreadPool]: Using postgres connection "list_hospital_dw_public"
[0m08:25:00.926960 [debug] [ThreadPool]: On list_hospital_dw_public: BEGIN
[0m08:25:00.928973 [debug] [ThreadPool]: Opening a new connection, currently in state init
[0m08:25:00.936635 [debug] [ThreadPool]: SQL status: BEGIN in 0.0 seconds
[0m08:25:00.938685 [debug] [ThreadPool]: Using postgres connection "list_hospital_dw_public"
[0m08:25:00.940525 [debug] [ThreadPool]: On list_hospital_dw_public: /* {"app": "dbt", "dbt_version": "1.7.13", "profile_name": "hospital_dw", "target_name": "dev", "connection_name": "list_hospital_dw_public"} */
select
      'hospital_dw' as database,
      tablename as name,
      schemaname as schema,
      'table' as type
    from pg_tables
    where schemaname ilike 'public'
    union all
    select
      'hospital_dw' as database,
      viewname as name,
      schemaname as schema,
      'view' as type
    from pg_views
    where schemaname ilike 'public'
    union all
    select
      'hospital_dw' as database,
      matviewname as name,
      schemaname as schema,
      'materialized_view' as type
    from pg_matviews
    where schemaname ilike 'public'
  
[0m08:25:00.944178 [debug] [ThreadPool]: SQL status: SELECT 12 in 0.0 seconds
[0m08:25:00.946883 [debug] [ThreadPool]: On list_hospital_dw_public: ROLLBACK
[0m08:25:00.948444 [debug] [ThreadPool]: On list_hospital_dw_public: Close
[0m08:25:00.953649 [debug] [MainThread]: Using postgres connection "master"
[0m08:25:00.955305 [debug] [MainThread]: On master: BEGIN
[0m08:25:00.956675 [debug] [MainThread]: Opening a new connection, currently in state init
[0m08:25:00.961485 [debug] [MainThread]: SQL status: BEGIN in 0.0 seconds
[0m08:25:00.962665 [debug] [MainThread]: Using postgres connection "master"
[0m08:25:00.963771 [debug] [MainThread]: On master: /* {"app": "dbt", "dbt_version": "1.7.13", "profile_name": "hospital_dw", "target_name": "dev", "connection_name": "master"} */
with relation as (
        select
            pg_rewrite.ev_class as class,
            pg_rewrite.oid as id
        from pg_rewrite
    ),
    class as (
        select
            oid as id,
            relname as name,
            relnamespace as schema,
            relkind as kind
        from pg_class
    ),
    dependency as (
        select distinct
            pg_depend.objid as id,
            pg_depend.refobjid as ref
        from pg_depend
    ),
    schema as (
        select
            pg_namespace.oid as id,
            pg_namespace.nspname as name
        from pg_namespace
        where nspname != 'information_schema' and nspname not like 'pg\_%'
    ),
    referenced as (
        select
            relation.id AS id,
            referenced_class.name ,
            referenced_class.schema ,
            referenced_class.kind
        from relation
        join class as referenced_class on relation.class=referenced_class.id
        where referenced_class.kind in ('r', 'v', 'm')
    ),
    relationships as (
        select
            referenced.name as referenced_name,
            referenced.schema as referenced_schema_id,
            dependent_class.name as dependent_name,
            dependent_class.schema as dependent_schema_id,
            referenced.kind as kind
        from referenced
        join dependency on referenced.id=dependency.id
        join class as dependent_class on dependency.ref=dependent_class.id
        where
            (referenced.name != dependent_class.name or
             referenced.schema != dependent_class.schema)
    )

    select
        referenced_schema.name as referenced_schema,
        relationships.referenced_name as referenced_name,
        dependent_schema.name as dependent_schema,
        relationships.dependent_name as dependent_name
    from relationships
    join schema as dependent_schema on relationships.dependent_schema_id=dependent_schema.id
    join schema as referenced_schema on relationships.referenced_schema_id=referenced_schema.id
    group by referenced_schema, referenced_name, dependent_schema, dependent_name
    order by referenced_schema, referenced_name, dependent_schema, dependent_name;
[0m08:25:00.968368 [debug] [MainThread]: SQL status: SELECT 5 in 0.0 seconds
[0m08:25:00.971546 [debug] [MainThread]: Sending event: {'category': 'dbt', 'action': 'runnable_timing', 'label': 'd65c0019-e1fd-4df6-922e-f085c5d35bf7', 'context': [<snowplow_tracker.self_describing_json.SelfDescribingJson object at 0x7d3a78884e50>]}
[0m08:25:00.973419 [debug] [MainThread]: On master: ROLLBACK
[0m08:25:00.975174 [debug] [MainThread]: Using postgres connection "master"
[0m08:25:00.977067 [debug] [MainThread]: On master: BEGIN
[0m08:25:00.978978 [debug] [MainThread]: SQL status: BEGIN in 0.0 seconds
[0m08:25:00.980467 [debug] [MainThread]: On master: COMMIT
[0m08:25:00.982455 [debug] [MainThread]: Using postgres connection "master"
[0m08:25:00.983845 [debug] [MainThread]: On master: COMMIT
[0m08:25:00.985673 [debug] [MainThread]: SQL status: COMMIT in 0.0 seconds
[0m08:25:00.987299 [debug] [MainThread]: On master: Close
[0m08:25:00.989193 [info ] [MainThread]: Concurrency: 4 threads (target='dev')
[0m08:25:00.990632 [info ] [MainThread]: 
[0m08:25:00.994455 [debug] [Thread-1 (]: Began running node test.hospital_dw.accepted_values_stg_fact_admission_readmitted_30d__0__1.ba08008d27
[0m08:25:00.994914 [debug] [Thread-2 (]: Began running node test.hospital_dw.not_null_stg_dim_date_date_key.208b757f38
[0m08:25:00.995206 [debug] [Thread-3 (]: Began running node test.hospital_dw.not_null_stg_dim_department_department_key.24057a06f5
[0m08:25:00.995455 [debug] [Thread-4 (]: Began running node test.hospital_dw.not_null_stg_dim_diagnosis_diagnosis_key.423220c9c5
[0m08:25:00.996706 [info ] [Thread-1 (]: 1 of 15 START test accepted_values_stg_fact_admission_readmitted_30d__0__1 ..... [RUN]
[0m08:25:00.997927 [info ] [Thread-2 (]: 2 of 15 START test not_null_stg_dim_date_date_key .............................. [RUN]
[0m08:25:00.999509 [info ] [Thread-3 (]: 3 of 15 START test not_null_stg_dim_department_department_key .................. [RUN]
[0m08:25:01.001455 [info ] [Thread-4 (]: 4 of 15 START test not_null_stg_dim_diagnosis_diagnosis_key .................... [RUN]
[0m08:25:01.003198 [debug] [Thread-1 (]: Re-using an available connection from the pool (formerly list_hospital_dw_public, now test.hospital_dw.accepted_values_stg_fact_admission_readmitted_30d__0__1.ba08008d27)
[0m08:25:01.005158 [debug] [Thread-2 (]: Acquiring new postgres connection 'test.hospital_dw.not_null_stg_dim_date_date_key.208b757f38'
[0m08:25:01.007105 [debug] [Thread-3 (]: Acquiring new postgres connection 'test.hospital_dw.not_null_stg_dim_department_department_key.24057a06f5'
[0m08:25:01.009791 [debug] [Thread-4 (]: Acquiring new postgres connection 'test.hospital_dw.not_null_stg_dim_diagnosis_diagnosis_key.423220c9c5'
[0m08:25:01.012077 [debug] [Thread-1 (]: Began compiling node test.hospital_dw.accepted_values_stg_fact_admission_readmitted_30d__0__1.ba08008d27
[0m08:25:01.013934 [debug] [Thread-2 (]: Began compiling node test.hospital_dw.not_null_stg_dim_date_date_key.208b757f38
[0m08:25:01.015509 [debug] [Thread-3 (]: Began compiling node test.hospital_dw.not_null_stg_dim_department_department_key.24057a06f5
[0m08:25:01.017014 [debug] [Thread-4 (]: Began compiling node test.hospital_dw.not_null_stg_dim_diagnosis_diagnosis_key.423220c9c5
[0m08:25:01.030766 [debug] [Thread-1 (]: Writing injected SQL for node "test.hospital_dw.accepted_values_stg_fact_admission_readmitted_30d__0__1.ba08008d27"
[0m08:25:01.039187 [debug] [Thread-2 (]: Writing injected SQL for node "test.hospital_dw.not_null_stg_dim_date_date_key.208b757f38"
[0m08:25:01.043839 [debug] [Thread-3 (]: Writing injected SQL for node "test.hospital_dw.not_null_stg_dim_department_department_key.24057a06f5"
[0m08:25:01.048957 [debug] [Thread-4 (]: Writing injected SQL for node "test.hospital_dw.not_null_stg_dim_diagnosis_diagnosis_key.423220c9c5"
[0m08:25:01.067530 [debug] [Thread-1 (]: Timing info for test.hospital_dw.accepted_values_stg_fact_admission_readmitted_30d__0__1.ba08008d27 (compile): 08:25:01.018427 => 08:25:01.067248
[0m08:25:01.069946 [debug] [Thread-1 (]: Began executing node test.hospital_dw.accepted_values_stg_fact_admission_readmitted_30d__0__1.ba08008d27
[0m08:25:01.070396 [debug] [Thread-3 (]: Timing info for test.hospital_dw.not_null_stg_dim_department_department_key.24057a06f5 (compile): 08:25:01.041088 => 08:25:01.070153
[0m08:25:01.081375 [debug] [Thread-1 (]: Writing runtime sql for node "test.hospital_dw.accepted_values_stg_fact_admission_readmitted_30d__0__1.ba08008d27"
[0m08:25:01.081884 [debug] [Thread-2 (]: Timing info for test.hospital_dw.not_null_stg_dim_date_date_key.208b757f38 (compile): 08:25:01.031962 => 08:25:01.081704
[0m08:25:01.083927 [debug] [Thread-3 (]: Began executing node test.hospital_dw.not_null_stg_dim_department_department_key.24057a06f5
[0m08:25:01.087703 [debug] [Thread-4 (]: Timing info for test.hospital_dw.not_null_stg_dim_diagnosis_diagnosis_key.423220c9c5 (compile): 08:25:01.046505 => 08:25:01.087283
[0m08:25:01.090430 [debug] [Thread-2 (]: Began executing node test.hospital_dw.not_null_stg_dim_date_date_key.208b757f38
[0m08:25:01.098800 [debug] [Thread-3 (]: Writing runtime sql for node "test.hospital_dw.not_null_stg_dim_department_department_key.24057a06f5"
[0m08:25:01.101315 [debug] [Thread-4 (]: Began executing node test.hospital_dw.not_null_stg_dim_diagnosis_diagnosis_key.423220c9c5
[0m08:25:01.108234 [debug] [Thread-2 (]: Writing runtime sql for node "test.hospital_dw.not_null_stg_dim_date_date_key.208b757f38"
[0m08:25:01.113458 [debug] [Thread-4 (]: Writing runtime sql for node "test.hospital_dw.not_null_stg_dim_diagnosis_diagnosis_key.423220c9c5"
[0m08:25:01.121546 [debug] [Thread-1 (]: Using postgres connection "test.hospital_dw.accepted_values_stg_fact_admission_readmitted_30d__0__1.ba08008d27"
[0m08:25:01.125133 [debug] [Thread-1 (]: On test.hospital_dw.accepted_values_stg_fact_admission_readmitted_30d__0__1.ba08008d27: BEGIN
[0m08:25:01.126163 [debug] [Thread-3 (]: Using postgres connection "test.hospital_dw.not_null_stg_dim_department_department_key.24057a06f5"
[0m08:25:01.129345 [debug] [Thread-1 (]: Opening a new connection, currently in state closed
[0m08:25:01.130566 [debug] [Thread-2 (]: Using postgres connection "test.hospital_dw.not_null_stg_dim_date_date_key.208b757f38"
[0m08:25:01.133990 [debug] [Thread-3 (]: On test.hospital_dw.not_null_stg_dim_department_department_key.24057a06f5: BEGIN
[0m08:25:01.139432 [debug] [Thread-4 (]: Using postgres connection "test.hospital_dw.not_null_stg_dim_diagnosis_diagnosis_key.423220c9c5"
[0m08:25:01.143013 [debug] [Thread-2 (]: On test.hospital_dw.not_null_stg_dim_date_date_key.208b757f38: BEGIN
[0m08:25:01.147156 [debug] [Thread-3 (]: Opening a new connection, currently in state init
[0m08:25:01.149793 [debug] [Thread-1 (]: SQL status: BEGIN in 0.0 seconds
[0m08:25:01.152201 [debug] [Thread-4 (]: On test.hospital_dw.not_null_stg_dim_diagnosis_diagnosis_key.423220c9c5: BEGIN
[0m08:25:01.156624 [debug] [Thread-2 (]: Opening a new connection, currently in state init
[0m08:25:01.164249 [debug] [Thread-1 (]: Using postgres connection "test.hospital_dw.accepted_values_stg_fact_admission_readmitted_30d__0__1.ba08008d27"
[0m08:25:01.168303 [debug] [Thread-4 (]: Opening a new connection, currently in state init
[0m08:25:01.170552 [debug] [Thread-3 (]: SQL status: BEGIN in 0.0 seconds
[0m08:25:01.172555 [debug] [Thread-1 (]: On test.hospital_dw.accepted_values_stg_fact_admission_readmitted_30d__0__1.ba08008d27: /* {"app": "dbt", "dbt_version": "1.7.13", "profile_name": "hospital_dw", "target_name": "dev", "node_id": "test.hospital_dw.accepted_values_stg_fact_admission_readmitted_30d__0__1.ba08008d27"} */
select
      count(*) as failures,
      count(*) != 0 as should_warn,
      count(*) != 0 as should_error
    from (
      
    
    

with all_values as (

    select
        readmitted_30d as value_field,
        count(*) as n_records

    from "hospital_dw"."public"."stg_fact_admission"
    group by readmitted_30d

)

select *
from all_values
where value_field not in (
    '0','1'
)



      
    ) dbt_internal_test
[0m08:25:01.175201 [debug] [Thread-2 (]: SQL status: BEGIN in 0.0 seconds
[0m08:25:01.176822 [debug] [Thread-3 (]: Using postgres connection "test.hospital_dw.not_null_stg_dim_department_department_key.24057a06f5"
[0m08:25:01.179051 [debug] [Thread-4 (]: SQL status: BEGIN in 0.0 seconds
[0m08:25:01.180810 [debug] [Thread-2 (]: Using postgres connection "test.hospital_dw.not_null_stg_dim_date_date_key.208b757f38"
[0m08:25:01.182890 [debug] [Thread-3 (]: On test.hospital_dw.not_null_stg_dim_department_department_key.24057a06f5: /* {"app": "dbt", "dbt_version": "1.7.13", "profile_name": "hospital_dw", "target_name": "dev", "node_id": "test.hospital_dw.not_null_stg_dim_department_department_key.24057a06f5"} */
select
      count(*) as failures,
      count(*) != 0 as should_warn,
      count(*) != 0 as should_error
    from (
      
    
    



select department_key
from "hospital_dw"."public"."stg_dim_department"
where department_key is null



      
    ) dbt_internal_test
[0m08:25:01.184483 [debug] [Thread-4 (]: Using postgres connection "test.hospital_dw.not_null_stg_dim_diagnosis_diagnosis_key.423220c9c5"
[0m08:25:01.186491 [debug] [Thread-2 (]: On test.hospital_dw.not_null_stg_dim_date_date_key.208b757f38: /* {"app": "dbt", "dbt_version": "1.7.13", "profile_name": "hospital_dw", "target_name": "dev", "node_id": "test.hospital_dw.not_null_stg_dim_date_date_key.208b757f38"} */
select
      count(*) as failures,
      count(*) != 0 as should_warn,
      count(*) != 0 as should_error
    from (
      
    
    



select date_key
from "hospital_dw"."public"."stg_dim_date"
where date_key is null



      
    ) dbt_internal_test
[0m08:25:01.188096 [debug] [Thread-1 (]: SQL status: SELECT 1 in 0.0 seconds
[0m08:25:01.189135 [debug] [Thread-3 (]: SQL status: SELECT 1 in 0.0 seconds
[0m08:25:01.189722 [debug] [Thread-4 (]: On test.hospital_dw.not_null_stg_dim_diagnosis_diagnosis_key.423220c9c5: /* {"app": "dbt", "dbt_version": "1.7.13", "profile_name": "hospital_dw", "target_name": "dev", "node_id": "test.hospital_dw.not_null_stg_dim_diagnosis_diagnosis_key.423220c9c5"} */
select
      count(*) as failures,
      count(*) != 0 as should_warn,
      count(*) != 0 as should_error
    from (
      
    
    



select diagnosis_key
from "hospital_dw"."public"."stg_dim_diagnosis"
where diagnosis_key is null



      
    ) dbt_internal_test
[0m08:25:01.193676 [debug] [Thread-1 (]: Timing info for test.hospital_dw.accepted_values_stg_fact_admission_readmitted_30d__0__1.ba08008d27 (execute): 08:25:01.072389 => 08:25:01.193491
[0m08:25:01.194557 [debug] [Thread-2 (]: SQL status: SELECT 1 in 0.0 seconds
[0m08:25:01.196163 [debug] [Thread-3 (]: Timing info for test.hospital_dw.not_null_stg_dim_department_department_key.24057a06f5 (execute): 08:25:01.094599 => 08:25:01.195995
[0m08:25:01.198655 [debug] [Thread-4 (]: SQL status: SELECT 1 in 0.0 seconds
[0m08:25:01.199101 [debug] [Thread-1 (]: On test.hospital_dw.accepted_values_stg_fact_admission_readmitted_30d__0__1.ba08008d27: ROLLBACK
[0m08:25:01.201302 [debug] [Thread-2 (]: Timing info for test.hospital_dw.not_null_stg_dim_date_date_key.208b757f38 (execute): 08:25:01.104764 => 08:25:01.201130
[0m08:25:01.202721 [debug] [Thread-3 (]: On test.hospital_dw.not_null_stg_dim_department_department_key.24057a06f5: ROLLBACK
[0m08:25:01.204894 [debug] [Thread-4 (]: Timing info for test.hospital_dw.not_null_stg_dim_diagnosis_diagnosis_key.423220c9c5 (execute): 08:25:01.111878 => 08:25:01.204723
[0m08:25:01.206521 [debug] [Thread-1 (]: On test.hospital_dw.accepted_values_stg_fact_admission_readmitted_30d__0__1.ba08008d27: Close
[0m08:25:01.207585 [debug] [Thread-2 (]: On test.hospital_dw.not_null_stg_dim_date_date_key.208b757f38: ROLLBACK
[0m08:25:01.209481 [debug] [Thread-3 (]: On test.hospital_dw.not_null_stg_dim_department_department_key.24057a06f5: Close
[0m08:25:01.210774 [debug] [Thread-4 (]: On test.hospital_dw.not_null_stg_dim_diagnosis_diagnosis_key.423220c9c5: ROLLBACK
[0m08:25:01.213498 [info ] [Thread-1 (]: 1 of 15 PASS accepted_values_stg_fact_admission_readmitted_30d__0__1 ........... [[32mPASS[0m in 0.21s]
[0m08:25:01.214832 [debug] [Thread-2 (]: On test.hospital_dw.not_null_stg_dim_date_date_key.208b757f38: Close
[0m08:25:01.216333 [info ] [Thread-3 (]: 3 of 15 PASS not_null_stg_dim_department_department_key ........................ [[32mPASS[0m in 0.21s]
[0m08:25:01.217569 [debug] [Thread-4 (]: On test.hospital_dw.not_null_stg_dim_diagnosis_diagnosis_key.423220c9c5: Close
[0m08:25:01.219131 [debug] [Thread-1 (]: Finished running node test.hospital_dw.accepted_values_stg_fact_admission_readmitted_30d__0__1.ba08008d27
[0m08:25:01.221218 [info ] [Thread-2 (]: 2 of 15 PASS not_null_stg_dim_date_date_key .................................... [[32mPASS[0m in 0.22s]
[0m08:25:01.222364 [debug] [Thread-3 (]: Finished running node test.hospital_dw.not_null_stg_dim_department_department_key.24057a06f5
[0m08:25:01.224446 [info ] [Thread-4 (]: 4 of 15 PASS not_null_stg_dim_diagnosis_diagnosis_key .......................... [[32mPASS[0m in 0.22s]
[0m08:25:01.225650 [debug] [Thread-1 (]: Began running node test.hospital_dw.not_null_stg_dim_patient_patient_key.86605293d1
[0m08:25:01.227878 [debug] [Thread-2 (]: Finished running node test.hospital_dw.not_null_stg_dim_date_date_key.208b757f38
[0m08:25:01.229644 [debug] [Thread-3 (]: Began running node test.hospital_dw.not_null_stg_fact_admission_encounter_id.71ff8c28cf
[0m08:25:01.231507 [debug] [Thread-4 (]: Finished running node test.hospital_dw.not_null_stg_dim_diagnosis_diagnosis_key.423220c9c5
[0m08:25:01.233575 [info ] [Thread-1 (]: 5 of 15 START test not_null_stg_dim_patient_patient_key ........................ [RUN]
[0m08:25:01.235335 [debug] [Thread-2 (]: Began running node test.hospital_dw.not_null_stg_fact_admission_patient_key.8895b10168
[0m08:25:01.237120 [info ] [Thread-3 (]: 6 of 15 START test not_null_stg_fact_admission_encounter_id .................... [RUN]
[0m08:25:01.239051 [debug] [Thread-4 (]: Began running node test.hospital_dw.relationships_stg_fact_admission_department_key__department_key__ref_stg_dim_department_.bdaf5ed20e
[0m08:25:01.241510 [debug] [Thread-1 (]: Re-using an available connection from the pool (formerly test.hospital_dw.accepted_values_stg_fact_admission_readmitted_30d__0__1.ba08008d27, now test.hospital_dw.not_null_stg_dim_patient_patient_key.86605293d1)
[0m08:25:01.244185 [info ] [Thread-2 (]: 7 of 15 START test not_null_stg_fact_admission_patient_key ..................... [RUN]
[0m08:25:01.246220 [debug] [Thread-3 (]: Re-using an available connection from the pool (formerly test.hospital_dw.not_null_stg_dim_department_department_key.24057a06f5, now test.hospital_dw.not_null_stg_fact_admission_encounter_id.71ff8c28cf)
[0m08:25:01.248595 [info ] [Thread-4 (]: 8 of 15 START test relationships_stg_fact_admission_department_key__department_key__ref_stg_dim_department_  [RUN]
[0m08:25:01.250644 [debug] [Thread-1 (]: Began compiling node test.hospital_dw.not_null_stg_dim_patient_patient_key.86605293d1
[0m08:25:01.252598 [debug] [Thread-2 (]: Re-using an available connection from the pool (formerly test.hospital_dw.not_null_stg_dim_date_date_key.208b757f38, now test.hospital_dw.not_null_stg_fact_admission_patient_key.8895b10168)
[0m08:25:01.254374 [debug] [Thread-3 (]: Began compiling node test.hospital_dw.not_null_stg_fact_admission_encounter_id.71ff8c28cf
[0m08:25:01.257062 [debug] [Thread-4 (]: Re-using an available connection from the pool (formerly test.hospital_dw.not_null_stg_dim_diagnosis_diagnosis_key.423220c9c5, now test.hospital_dw.relationships_stg_fact_admission_department_key__department_key__ref_stg_dim_department_.bdaf5ed20e)
[0m08:25:01.262038 [debug] [Thread-1 (]: Writing injected SQL for node "test.hospital_dw.not_null_stg_dim_patient_patient_key.86605293d1"
[0m08:25:01.263682 [debug] [Thread-2 (]: Began compiling node test.hospital_dw.not_null_stg_fact_admission_patient_key.8895b10168
[0m08:25:01.268240 [debug] [Thread-3 (]: Writing injected SQL for node "test.hospital_dw.not_null_stg_fact_admission_encounter_id.71ff8c28cf"
[0m08:25:01.270068 [debug] [Thread-4 (]: Began compiling node test.hospital_dw.relationships_stg_fact_admission_department_key__department_key__ref_stg_dim_department_.bdaf5ed20e
[0m08:25:01.276857 [debug] [Thread-2 (]: Writing injected SQL for node "test.hospital_dw.not_null_stg_fact_admission_patient_key.8895b10168"
[0m08:25:01.285893 [debug] [Thread-4 (]: Writing injected SQL for node "test.hospital_dw.relationships_stg_fact_admission_department_key__department_key__ref_stg_dim_department_.bdaf5ed20e"
[0m08:25:01.287474 [debug] [Thread-1 (]: Timing info for test.hospital_dw.not_null_stg_dim_patient_patient_key.86605293d1 (compile): 08:25:01.258529 => 08:25:01.287277
[0m08:25:01.290195 [debug] [Thread-3 (]: Timing info for test.hospital_dw.not_null_stg_fact_admission_encounter_id.71ff8c28cf (compile): 08:25:01.265083 => 08:25:01.289998
[0m08:25:01.294932 [debug] [Thread-1 (]: Began executing node test.hospital_dw.not_null_stg_dim_patient_patient_key.86605293d1
[0m08:25:01.296606 [debug] [Thread-2 (]: Timing info for test.hospital_dw.not_null_stg_fact_admission_patient_key.8895b10168 (compile): 08:25:01.273723 => 08:25:01.296220
[0m08:25:01.297857 [debug] [Thread-3 (]: Began executing node test.hospital_dw.not_null_stg_fact_admission_encounter_id.71ff8c28cf
[0m08:25:01.305904 [debug] [Thread-1 (]: Writing runtime sql for node "test.hospital_dw.not_null_stg_dim_patient_patient_key.86605293d1"
[0m08:25:01.307598 [debug] [Thread-4 (]: Timing info for test.hospital_dw.relationships_stg_fact_admission_department_key__department_key__ref_stg_dim_department_.bdaf5ed20e (compile): 08:25:01.279625 => 08:25:01.306598
[0m08:25:01.311862 [debug] [Thread-2 (]: Began executing node test.hospital_dw.not_null_stg_fact_admission_patient_key.8895b10168
[0m08:25:01.319473 [debug] [Thread-3 (]: Writing runtime sql for node "test.hospital_dw.not_null_stg_fact_admission_encounter_id.71ff8c28cf"
[0m08:25:01.327983 [debug] [Thread-4 (]: Began executing node test.hospital_dw.relationships_stg_fact_admission_department_key__department_key__ref_stg_dim_department_.bdaf5ed20e
[0m08:25:01.332718 [debug] [Thread-2 (]: Writing runtime sql for node "test.hospital_dw.not_null_stg_fact_admission_patient_key.8895b10168"
[0m08:25:01.338429 [debug] [Thread-4 (]: Writing runtime sql for node "test.hospital_dw.relationships_stg_fact_admission_department_key__department_key__ref_stg_dim_department_.bdaf5ed20e"
[0m08:25:01.343740 [debug] [Thread-1 (]: Using postgres connection "test.hospital_dw.not_null_stg_dim_patient_patient_key.86605293d1"
[0m08:25:01.345760 [debug] [Thread-1 (]: On test.hospital_dw.not_null_stg_dim_patient_patient_key.86605293d1: BEGIN
[0m08:25:01.347221 [debug] [Thread-3 (]: Using postgres connection "test.hospital_dw.not_null_stg_fact_admission_encounter_id.71ff8c28cf"
[0m08:25:01.348143 [debug] [Thread-1 (]: Opening a new connection, currently in state closed
[0m08:25:01.349525 [debug] [Thread-2 (]: Using postgres connection "test.hospital_dw.not_null_stg_fact_admission_patient_key.8895b10168"
[0m08:25:01.351072 [debug] [Thread-3 (]: On test.hospital_dw.not_null_stg_fact_admission_encounter_id.71ff8c28cf: BEGIN
[0m08:25:01.354308 [debug] [Thread-4 (]: Using postgres connection "test.hospital_dw.relationships_stg_fact_admission_department_key__department_key__ref_stg_dim_department_.bdaf5ed20e"
[0m08:25:01.356201 [debug] [Thread-2 (]: On test.hospital_dw.not_null_stg_fact_admission_patient_key.8895b10168: BEGIN
[0m08:25:01.358642 [debug] [Thread-3 (]: Opening a new connection, currently in state closed
[0m08:25:01.359172 [debug] [Thread-1 (]: SQL status: BEGIN in 0.0 seconds
[0m08:25:01.361085 [debug] [Thread-4 (]: On test.hospital_dw.relationships_stg_fact_admission_department_key__department_key__ref_stg_dim_department_.bdaf5ed20e: BEGIN
[0m08:25:01.363211 [debug] [Thread-2 (]: Opening a new connection, currently in state closed
[0m08:25:01.367615 [debug] [Thread-1 (]: Using postgres connection "test.hospital_dw.not_null_stg_dim_patient_patient_key.86605293d1"
[0m08:25:01.369705 [debug] [Thread-4 (]: Opening a new connection, currently in state closed
[0m08:25:01.370583 [debug] [Thread-3 (]: SQL status: BEGIN in 0.0 seconds
[0m08:25:01.373084 [debug] [Thread-1 (]: On test.hospital_dw.not_null_stg_dim_patient_patient_key.86605293d1: /* {"app": "dbt", "dbt_version": "1.7.13", "profile_name": "hospital_dw", "target_name": "dev", "node_id": "test.hospital_dw.not_null_stg_dim_patient_patient_key.86605293d1"} */
select
      count(*) as failures,
      count(*) != 0 as should_warn,
      count(*) != 0 as should_error
    from (
      
    
    



select patient_key
from "hospital_dw"."public"."stg_dim_patient"
where patient_key is null



      
    ) dbt_internal_test
[0m08:25:01.375352 [debug] [Thread-2 (]: SQL status: BEGIN in 0.0 seconds
[0m08:25:01.376964 [debug] [Thread-3 (]: Using postgres connection "test.hospital_dw.not_null_stg_fact_admission_encounter_id.71ff8c28cf"
[0m08:25:01.378510 [debug] [Thread-4 (]: SQL status: BEGIN in 0.0 seconds
[0m08:25:01.381260 [debug] [Thread-2 (]: Using postgres connection "test.hospital_dw.not_null_stg_fact_admission_patient_key.8895b10168"
[0m08:25:01.383486 [debug] [Thread-3 (]: On test.hospital_dw.not_null_stg_fact_admission_encounter_id.71ff8c28cf: /* {"app": "dbt", "dbt_version": "1.7.13", "profile_name": "hospital_dw", "target_name": "dev", "node_id": "test.hospital_dw.not_null_stg_fact_admission_encounter_id.71ff8c28cf"} */
select
      count(*) as failures,
      count(*) != 0 as should_warn,
      count(*) != 0 as should_error
    from (
      
    
    



select encounter_id
from "hospital_dw"."public"."stg_fact_admission"
where encounter_id is null



      
    ) dbt_internal_test
[0m08:25:01.385368 [debug] [Thread-4 (]: Using postgres connection "test.hospital_dw.relationships_stg_fact_admission_department_key__department_key__ref_stg_dim_department_.bdaf5ed20e"
[0m08:25:01.386858 [debug] [Thread-2 (]: On test.hospital_dw.not_null_stg_fact_admission_patient_key.8895b10168: /* {"app": "dbt", "dbt_version": "1.7.13", "profile_name": "hospital_dw", "target_name": "dev", "node_id": "test.hospital_dw.not_null_stg_fact_admission_patient_key.8895b10168"} */
select
      count(*) as failures,
      count(*) != 0 as should_warn,
      count(*) != 0 as should_error
    from (
      
    
    



select patient_key
from "hospital_dw"."public"."stg_fact_admission"
where patient_key is null



      
    ) dbt_internal_test
[0m08:25:01.388431 [debug] [Thread-1 (]: SQL status: SELECT 1 in 0.0 seconds
[0m08:25:01.390506 [debug] [Thread-4 (]: On test.hospital_dw.relationships_stg_fact_admission_department_key__department_key__ref_stg_dim_department_.bdaf5ed20e: /* {"app": "dbt", "dbt_version": "1.7.13", "profile_name": "hospital_dw", "target_name": "dev", "node_id": "test.hospital_dw.relationships_stg_fact_admission_department_key__department_key__ref_stg_dim_department_.bdaf5ed20e"} */
select
      count(*) as failures,
      count(*) != 0 as should_warn,
      count(*) != 0 as should_error
    from (
      
    
    

with child as (
    select department_key as from_field
    from "hospital_dw"."public"."stg_fact_admission"
    where department_key is not null
),

parent as (
    select department_key as to_field
    from "hospital_dw"."public"."stg_dim_department"
)

select
    from_field

from child
left join parent
    on child.from_field = parent.to_field

where parent.to_field is null



      
    ) dbt_internal_test
[0m08:25:01.392398 [debug] [Thread-3 (]: SQL status: SELECT 1 in 0.0 seconds
[0m08:25:01.395013 [debug] [Thread-1 (]: Timing info for test.hospital_dw.not_null_stg_dim_patient_patient_key.86605293d1 (execute): 08:25:01.301699 => 08:25:01.394850
[0m08:25:01.396285 [debug] [Thread-2 (]: SQL status: SELECT 1 in 0.0 seconds
[0m08:25:01.402577 [debug] [Thread-3 (]: Timing info for test.hospital_dw.not_null_stg_fact_admission_encounter_id.71ff8c28cf (execute): 08:25:01.315217 => 08:25:01.402417
[0m08:25:01.404294 [debug] [Thread-1 (]: On test.hospital_dw.not_null_stg_dim_patient_patient_key.86605293d1: ROLLBACK
[0m08:25:01.404562 [debug] [Thread-4 (]: SQL status: SELECT 1 in 0.0 seconds
[0m08:25:01.406854 [debug] [Thread-2 (]: Timing info for test.hospital_dw.not_null_stg_fact_admission_patient_key.8895b10168 (execute): 08:25:01.331122 => 08:25:01.406718
[0m08:25:01.409214 [debug] [Thread-3 (]: On test.hospital_dw.not_null_stg_fact_admission_encounter_id.71ff8c28cf: ROLLBACK
[0m08:25:01.411550 [debug] [Thread-1 (]: On test.hospital_dw.not_null_stg_dim_patient_patient_key.86605293d1: Close
[0m08:25:01.413614 [debug] [Thread-4 (]: Timing info for test.hospital_dw.relationships_stg_fact_admission_department_key__department_key__ref_stg_dim_department_.bdaf5ed20e (execute): 08:25:01.337027 => 08:25:01.413462
[0m08:25:01.415484 [debug] [Thread-2 (]: On test.hospital_dw.not_null_stg_fact_admission_patient_key.8895b10168: ROLLBACK
[0m08:25:01.417273 [debug] [Thread-3 (]: On test.hospital_dw.not_null_stg_fact_admission_encounter_id.71ff8c28cf: Close
[0m08:25:01.419051 [info ] [Thread-1 (]: 5 of 15 PASS not_null_stg_dim_patient_patient_key .............................. [[32mPASS[0m in 0.18s]
[0m08:25:01.420209 [debug] [Thread-4 (]: On test.hospital_dw.relationships_stg_fact_admission_department_key__department_key__ref_stg_dim_department_.bdaf5ed20e: ROLLBACK
[0m08:25:01.422255 [debug] [Thread-2 (]: On test.hospital_dw.not_null_stg_fact_admission_patient_key.8895b10168: Close
[0m08:25:01.424104 [info ] [Thread-3 (]: 6 of 15 PASS not_null_stg_fact_admission_encounter_id .......................... [[32mPASS[0m in 0.18s]
[0m08:25:01.425571 [debug] [Thread-1 (]: Finished running node test.hospital_dw.not_null_stg_dim_patient_patient_key.86605293d1
[0m08:25:01.427681 [debug] [Thread-4 (]: On test.hospital_dw.relationships_stg_fact_admission_department_key__department_key__ref_stg_dim_department_.bdaf5ed20e: Close
[0m08:25:01.429403 [error] [Thread-2 (]: 7 of 15 FAIL 2909 not_null_stg_fact_admission_patient_key ...................... [[31mFAIL 2909[0m in 0.18s]
[0m08:25:01.430866 [debug] [Thread-3 (]: Finished running node test.hospital_dw.not_null_stg_fact_admission_encounter_id.71ff8c28cf
[0m08:25:01.432852 [debug] [Thread-1 (]: Began running node test.hospital_dw.relationships_stg_fact_admission_diagnosis_key__diagnosis_key__ref_stg_dim_diagnosis_.84bafa8a45
[0m08:25:01.435272 [info ] [Thread-4 (]: 8 of 15 PASS relationships_stg_fact_admission_department_key__department_key__ref_stg_dim_department_  [[32mPASS[0m in 0.18s]
[0m08:25:01.437745 [debug] [Thread-2 (]: Finished running node test.hospital_dw.not_null_stg_fact_admission_patient_key.8895b10168
[0m08:25:01.439375 [debug] [Thread-3 (]: Began running node test.hospital_dw.relationships_stg_fact_admission_patient_key__patient_key__ref_stg_dim_patient_.1b2f62cd60
[0m08:25:01.441127 [info ] [Thread-1 (]: 9 of 15 START test relationships_stg_fact_admission_diagnosis_key__diagnosis_key__ref_stg_dim_diagnosis_  [RUN]
[0m08:25:01.442605 [debug] [Thread-4 (]: Finished running node test.hospital_dw.relationships_stg_fact_admission_department_key__department_key__ref_stg_dim_department_.bdaf5ed20e
[0m08:25:01.444156 [debug] [Thread-2 (]: Began running node test.hospital_dw.unique_stg_dim_date_date_key.7c4df93a1d
[0m08:25:01.445436 [info ] [Thread-3 (]: 10 of 15 START test relationships_stg_fact_admission_patient_key__patient_key__ref_stg_dim_patient_  [RUN]
[0m08:25:01.447157 [debug] [Thread-1 (]: Re-using an available connection from the pool (formerly test.hospital_dw.not_null_stg_dim_patient_patient_key.86605293d1, now test.hospital_dw.relationships_stg_fact_admission_diagnosis_key__diagnosis_key__ref_stg_dim_diagnosis_.84bafa8a45)
[0m08:25:01.448855 [debug] [Thread-4 (]: Began running node test.hospital_dw.unique_stg_dim_department_department_key.d6a80fc14a
[0m08:25:01.450053 [info ] [Thread-2 (]: 11 of 15 START test unique_stg_dim_date_date_key ............................... [RUN]
[0m08:25:01.451703 [debug] [Thread-3 (]: Re-using an available connection from the pool (formerly test.hospital_dw.not_null_stg_fact_admission_encounter_id.71ff8c28cf, now test.hospital_dw.relationships_stg_fact_admission_patient_key__patient_key__ref_stg_dim_patient_.1b2f62cd60)
[0m08:25:01.453028 [debug] [Thread-1 (]: Began compiling node test.hospital_dw.relationships_stg_fact_admission_diagnosis_key__diagnosis_key__ref_stg_dim_diagnosis_.84bafa8a45
[0m08:25:01.454510 [info ] [Thread-4 (]: 12 of 15 START test unique_stg_dim_department_department_key ................... [RUN]
[0m08:25:01.456440 [debug] [Thread-2 (]: Re-using an available connection from the pool (formerly test.hospital_dw.not_null_stg_fact_admission_patient_key.8895b10168, now test.hospital_dw.unique_stg_dim_date_date_key.7c4df93a1d)
[0m08:25:01.457813 [debug] [Thread-3 (]: Began compiling node test.hospital_dw.relationships_stg_fact_admission_patient_key__patient_key__ref_stg_dim_patient_.1b2f62cd60
[0m08:25:01.462796 [debug] [Thread-1 (]: Writing injected SQL for node "test.hospital_dw.relationships_stg_fact_admission_diagnosis_key__diagnosis_key__ref_stg_dim_diagnosis_.84bafa8a45"
[0m08:25:01.464373 [debug] [Thread-4 (]: Re-using an available connection from the pool (formerly test.hospital_dw.relationships_stg_fact_admission_department_key__department_key__ref_stg_dim_department_.bdaf5ed20e, now test.hospital_dw.unique_stg_dim_department_department_key.d6a80fc14a)
[0m08:25:01.465461 [debug] [Thread-2 (]: Began compiling node test.hospital_dw.unique_stg_dim_date_date_key.7c4df93a1d
[0m08:25:01.469944 [debug] [Thread-3 (]: Writing injected SQL for node "test.hospital_dw.relationships_stg_fact_admission_patient_key__patient_key__ref_stg_dim_patient_.1b2f62cd60"
[0m08:25:01.472742 [debug] [Thread-4 (]: Began compiling node test.hospital_dw.unique_stg_dim_department_department_key.d6a80fc14a
[0m08:25:01.477924 [debug] [Thread-2 (]: Writing injected SQL for node "test.hospital_dw.unique_stg_dim_date_date_key.7c4df93a1d"
[0m08:25:01.482589 [debug] [Thread-4 (]: Writing injected SQL for node "test.hospital_dw.unique_stg_dim_department_department_key.d6a80fc14a"
[0m08:25:01.484859 [debug] [Thread-1 (]: Timing info for test.hospital_dw.relationships_stg_fact_admission_diagnosis_key__diagnosis_key__ref_stg_dim_diagnosis_.84bafa8a45 (compile): 08:25:01.459122 => 08:25:01.484618
[0m08:25:01.486289 [debug] [Thread-1 (]: Began executing node test.hospital_dw.relationships_stg_fact_admission_diagnosis_key__diagnosis_key__ref_stg_dim_diagnosis_.84bafa8a45
[0m08:25:01.486627 [debug] [Thread-3 (]: Timing info for test.hospital_dw.relationships_stg_fact_admission_patient_key__patient_key__ref_stg_dim_patient_.1b2f62cd60 (compile): 08:25:01.466473 => 08:25:01.486451
[0m08:25:01.490375 [debug] [Thread-1 (]: Writing runtime sql for node "test.hospital_dw.relationships_stg_fact_admission_diagnosis_key__diagnosis_key__ref_stg_dim_diagnosis_.84bafa8a45"
[0m08:25:01.491008 [debug] [Thread-2 (]: Timing info for test.hospital_dw.unique_stg_dim_date_date_key.7c4df93a1d (compile): 08:25:01.474214 => 08:25:01.490719
[0m08:25:01.493084 [debug] [Thread-3 (]: Began executing node test.hospital_dw.relationships_stg_fact_admission_patient_key__patient_key__ref_stg_dim_patient_.1b2f62cd60
[0m08:25:01.496079 [debug] [Thread-4 (]: Timing info for test.hospital_dw.unique_stg_dim_department_department_key.d6a80fc14a (compile): 08:25:01.480030 => 08:25:01.495709
[0m08:25:01.499755 [debug] [Thread-2 (]: Began executing node test.hospital_dw.unique_stg_dim_date_date_key.7c4df93a1d
[0m08:25:01.506258 [debug] [Thread-3 (]: Writing runtime sql for node "test.hospital_dw.relationships_stg_fact_admission_patient_key__patient_key__ref_stg_dim_patient_.1b2f62cd60"
[0m08:25:01.509690 [debug] [Thread-4 (]: Began executing node test.hospital_dw.unique_stg_dim_department_department_key.d6a80fc14a
[0m08:25:01.515478 [debug] [Thread-2 (]: Writing runtime sql for node "test.hospital_dw.unique_stg_dim_date_date_key.7c4df93a1d"
[0m08:25:01.519280 [debug] [Thread-1 (]: Using postgres connection "test.hospital_dw.relationships_stg_fact_admission_diagnosis_key__diagnosis_key__ref_stg_dim_diagnosis_.84bafa8a45"
[0m08:25:01.522237 [debug] [Thread-4 (]: Writing runtime sql for node "test.hospital_dw.unique_stg_dim_department_department_key.d6a80fc14a"
[0m08:25:01.524999 [debug] [Thread-3 (]: Using postgres connection "test.hospital_dw.relationships_stg_fact_admission_patient_key__patient_key__ref_stg_dim_patient_.1b2f62cd60"
[0m08:25:01.526321 [debug] [Thread-1 (]: On test.hospital_dw.relationships_stg_fact_admission_diagnosis_key__diagnosis_key__ref_stg_dim_diagnosis_.84bafa8a45: BEGIN
[0m08:25:01.530757 [debug] [Thread-3 (]: On test.hospital_dw.relationships_stg_fact_admission_patient_key__patient_key__ref_stg_dim_patient_.1b2f62cd60: BEGIN
[0m08:25:01.533301 [debug] [Thread-1 (]: Opening a new connection, currently in state closed
[0m08:25:01.536134 [debug] [Thread-3 (]: Opening a new connection, currently in state closed
[0m08:25:01.537700 [debug] [Thread-2 (]: Using postgres connection "test.hospital_dw.unique_stg_dim_date_date_key.7c4df93a1d"
[0m08:25:01.543346 [debug] [Thread-4 (]: Using postgres connection "test.hospital_dw.unique_stg_dim_department_department_key.d6a80fc14a"
[0m08:25:01.547288 [debug] [Thread-2 (]: On test.hospital_dw.unique_stg_dim_date_date_key.7c4df93a1d: BEGIN
[0m08:25:01.548481 [debug] [Thread-1 (]: SQL status: BEGIN in 0.0 seconds
[0m08:25:01.549131 [debug] [Thread-3 (]: SQL status: BEGIN in 0.0 seconds
[0m08:25:01.550695 [debug] [Thread-4 (]: On test.hospital_dw.unique_stg_dim_department_department_key.d6a80fc14a: BEGIN
[0m08:25:01.552778 [debug] [Thread-2 (]: Opening a new connection, currently in state closed
[0m08:25:01.554838 [debug] [Thread-1 (]: Using postgres connection "test.hospital_dw.relationships_stg_fact_admission_diagnosis_key__diagnosis_key__ref_stg_dim_diagnosis_.84bafa8a45"
[0m08:25:01.556825 [debug] [Thread-3 (]: Using postgres connection "test.hospital_dw.relationships_stg_fact_admission_patient_key__patient_key__ref_stg_dim_patient_.1b2f62cd60"
[0m08:25:01.558264 [debug] [Thread-4 (]: Opening a new connection, currently in state closed
[0m08:25:01.561663 [debug] [Thread-1 (]: On test.hospital_dw.relationships_stg_fact_admission_diagnosis_key__diagnosis_key__ref_stg_dim_diagnosis_.84bafa8a45: /* {"app": "dbt", "dbt_version": "1.7.13", "profile_name": "hospital_dw", "target_name": "dev", "node_id": "test.hospital_dw.relationships_stg_fact_admission_diagnosis_key__diagnosis_key__ref_stg_dim_diagnosis_.84bafa8a45"} */
select
      count(*) as failures,
      count(*) != 0 as should_warn,
      count(*) != 0 as should_error
    from (
      
    
    

with child as (
    select diagnosis_key as from_field
    from "hospital_dw"."public"."stg_fact_admission"
    where diagnosis_key is not null
),

parent as (
    select diagnosis_key as to_field
    from "hospital_dw"."public"."stg_dim_diagnosis"
)

select
    from_field

from child
left join parent
    on child.from_field = parent.to_field

where parent.to_field is null



      
    ) dbt_internal_test
[0m08:25:01.563126 [debug] [Thread-3 (]: On test.hospital_dw.relationships_stg_fact_admission_patient_key__patient_key__ref_stg_dim_patient_.1b2f62cd60: /* {"app": "dbt", "dbt_version": "1.7.13", "profile_name": "hospital_dw", "target_name": "dev", "node_id": "test.hospital_dw.relationships_stg_fact_admission_patient_key__patient_key__ref_stg_dim_patient_.1b2f62cd60"} */
select
      count(*) as failures,
      count(*) != 0 as should_warn,
      count(*) != 0 as should_error
    from (
      
    
    

with child as (
    select patient_key as from_field
    from "hospital_dw"."public"."stg_fact_admission"
    where patient_key is not null
),

parent as (
    select patient_key as to_field
    from "hospital_dw"."public"."stg_dim_patient"
)

select
    from_field

from child
left join parent
    on child.from_field = parent.to_field

where parent.to_field is null



      
    ) dbt_internal_test
[0m08:25:01.564258 [debug] [Thread-2 (]: SQL status: BEGIN in 0.0 seconds
[0m08:25:01.568419 [debug] [Thread-2 (]: Using postgres connection "test.hospital_dw.unique_stg_dim_date_date_key.7c4df93a1d"
[0m08:25:01.569413 [debug] [Thread-4 (]: SQL status: BEGIN in 0.0 seconds
[0m08:25:01.571040 [debug] [Thread-2 (]: On test.hospital_dw.unique_stg_dim_date_date_key.7c4df93a1d: /* {"app": "dbt", "dbt_version": "1.7.13", "profile_name": "hospital_dw", "target_name": "dev", "node_id": "test.hospital_dw.unique_stg_dim_date_date_key.7c4df93a1d"} */
select
      count(*) as failures,
      count(*) != 0 as should_warn,
      count(*) != 0 as should_error
    from (
      
    
    

select
    date_key as unique_field,
    count(*) as n_records

from "hospital_dw"."public"."stg_dim_date"
where date_key is not null
group by date_key
having count(*) > 1



      
    ) dbt_internal_test
[0m08:25:01.572908 [debug] [Thread-4 (]: Using postgres connection "test.hospital_dw.unique_stg_dim_department_department_key.d6a80fc14a"
[0m08:25:01.575411 [debug] [Thread-4 (]: On test.hospital_dw.unique_stg_dim_department_department_key.d6a80fc14a: /* {"app": "dbt", "dbt_version": "1.7.13", "profile_name": "hospital_dw", "target_name": "dev", "node_id": "test.hospital_dw.unique_stg_dim_department_department_key.d6a80fc14a"} */
select
      count(*) as failures,
      count(*) != 0 as should_warn,
      count(*) != 0 as should_error
    from (
      
    
    

select
    department_key as unique_field,
    count(*) as n_records

from "hospital_dw"."public"."stg_dim_department"
where department_key is not null
group by department_key
having count(*) > 1



      
    ) dbt_internal_test
[0m08:25:01.576058 [debug] [Thread-2 (]: SQL status: SELECT 1 in 0.0 seconds
[0m08:25:01.576959 [debug] [Thread-1 (]: SQL status: SELECT 1 in 0.0 seconds
[0m08:25:01.577604 [debug] [Thread-4 (]: SQL status: SELECT 1 in 0.0 seconds
[0m08:25:01.578805 [debug] [Thread-2 (]: Timing info for test.hospital_dw.unique_stg_dim_date_date_key.7c4df93a1d (execute): 08:25:01.512459 => 08:25:01.578643
[0m08:25:01.580905 [debug] [Thread-1 (]: Timing info for test.hospital_dw.relationships_stg_fact_admission_diagnosis_key__diagnosis_key__ref_stg_dim_diagnosis_.84bafa8a45 (execute): 08:25:01.488044 => 08:25:01.580626
[0m08:25:01.582895 [debug] [Thread-4 (]: Timing info for test.hospital_dw.unique_stg_dim_department_department_key.d6a80fc14a (execute): 08:25:01.519610 => 08:25:01.582694
[0m08:25:01.584311 [debug] [Thread-2 (]: On test.hospital_dw.unique_stg_dim_date_date_key.7c4df93a1d: ROLLBACK
[0m08:25:01.585625 [debug] [Thread-1 (]: On test.hospital_dw.relationships_stg_fact_admission_diagnosis_key__diagnosis_key__ref_stg_dim_diagnosis_.84bafa8a45: ROLLBACK
[0m08:25:01.586879 [debug] [Thread-4 (]: On test.hospital_dw.unique_stg_dim_department_department_key.d6a80fc14a: ROLLBACK
[0m08:25:01.588434 [debug] [Thread-2 (]: On test.hospital_dw.unique_stg_dim_date_date_key.7c4df93a1d: Close
[0m08:25:01.589494 [debug] [Thread-1 (]: On test.hospital_dw.relationships_stg_fact_admission_diagnosis_key__diagnosis_key__ref_stg_dim_diagnosis_.84bafa8a45: Close
[0m08:25:01.590781 [debug] [Thread-4 (]: On test.hospital_dw.unique_stg_dim_department_department_key.d6a80fc14a: Close
[0m08:25:01.591513 [debug] [Thread-3 (]: SQL status: SELECT 1 in 0.0 seconds
[0m08:25:01.592109 [info ] [Thread-2 (]: 11 of 15 PASS unique_stg_dim_date_date_key ..................................... [[32mPASS[0m in 0.14s]
[0m08:25:01.593880 [info ] [Thread-1 (]: 9 of 15 PASS relationships_stg_fact_admission_diagnosis_key__diagnosis_key__ref_stg_dim_diagnosis_  [[32mPASS[0m in 0.15s]
[0m08:25:01.595358 [info ] [Thread-4 (]: 12 of 15 PASS unique_stg_dim_department_department_key ......................... [[32mPASS[0m in 0.13s]
[0m08:25:01.597324 [debug] [Thread-3 (]: Timing info for test.hospital_dw.relationships_stg_fact_admission_patient_key__patient_key__ref_stg_dim_patient_.1b2f62cd60 (execute): 08:25:01.503388 => 08:25:01.597149
[0m08:25:01.598843 [debug] [Thread-2 (]: Finished running node test.hospital_dw.unique_stg_dim_date_date_key.7c4df93a1d
[0m08:25:01.600276 [debug] [Thread-1 (]: Finished running node test.hospital_dw.relationships_stg_fact_admission_diagnosis_key__diagnosis_key__ref_stg_dim_diagnosis_.84bafa8a45
[0m08:25:01.601642 [debug] [Thread-4 (]: Finished running node test.hospital_dw.unique_stg_dim_department_department_key.d6a80fc14a
[0m08:25:01.602964 [debug] [Thread-3 (]: On test.hospital_dw.relationships_stg_fact_admission_patient_key__patient_key__ref_stg_dim_patient_.1b2f62cd60: ROLLBACK
[0m08:25:01.604478 [debug] [Thread-2 (]: Began running node test.hospital_dw.unique_stg_dim_diagnosis_diagnosis_key.3ed22a4566
[0m08:25:01.605860 [debug] [Thread-1 (]: Began running node test.hospital_dw.unique_stg_dim_patient_patient_key.af83063185
[0m08:25:01.607400 [debug] [Thread-4 (]: Began running node test.hospital_dw.unique_stg_fact_admission_encounter_id.e5084df6bf
[0m08:25:01.609009 [debug] [Thread-3 (]: On test.hospital_dw.relationships_stg_fact_admission_patient_key__patient_key__ref_stg_dim_patient_.1b2f62cd60: Close
[0m08:25:01.610054 [info ] [Thread-2 (]: 13 of 15 START test unique_stg_dim_diagnosis_diagnosis_key ..................... [RUN]
[0m08:25:01.611514 [info ] [Thread-1 (]: 14 of 15 START test unique_stg_dim_patient_patient_key ......................... [RUN]
[0m08:25:01.614714 [info ] [Thread-4 (]: 15 of 15 START test unique_stg_fact_admission_encounter_id ..................... [RUN]
[0m08:25:01.618323 [info ] [Thread-3 (]: 10 of 15 PASS relationships_stg_fact_admission_patient_key__patient_key__ref_stg_dim_patient_  [[32mPASS[0m in 0.17s]
[0m08:25:01.620493 [debug] [Thread-2 (]: Re-using an available connection from the pool (formerly test.hospital_dw.unique_stg_dim_date_date_key.7c4df93a1d, now test.hospital_dw.unique_stg_dim_diagnosis_diagnosis_key.3ed22a4566)
[0m08:25:01.622215 [debug] [Thread-1 (]: Re-using an available connection from the pool (formerly test.hospital_dw.relationships_stg_fact_admission_diagnosis_key__diagnosis_key__ref_stg_dim_diagnosis_.84bafa8a45, now test.hospital_dw.unique_stg_dim_patient_patient_key.af83063185)
[0m08:25:01.624164 [debug] [Thread-4 (]: Re-using an available connection from the pool (formerly test.hospital_dw.unique_stg_dim_department_department_key.d6a80fc14a, now test.hospital_dw.unique_stg_fact_admission_encounter_id.e5084df6bf)
[0m08:25:01.626372 [debug] [Thread-3 (]: Finished running node test.hospital_dw.relationships_stg_fact_admission_patient_key__patient_key__ref_stg_dim_patient_.1b2f62cd60
[0m08:25:01.628024 [debug] [Thread-2 (]: Began compiling node test.hospital_dw.unique_stg_dim_diagnosis_diagnosis_key.3ed22a4566
[0m08:25:01.629561 [debug] [Thread-1 (]: Began compiling node test.hospital_dw.unique_stg_dim_patient_patient_key.af83063185
[0m08:25:01.631993 [debug] [Thread-4 (]: Began compiling node test.hospital_dw.unique_stg_fact_admission_encounter_id.e5084df6bf
[0m08:25:01.640210 [debug] [Thread-2 (]: Writing injected SQL for node "test.hospital_dw.unique_stg_dim_diagnosis_diagnosis_key.3ed22a4566"
[0m08:25:01.647385 [debug] [Thread-1 (]: Writing injected SQL for node "test.hospital_dw.unique_stg_dim_patient_patient_key.af83063185"
[0m08:25:01.653804 [debug] [Thread-4 (]: Writing injected SQL for node "test.hospital_dw.unique_stg_fact_admission_encounter_id.e5084df6bf"
[0m08:25:01.667930 [debug] [Thread-4 (]: Timing info for test.hospital_dw.unique_stg_fact_admission_encounter_id.e5084df6bf (compile): 08:25:01.649738 => 08:25:01.667608
[0m08:25:01.671535 [debug] [Thread-2 (]: Timing info for test.hospital_dw.unique_stg_dim_diagnosis_diagnosis_key.3ed22a4566 (compile): 08:25:01.636371 => 08:25:01.671259
[0m08:25:01.671928 [debug] [Thread-4 (]: Began executing node test.hospital_dw.unique_stg_fact_admission_encounter_id.e5084df6bf
[0m08:25:01.674450 [debug] [Thread-2 (]: Began executing node test.hospital_dw.unique_stg_dim_diagnosis_diagnosis_key.3ed22a4566
[0m08:25:01.675316 [debug] [Thread-1 (]: Timing info for test.hospital_dw.unique_stg_dim_patient_patient_key.af83063185 (compile): 08:25:01.642991 => 08:25:01.674915
[0m08:25:01.681481 [debug] [Thread-4 (]: Writing runtime sql for node "test.hospital_dw.unique_stg_fact_admission_encounter_id.e5084df6bf"
[0m08:25:01.687013 [debug] [Thread-2 (]: Writing runtime sql for node "test.hospital_dw.unique_stg_dim_diagnosis_diagnosis_key.3ed22a4566"
[0m08:25:01.692756 [debug] [Thread-1 (]: Began executing node test.hospital_dw.unique_stg_dim_patient_patient_key.af83063185
[0m08:25:01.704151 [debug] [Thread-1 (]: Writing runtime sql for node "test.hospital_dw.unique_stg_dim_patient_patient_key.af83063185"
[0m08:25:01.714776 [debug] [Thread-2 (]: Using postgres connection "test.hospital_dw.unique_stg_dim_diagnosis_diagnosis_key.3ed22a4566"
[0m08:25:01.717206 [debug] [Thread-2 (]: On test.hospital_dw.unique_stg_dim_diagnosis_diagnosis_key.3ed22a4566: BEGIN
[0m08:25:01.717983 [debug] [Thread-4 (]: Using postgres connection "test.hospital_dw.unique_stg_fact_admission_encounter_id.e5084df6bf"
[0m08:25:01.719707 [debug] [Thread-2 (]: Opening a new connection, currently in state closed
[0m08:25:01.722003 [debug] [Thread-4 (]: On test.hospital_dw.unique_stg_fact_admission_encounter_id.e5084df6bf: BEGIN
[0m08:25:01.723074 [debug] [Thread-1 (]: Using postgres connection "test.hospital_dw.unique_stg_dim_patient_patient_key.af83063185"
[0m08:25:01.729884 [debug] [Thread-4 (]: Opening a new connection, currently in state closed
[0m08:25:01.731695 [debug] [Thread-2 (]: SQL status: BEGIN in 0.0 seconds
[0m08:25:01.734585 [debug] [Thread-1 (]: On test.hospital_dw.unique_stg_dim_patient_patient_key.af83063185: BEGIN
[0m08:25:01.740099 [debug] [Thread-2 (]: Using postgres connection "test.hospital_dw.unique_stg_dim_diagnosis_diagnosis_key.3ed22a4566"
[0m08:25:01.742608 [debug] [Thread-1 (]: Opening a new connection, currently in state closed
[0m08:25:01.743386 [debug] [Thread-4 (]: SQL status: BEGIN in 0.0 seconds
[0m08:25:01.744998 [debug] [Thread-2 (]: On test.hospital_dw.unique_stg_dim_diagnosis_diagnosis_key.3ed22a4566: /* {"app": "dbt", "dbt_version": "1.7.13", "profile_name": "hospital_dw", "target_name": "dev", "node_id": "test.hospital_dw.unique_stg_dim_diagnosis_diagnosis_key.3ed22a4566"} */
select
      count(*) as failures,
      count(*) != 0 as should_warn,
      count(*) != 0 as should_error
    from (
      
    
    

select
    diagnosis_key as unique_field,
    count(*) as n_records

from "hospital_dw"."public"."stg_dim_diagnosis"
where diagnosis_key is not null
group by diagnosis_key
having count(*) > 1



      
    ) dbt_internal_test
[0m08:25:01.749072 [debug] [Thread-4 (]: Using postgres connection "test.hospital_dw.unique_stg_fact_admission_encounter_id.e5084df6bf"
[0m08:25:01.751410 [debug] [Thread-1 (]: SQL status: BEGIN in 0.0 seconds
[0m08:25:01.752759 [debug] [Thread-2 (]: SQL status: SELECT 1 in 0.0 seconds
[0m08:25:01.753348 [debug] [Thread-4 (]: On test.hospital_dw.unique_stg_fact_admission_encounter_id.e5084df6bf: /* {"app": "dbt", "dbt_version": "1.7.13", "profile_name": "hospital_dw", "target_name": "dev", "node_id": "test.hospital_dw.unique_stg_fact_admission_encounter_id.e5084df6bf"} */
select
      count(*) as failures,
      count(*) != 0 as should_warn,
      count(*) != 0 as should_error
    from (
      
    
    

select
    encounter_id as unique_field,
    count(*) as n_records

from "hospital_dw"."public"."stg_fact_admission"
where encounter_id is not null
group by encounter_id
having count(*) > 1



      
    ) dbt_internal_test
[0m08:25:01.755571 [debug] [Thread-1 (]: Using postgres connection "test.hospital_dw.unique_stg_dim_patient_patient_key.af83063185"
[0m08:25:01.758375 [debug] [Thread-2 (]: Timing info for test.hospital_dw.unique_stg_dim_diagnosis_diagnosis_key.3ed22a4566 (execute): 08:25:01.685100 => 08:25:01.758178
[0m08:25:01.762384 [debug] [Thread-1 (]: On test.hospital_dw.unique_stg_dim_patient_patient_key.af83063185: /* {"app": "dbt", "dbt_version": "1.7.13", "profile_name": "hospital_dw", "target_name": "dev", "node_id": "test.hospital_dw.unique_stg_dim_patient_patient_key.af83063185"} */
select
      count(*) as failures,
      count(*) != 0 as should_warn,
      count(*) != 0 as should_error
    from (
      
    
    

select
    patient_key as unique_field,
    count(*) as n_records

from "hospital_dw"."public"."stg_dim_patient"
where patient_key is not null
group by patient_key
having count(*) > 1



      
    ) dbt_internal_test
[0m08:25:01.764588 [debug] [Thread-2 (]: On test.hospital_dw.unique_stg_dim_diagnosis_diagnosis_key.3ed22a4566: ROLLBACK
[0m08:25:01.769106 [debug] [Thread-2 (]: On test.hospital_dw.unique_stg_dim_diagnosis_diagnosis_key.3ed22a4566: Close
[0m08:25:01.771768 [info ] [Thread-2 (]: 13 of 15 PASS unique_stg_dim_diagnosis_diagnosis_key ........................... [[32mPASS[0m in 0.15s]
[0m08:25:01.774537 [debug] [Thread-2 (]: Finished running node test.hospital_dw.unique_stg_dim_diagnosis_diagnosis_key.3ed22a4566
[0m08:25:01.797273 [debug] [Thread-1 (]: SQL status: SELECT 1 in 0.0 seconds
[0m08:25:01.800629 [debug] [Thread-1 (]: Timing info for test.hospital_dw.unique_stg_dim_patient_patient_key.af83063185 (execute): 08:25:01.701043 => 08:25:01.800428
[0m08:25:01.802004 [debug] [Thread-1 (]: On test.hospital_dw.unique_stg_dim_patient_patient_key.af83063185: ROLLBACK
[0m08:25:01.802574 [debug] [Thread-4 (]: SQL status: SELECT 1 in 0.0 seconds
[0m08:25:01.804216 [debug] [Thread-1 (]: On test.hospital_dw.unique_stg_dim_patient_patient_key.af83063185: Close
[0m08:25:01.806299 [debug] [Thread-4 (]: Timing info for test.hospital_dw.unique_stg_fact_admission_encounter_id.e5084df6bf (execute): 08:25:01.679566 => 08:25:01.806154
[0m08:25:01.808609 [info ] [Thread-1 (]: 14 of 15 PASS unique_stg_dim_patient_patient_key ............................... [[32mPASS[0m in 0.19s]
[0m08:25:01.809596 [debug] [Thread-4 (]: On test.hospital_dw.unique_stg_fact_admission_encounter_id.e5084df6bf: ROLLBACK
[0m08:25:01.811389 [debug] [Thread-1 (]: Finished running node test.hospital_dw.unique_stg_dim_patient_patient_key.af83063185
[0m08:25:01.813239 [debug] [Thread-4 (]: On test.hospital_dw.unique_stg_fact_admission_encounter_id.e5084df6bf: Close
[0m08:25:01.816699 [info ] [Thread-4 (]: 15 of 15 PASS unique_stg_fact_admission_encounter_id ........................... [[32mPASS[0m in 0.19s]
[0m08:25:01.818704 [debug] [Thread-4 (]: Finished running node test.hospital_dw.unique_stg_fact_admission_encounter_id.e5084df6bf
[0m08:25:01.822114 [debug] [MainThread]: Using postgres connection "master"
[0m08:25:01.823692 [debug] [MainThread]: On master: BEGIN
[0m08:25:01.825120 [debug] [MainThread]: Opening a new connection, currently in state closed
[0m08:25:01.829868 [debug] [MainThread]: SQL status: BEGIN in 0.0 seconds
[0m08:25:01.831495 [debug] [MainThread]: On master: COMMIT
[0m08:25:01.832969 [debug] [MainThread]: Using postgres connection "master"
[0m08:25:01.834363 [debug] [MainThread]: On master: COMMIT
[0m08:25:01.835741 [debug] [MainThread]: SQL status: COMMIT in 0.0 seconds
[0m08:25:01.836978 [debug] [MainThread]: On master: Close
[0m08:25:01.838630 [debug] [MainThread]: Connection 'master' was properly closed.
[0m08:25:01.839958 [debug] [MainThread]: Connection 'test.hospital_dw.unique_stg_dim_patient_patient_key.af83063185' was properly closed.
[0m08:25:01.841269 [debug] [MainThread]: Connection 'test.hospital_dw.unique_stg_dim_diagnosis_diagnosis_key.3ed22a4566' was properly closed.
[0m08:25:01.842635 [debug] [MainThread]: Connection 'test.hospital_dw.relationships_stg_fact_admission_patient_key__patient_key__ref_stg_dim_patient_.1b2f62cd60' was properly closed.
[0m08:25:01.844240 [debug] [MainThread]: Connection 'test.hospital_dw.unique_stg_fact_admission_encounter_id.e5084df6bf' was properly closed.
[0m08:25:01.845530 [info ] [MainThread]: 
[0m08:25:01.846909 [info ] [MainThread]: Finished running 15 tests in 0 hours 0 minutes and 0.94 seconds (0.94s).
[0m08:25:01.849251 [debug] [MainThread]: Command end result
[0m08:25:01.874194 [info ] [MainThread]: 
[0m08:25:01.875945 [info ] [MainThread]: [31mCompleted with 1 error and 0 warnings:[0m
[0m08:25:01.878375 [info ] [MainThread]: 
[0m08:25:01.881406 [error] [MainThread]: [31mFailure in test not_null_stg_fact_admission_patient_key (models/staging/schema.yml)[0m
[0m08:25:01.883935 [error] [MainThread]:   Got 2909 results, configured to fail if != 0
[0m08:25:01.885535 [info ] [MainThread]: 
[0m08:25:01.888030 [info ] [MainThread]:   compiled Code at target/compiled/hospital_dw/models/staging/schema.yml/not_null_stg_fact_admission_patient_key.sql
[0m08:25:01.890671 [info ] [MainThread]: 
[0m08:25:01.894070 [info ] [MainThread]: Done. PASS=14 WARN=0 ERROR=1 SKIP=0 TOTAL=15
[0m08:25:01.897223 [debug] [MainThread]: Resource report: {"command_name": "test", "command_wall_clock_time": 1.6204638, "process_user_time": 1.69872, "process_kernel_time": 0.26324, "process_mem_max_rss": "108596", "process_in_blocks": "841", "command_success": false, "process_out_blocks": "0"}
[0m08:25:01.900181 [debug] [MainThread]: Command `dbt test` failed at 08:25:01.899926 after 1.62 seconds
[0m08:25:01.902372 [debug] [MainThread]: Sending event: {'category': 'dbt', 'action': 'invocation', 'label': 'end', 'context': [<snowplow_tracker.self_describing_json.SelfDescribingJson object at 0x7d3a7a23e110>, <snowplow_tracker.self_describing_json.SelfDescribingJson object at 0x7d3a7a23c390>, <snowplow_tracker.self_describing_json.SelfDescribingJson object at 0x7d3a7e140490>]}
[0m08:25:01.903993 [debug] [MainThread]: Flushing usage events
[0m08:39:25.131800 [debug] [MainThread]: Sending event: {'category': 'dbt', 'action': 'invocation', 'label': 'start', 'context': [<snowplow_tracker.self_describing_json.SelfDescribingJson object at 0x782cf335fd10>, <snowplow_tracker.self_describing_json.SelfDescribingJson object at 0x782cf335ce10>, <snowplow_tracker.self_describing_json.SelfDescribingJson object at 0x782cf335d310>]}


============================== 08:39:25.157892 | f113c43c-7b88-4af5-916b-fd71bd5b9fc3 ==============================
[0m08:39:25.157892 [info ] [MainThread]: Running with dbt=1.7.13
[0m08:39:25.164201 [debug] [MainThread]: running dbt with arguments {'printer_width': '80', 'indirect_selection': 'eager', 'write_json': 'True', 'log_cache_events': 'False', 'partial_parse': 'True', 'cache_selected_only': 'False', 'warn_error': 'None', 'fail_fast': 'False', 'profiles_dir': '/usr/app/dbt', 'log_path': '/usr/app/dbt/logs', 'version_check': 'True', 'debug': 'False', 'use_colors': 'True', 'use_experimental_parser': 'False', 'no_print': 'None', 'quiet': 'False', 'warn_error_options': 'WarnErrorOptions(include=[], exclude=[])', 'static_parser': 'True', 'introspect': 'True', 'log_format': 'default', 'target_path': 'None', 'invocation_command': 'dbt run --profiles-dir /usr/app/dbt --project-dir /usr/app/dbt', 'send_anonymous_usage_stats': 'True'}
[0m08:39:25.445359 [debug] [MainThread]: Sending event: {'category': 'dbt', 'action': 'project_id', 'label': 'f113c43c-7b88-4af5-916b-fd71bd5b9fc3', 'context': [<snowplow_tracker.self_describing_json.SelfDescribingJson object at 0x782cf37f2e90>]}
[0m08:39:25.513421 [debug] [MainThread]: Sending event: {'category': 'dbt', 'action': 'adapter_info', 'label': 'f113c43c-7b88-4af5-916b-fd71bd5b9fc3', 'context': [<snowplow_tracker.self_describing_json.SelfDescribingJson object at 0x782cf31d8450>]}
[0m08:39:25.515830 [info ] [MainThread]: Registered adapter: postgres=1.7.13
[0m08:39:25.526865 [debug] [MainThread]: checksum: 6c24e2ee36a42cedd7e5de2827d214776eb7a8e8f425f6d8acb06c31add0afef, vars: {}, profile: , target: , version: 1.7.13
[0m08:39:25.855831 [debug] [MainThread]: Partial parsing enabled: 0 files deleted, 0 files added, 0 files changed.
[0m08:39:25.858754 [debug] [MainThread]: Partial parsing enabled, no changes found, skipping parsing
[0m08:39:25.872387 [debug] [MainThread]: Sending event: {'category': 'dbt', 'action': 'load_project', 'label': 'f113c43c-7b88-4af5-916b-fd71bd5b9fc3', 'context': [<snowplow_tracker.self_describing_json.SelfDescribingJson object at 0x782cf1995cd0>]}
[0m08:39:25.946701 [debug] [MainThread]: Sending event: {'category': 'dbt', 'action': 'resource_counts', 'label': 'f113c43c-7b88-4af5-916b-fd71bd5b9fc3', 'context': [<snowplow_tracker.self_describing_json.SelfDescribingJson object at 0x782cf1a13cd0>]}
[0m08:39:25.948537 [info ] [MainThread]: Found 7 models, 1 snapshot, 15 tests, 5 sources, 0 exposures, 0 metrics, 401 macros, 0 groups, 0 semantic models
[0m08:39:25.950381 [debug] [MainThread]: Sending event: {'category': 'dbt', 'action': 'runnable_timing', 'label': 'f113c43c-7b88-4af5-916b-fd71bd5b9fc3', 'context': [<snowplow_tracker.self_describing_json.SelfDescribingJson object at 0x782cf1793ed0>]}
[0m08:39:25.953905 [info ] [MainThread]: 
[0m08:39:25.957273 [debug] [MainThread]: Acquiring new postgres connection 'master'
[0m08:39:25.961858 [debug] [ThreadPool]: Acquiring new postgres connection 'list_hospital_dw'
[0m08:39:25.971461 [debug] [ThreadPool]: Using postgres connection "list_hospital_dw"
[0m08:39:25.973032 [debug] [ThreadPool]: On list_hospital_dw: /* {"app": "dbt", "dbt_version": "1.7.13", "profile_name": "hospital_dw", "target_name": "dev", "connection_name": "list_hospital_dw"} */

    select distinct nspname from pg_namespace
  
[0m08:39:25.974767 [debug] [ThreadPool]: Opening a new connection, currently in state init
[0m08:39:25.985302 [debug] [ThreadPool]: SQL status: SELECT 4 in 0.0 seconds
[0m08:39:25.988079 [debug] [ThreadPool]: On list_hospital_dw: Close
[0m08:39:25.991623 [debug] [ThreadPool]: Re-using an available connection from the pool (formerly list_hospital_dw, now list_hospital_dw_public)
[0m08:39:25.998275 [debug] [ThreadPool]: Using postgres connection "list_hospital_dw_public"
[0m08:39:26.001478 [debug] [ThreadPool]: On list_hospital_dw_public: BEGIN
[0m08:39:26.004908 [debug] [ThreadPool]: Opening a new connection, currently in state closed
[0m08:39:26.012055 [debug] [ThreadPool]: SQL status: BEGIN in 0.0 seconds
[0m08:39:26.013876 [debug] [ThreadPool]: Using postgres connection "list_hospital_dw_public"
[0m08:39:26.015639 [debug] [ThreadPool]: On list_hospital_dw_public: /* {"app": "dbt", "dbt_version": "1.7.13", "profile_name": "hospital_dw", "target_name": "dev", "connection_name": "list_hospital_dw_public"} */
select
      'hospital_dw' as database,
      tablename as name,
      schemaname as schema,
      'table' as type
    from pg_tables
    where schemaname ilike 'public'
    union all
    select
      'hospital_dw' as database,
      viewname as name,
      schemaname as schema,
      'view' as type
    from pg_views
    where schemaname ilike 'public'
    union all
    select
      'hospital_dw' as database,
      matviewname as name,
      schemaname as schema,
      'materialized_view' as type
    from pg_matviews
    where schemaname ilike 'public'
  
[0m08:39:26.020863 [debug] [ThreadPool]: SQL status: SELECT 12 in 0.0 seconds
[0m08:39:26.024101 [debug] [ThreadPool]: On list_hospital_dw_public: ROLLBACK
[0m08:39:26.025954 [debug] [ThreadPool]: On list_hospital_dw_public: Close
[0m08:39:26.032823 [debug] [MainThread]: Using postgres connection "master"
[0m08:39:26.034578 [debug] [MainThread]: On master: BEGIN
[0m08:39:26.036058 [debug] [MainThread]: Opening a new connection, currently in state init
[0m08:39:26.042702 [debug] [MainThread]: SQL status: BEGIN in 0.0 seconds
[0m08:39:26.044206 [debug] [MainThread]: Using postgres connection "master"
[0m08:39:26.045504 [debug] [MainThread]: On master: /* {"app": "dbt", "dbt_version": "1.7.13", "profile_name": "hospital_dw", "target_name": "dev", "connection_name": "master"} */
with relation as (
        select
            pg_rewrite.ev_class as class,
            pg_rewrite.oid as id
        from pg_rewrite
    ),
    class as (
        select
            oid as id,
            relname as name,
            relnamespace as schema,
            relkind as kind
        from pg_class
    ),
    dependency as (
        select distinct
            pg_depend.objid as id,
            pg_depend.refobjid as ref
        from pg_depend
    ),
    schema as (
        select
            pg_namespace.oid as id,
            pg_namespace.nspname as name
        from pg_namespace
        where nspname != 'information_schema' and nspname not like 'pg\_%'
    ),
    referenced as (
        select
            relation.id AS id,
            referenced_class.name ,
            referenced_class.schema ,
            referenced_class.kind
        from relation
        join class as referenced_class on relation.class=referenced_class.id
        where referenced_class.kind in ('r', 'v', 'm')
    ),
    relationships as (
        select
            referenced.name as referenced_name,
            referenced.schema as referenced_schema_id,
            dependent_class.name as dependent_name,
            dependent_class.schema as dependent_schema_id,
            referenced.kind as kind
        from referenced
        join dependency on referenced.id=dependency.id
        join class as dependent_class on dependency.ref=dependent_class.id
        where
            (referenced.name != dependent_class.name or
             referenced.schema != dependent_class.schema)
    )

    select
        referenced_schema.name as referenced_schema,
        relationships.referenced_name as referenced_name,
        dependent_schema.name as dependent_schema,
        relationships.dependent_name as dependent_name
    from relationships
    join schema as dependent_schema on relationships.dependent_schema_id=dependent_schema.id
    join schema as referenced_schema on relationships.referenced_schema_id=referenced_schema.id
    group by referenced_schema, referenced_name, dependent_schema, dependent_name
    order by referenced_schema, referenced_name, dependent_schema, dependent_name;
[0m08:39:26.052451 [debug] [MainThread]: SQL status: SELECT 5 in 0.0 seconds
[0m08:39:26.055768 [debug] [MainThread]: Sending event: {'category': 'dbt', 'action': 'runnable_timing', 'label': 'f113c43c-7b88-4af5-916b-fd71bd5b9fc3', 'context': [<snowplow_tracker.self_describing_json.SelfDescribingJson object at 0x782cf1b27e50>]}
[0m08:39:26.057222 [debug] [MainThread]: On master: ROLLBACK
[0m08:39:26.058907 [debug] [MainThread]: Using postgres connection "master"
[0m08:39:26.060402 [debug] [MainThread]: On master: BEGIN
[0m08:39:26.062112 [debug] [MainThread]: SQL status: BEGIN in 0.0 seconds
[0m08:39:26.063833 [debug] [MainThread]: On master: COMMIT
[0m08:39:26.065247 [debug] [MainThread]: Using postgres connection "master"
[0m08:39:26.067739 [debug] [MainThread]: On master: COMMIT
[0m08:39:26.069752 [debug] [MainThread]: SQL status: COMMIT in 0.0 seconds
[0m08:39:26.071772 [debug] [MainThread]: On master: Close
[0m08:39:26.073608 [info ] [MainThread]: Concurrency: 4 threads (target='dev')
[0m08:39:26.075286 [info ] [MainThread]: 
[0m08:39:26.080370 [debug] [Thread-1 (]: Began running node model.hospital_dw.stg_dim_date
[0m08:39:26.080715 [debug] [Thread-2 (]: Began running node model.hospital_dw.stg_dim_department
[0m08:39:26.081011 [debug] [Thread-3 (]: Began running node model.hospital_dw.stg_dim_diagnosis
[0m08:39:26.081333 [debug] [Thread-4 (]: Began running node model.hospital_dw.stg_dim_patient
[0m08:39:26.082581 [info ] [Thread-1 (]: 1 of 7 START sql view model public.stg_dim_date ................................ [RUN]
[0m08:39:26.084291 [info ] [Thread-2 (]: 2 of 7 START sql view model public.stg_dim_department .......................... [RUN]
[0m08:39:26.086188 [info ] [Thread-3 (]: 3 of 7 START sql view model public.stg_dim_diagnosis ........................... [RUN]
[0m08:39:26.087601 [info ] [Thread-4 (]: 4 of 7 START sql view model public.stg_dim_patient ............................. [RUN]
[0m08:39:26.088922 [debug] [Thread-1 (]: Re-using an available connection from the pool (formerly list_hospital_dw_public, now model.hospital_dw.stg_dim_date)
[0m08:39:26.090701 [debug] [Thread-2 (]: Acquiring new postgres connection 'model.hospital_dw.stg_dim_department'
[0m08:39:26.092265 [debug] [Thread-3 (]: Acquiring new postgres connection 'model.hospital_dw.stg_dim_diagnosis'
[0m08:39:26.095078 [debug] [Thread-4 (]: Acquiring new postgres connection 'model.hospital_dw.stg_dim_patient'
[0m08:39:26.096546 [debug] [Thread-1 (]: Began compiling node model.hospital_dw.stg_dim_date
[0m08:39:26.098149 [debug] [Thread-2 (]: Began compiling node model.hospital_dw.stg_dim_department
[0m08:39:26.099652 [debug] [Thread-3 (]: Began compiling node model.hospital_dw.stg_dim_diagnosis
[0m08:39:26.101127 [debug] [Thread-4 (]: Began compiling node model.hospital_dw.stg_dim_patient
[0m08:39:26.107550 [debug] [Thread-1 (]: Writing injected SQL for node "model.hospital_dw.stg_dim_date"
[0m08:39:26.110505 [debug] [Thread-2 (]: Writing injected SQL for node "model.hospital_dw.stg_dim_department"
[0m08:39:26.113600 [debug] [Thread-3 (]: Writing injected SQL for node "model.hospital_dw.stg_dim_diagnosis"
[0m08:39:26.117118 [debug] [Thread-4 (]: Writing injected SQL for node "model.hospital_dw.stg_dim_patient"
[0m08:39:26.130910 [debug] [Thread-3 (]: Timing info for model.hospital_dw.stg_dim_diagnosis (compile): 08:39:26.111807 => 08:39:26.130505
[0m08:39:26.131704 [debug] [Thread-2 (]: Timing info for model.hospital_dw.stg_dim_department (compile): 08:39:26.108880 => 08:39:26.131270
[0m08:39:26.133013 [debug] [Thread-4 (]: Timing info for model.hospital_dw.stg_dim_patient (compile): 08:39:26.115310 => 08:39:26.132855
[0m08:39:26.133649 [debug] [Thread-3 (]: Began executing node model.hospital_dw.stg_dim_diagnosis
[0m08:39:26.135053 [debug] [Thread-1 (]: Timing info for model.hospital_dw.stg_dim_date (compile): 08:39:26.102574 => 08:39:26.134915
[0m08:39:26.137944 [debug] [Thread-2 (]: Began executing node model.hospital_dw.stg_dim_department
[0m08:39:26.140079 [debug] [Thread-4 (]: Began executing node model.hospital_dw.stg_dim_patient
[0m08:39:26.165528 [debug] [Thread-1 (]: Began executing node model.hospital_dw.stg_dim_date
[0m08:39:26.190766 [debug] [Thread-3 (]: Writing runtime sql for node "model.hospital_dw.stg_dim_diagnosis"
[0m08:39:26.194392 [debug] [Thread-2 (]: Writing runtime sql for node "model.hospital_dw.stg_dim_department"
[0m08:39:26.199544 [debug] [Thread-4 (]: Writing runtime sql for node "model.hospital_dw.stg_dim_patient"
[0m08:39:26.206352 [debug] [Thread-1 (]: Writing runtime sql for node "model.hospital_dw.stg_dim_date"
[0m08:39:26.223483 [debug] [Thread-2 (]: Using postgres connection "model.hospital_dw.stg_dim_department"
[0m08:39:26.225432 [debug] [Thread-3 (]: Using postgres connection "model.hospital_dw.stg_dim_diagnosis"
[0m08:39:26.227611 [debug] [Thread-4 (]: Using postgres connection "model.hospital_dw.stg_dim_patient"
[0m08:39:26.228354 [debug] [Thread-2 (]: On model.hospital_dw.stg_dim_department: BEGIN
[0m08:39:26.230655 [debug] [Thread-1 (]: Using postgres connection "model.hospital_dw.stg_dim_date"
[0m08:39:26.231474 [debug] [Thread-3 (]: On model.hospital_dw.stg_dim_diagnosis: BEGIN
[0m08:39:26.234062 [debug] [Thread-4 (]: On model.hospital_dw.stg_dim_patient: BEGIN
[0m08:39:26.236561 [debug] [Thread-2 (]: Opening a new connection, currently in state init
[0m08:39:26.238715 [debug] [Thread-1 (]: On model.hospital_dw.stg_dim_date: BEGIN
[0m08:39:26.241123 [debug] [Thread-3 (]: Opening a new connection, currently in state init
[0m08:39:26.243190 [debug] [Thread-4 (]: Opening a new connection, currently in state init
[0m08:39:26.247309 [debug] [Thread-1 (]: Opening a new connection, currently in state closed
[0m08:39:26.254757 [debug] [Thread-2 (]: SQL status: BEGIN in 0.0 seconds
[0m08:39:26.258971 [debug] [Thread-2 (]: Using postgres connection "model.hospital_dw.stg_dim_department"
[0m08:39:26.260184 [debug] [Thread-3 (]: SQL status: BEGIN in 0.0 seconds
[0m08:39:26.261391 [debug] [Thread-4 (]: SQL status: BEGIN in 0.0 seconds
[0m08:39:26.263032 [debug] [Thread-2 (]: On model.hospital_dw.stg_dim_department: /* {"app": "dbt", "dbt_version": "1.7.13", "profile_name": "hospital_dw", "target_name": "dev", "node_id": "model.hospital_dw.stg_dim_department"} */

  create view "hospital_dw"."public"."stg_dim_department__dbt_tmp"
    
    
  as (
    select * from "hospital_dw"."public"."dim_department"
  );
[0m08:39:26.265154 [debug] [Thread-1 (]: SQL status: BEGIN in 0.0 seconds
[0m08:39:26.267657 [debug] [Thread-3 (]: Using postgres connection "model.hospital_dw.stg_dim_diagnosis"
[0m08:39:26.270452 [debug] [Thread-4 (]: Using postgres connection "model.hospital_dw.stg_dim_patient"
[0m08:39:26.275161 [debug] [Thread-1 (]: Using postgres connection "model.hospital_dw.stg_dim_date"
[0m08:39:26.277655 [debug] [Thread-3 (]: On model.hospital_dw.stg_dim_diagnosis: /* {"app": "dbt", "dbt_version": "1.7.13", "profile_name": "hospital_dw", "target_name": "dev", "node_id": "model.hospital_dw.stg_dim_diagnosis"} */

  create view "hospital_dw"."public"."stg_dim_diagnosis__dbt_tmp"
    
    
  as (
    select * from "hospital_dw"."public"."dim_diagnosis"
  );
[0m08:39:26.278262 [debug] [Thread-2 (]: SQL status: CREATE VIEW in 0.0 seconds
[0m08:39:26.281500 [debug] [Thread-4 (]: On model.hospital_dw.stg_dim_patient: /* {"app": "dbt", "dbt_version": "1.7.13", "profile_name": "hospital_dw", "target_name": "dev", "node_id": "model.hospital_dw.stg_dim_patient"} */

  create view "hospital_dw"."public"."stg_dim_patient__dbt_tmp"
    
    
  as (
    select * from "hospital_dw"."public"."dim_patient"
  );
[0m08:39:26.284096 [debug] [Thread-1 (]: On model.hospital_dw.stg_dim_date: /* {"app": "dbt", "dbt_version": "1.7.13", "profile_name": "hospital_dw", "target_name": "dev", "node_id": "model.hospital_dw.stg_dim_date"} */

  create view "hospital_dw"."public"."stg_dim_date__dbt_tmp"
    
    
  as (
    select * from "hospital_dw"."public"."dim_date"
  );
[0m08:39:26.289727 [debug] [Thread-3 (]: SQL status: CREATE VIEW in 0.0 seconds
[0m08:39:26.303162 [debug] [Thread-2 (]: Using postgres connection "model.hospital_dw.stg_dim_department"
[0m08:39:26.308686 [debug] [Thread-4 (]: SQL status: CREATE VIEW in 0.0 seconds
[0m08:39:26.315906 [debug] [Thread-3 (]: Using postgres connection "model.hospital_dw.stg_dim_diagnosis"
[0m08:39:26.316403 [debug] [Thread-1 (]: SQL status: CREATE VIEW in 0.0 seconds
[0m08:39:26.317977 [debug] [Thread-2 (]: On model.hospital_dw.stg_dim_department: /* {"app": "dbt", "dbt_version": "1.7.13", "profile_name": "hospital_dw", "target_name": "dev", "node_id": "model.hospital_dw.stg_dim_department"} */
alter table "hospital_dw"."public"."stg_dim_department" rename to "stg_dim_department__dbt_backup"
[0m08:39:26.323598 [debug] [Thread-4 (]: Using postgres connection "model.hospital_dw.stg_dim_patient"
[0m08:39:26.325234 [debug] [Thread-3 (]: On model.hospital_dw.stg_dim_diagnosis: /* {"app": "dbt", "dbt_version": "1.7.13", "profile_name": "hospital_dw", "target_name": "dev", "node_id": "model.hospital_dw.stg_dim_diagnosis"} */
alter table "hospital_dw"."public"."stg_dim_diagnosis" rename to "stg_dim_diagnosis__dbt_backup"
[0m08:39:26.329861 [debug] [Thread-1 (]: Using postgres connection "model.hospital_dw.stg_dim_date"
[0m08:39:26.332209 [debug] [Thread-2 (]: SQL status: ALTER TABLE in 0.0 seconds
[0m08:39:26.332549 [debug] [Thread-4 (]: On model.hospital_dw.stg_dim_patient: /* {"app": "dbt", "dbt_version": "1.7.13", "profile_name": "hospital_dw", "target_name": "dev", "node_id": "model.hospital_dw.stg_dim_patient"} */
alter table "hospital_dw"."public"."stg_dim_patient" rename to "stg_dim_patient__dbt_backup"
[0m08:39:26.334339 [debug] [Thread-3 (]: SQL status: ALTER TABLE in 0.0 seconds
[0m08:39:26.335028 [debug] [Thread-1 (]: On model.hospital_dw.stg_dim_date: /* {"app": "dbt", "dbt_version": "1.7.13", "profile_name": "hospital_dw", "target_name": "dev", "node_id": "model.hospital_dw.stg_dim_date"} */
alter table "hospital_dw"."public"."stg_dim_date" rename to "stg_dim_date__dbt_backup"
[0m08:39:26.338080 [debug] [Thread-2 (]: Using postgres connection "model.hospital_dw.stg_dim_department"
[0m08:39:26.340010 [debug] [Thread-4 (]: SQL status: ALTER TABLE in 0.0 seconds
[0m08:39:26.342819 [debug] [Thread-3 (]: Using postgres connection "model.hospital_dw.stg_dim_diagnosis"
[0m08:39:26.344635 [debug] [Thread-1 (]: SQL status: ALTER TABLE in 0.0 seconds
[0m08:39:26.345420 [debug] [Thread-2 (]: On model.hospital_dw.stg_dim_department: /* {"app": "dbt", "dbt_version": "1.7.13", "profile_name": "hospital_dw", "target_name": "dev", "node_id": "model.hospital_dw.stg_dim_department"} */
alter table "hospital_dw"."public"."stg_dim_department__dbt_tmp" rename to "stg_dim_department"
[0m08:39:26.348405 [debug] [Thread-4 (]: Using postgres connection "model.hospital_dw.stg_dim_patient"
[0m08:39:26.349696 [debug] [Thread-3 (]: On model.hospital_dw.stg_dim_diagnosis: /* {"app": "dbt", "dbt_version": "1.7.13", "profile_name": "hospital_dw", "target_name": "dev", "node_id": "model.hospital_dw.stg_dim_diagnosis"} */
alter table "hospital_dw"."public"."stg_dim_diagnosis__dbt_tmp" rename to "stg_dim_diagnosis"
[0m08:39:26.352638 [debug] [Thread-1 (]: Using postgres connection "model.hospital_dw.stg_dim_date"
[0m08:39:26.354326 [debug] [Thread-2 (]: SQL status: ALTER TABLE in 0.0 seconds
[0m08:39:26.355052 [debug] [Thread-4 (]: On model.hospital_dw.stg_dim_patient: /* {"app": "dbt", "dbt_version": "1.7.13", "profile_name": "hospital_dw", "target_name": "dev", "node_id": "model.hospital_dw.stg_dim_patient"} */
alter table "hospital_dw"."public"."stg_dim_patient__dbt_tmp" rename to "stg_dim_patient"
[0m08:39:26.356507 [debug] [Thread-3 (]: SQL status: ALTER TABLE in 0.0 seconds
[0m08:39:26.357449 [debug] [Thread-1 (]: On model.hospital_dw.stg_dim_date: /* {"app": "dbt", "dbt_version": "1.7.13", "profile_name": "hospital_dw", "target_name": "dev", "node_id": "model.hospital_dw.stg_dim_date"} */
alter table "hospital_dw"."public"."stg_dim_date__dbt_tmp" rename to "stg_dim_date"
[0m08:39:26.371842 [debug] [Thread-2 (]: On model.hospital_dw.stg_dim_department: COMMIT
[0m08:39:26.373565 [debug] [Thread-4 (]: SQL status: ALTER TABLE in 0.0 seconds
[0m08:39:26.376604 [debug] [Thread-3 (]: On model.hospital_dw.stg_dim_diagnosis: COMMIT
[0m08:39:26.378755 [debug] [Thread-1 (]: SQL status: ALTER TABLE in 0.0 seconds
[0m08:39:26.379615 [debug] [Thread-2 (]: Using postgres connection "model.hospital_dw.stg_dim_department"
[0m08:39:26.382468 [debug] [Thread-4 (]: On model.hospital_dw.stg_dim_patient: COMMIT
[0m08:39:26.384833 [debug] [Thread-3 (]: Using postgres connection "model.hospital_dw.stg_dim_diagnosis"
[0m08:39:26.388995 [debug] [Thread-1 (]: On model.hospital_dw.stg_dim_date: COMMIT
[0m08:39:26.390647 [debug] [Thread-2 (]: On model.hospital_dw.stg_dim_department: COMMIT
[0m08:39:26.392533 [debug] [Thread-4 (]: Using postgres connection "model.hospital_dw.stg_dim_patient"
[0m08:39:26.394335 [debug] [Thread-3 (]: On model.hospital_dw.stg_dim_diagnosis: COMMIT
[0m08:39:26.396377 [debug] [Thread-1 (]: Using postgres connection "model.hospital_dw.stg_dim_date"
[0m08:39:26.399314 [debug] [Thread-4 (]: On model.hospital_dw.stg_dim_patient: COMMIT
[0m08:39:26.400210 [debug] [Thread-2 (]: SQL status: COMMIT in 0.0 seconds
[0m08:39:26.402217 [debug] [Thread-1 (]: On model.hospital_dw.stg_dim_date: COMMIT
[0m08:39:26.403083 [debug] [Thread-3 (]: SQL status: COMMIT in 0.0 seconds
[0m08:39:26.409597 [debug] [Thread-2 (]: Applying DROP to: "hospital_dw"."public"."stg_dim_department__dbt_backup"
[0m08:39:26.409912 [debug] [Thread-4 (]: SQL status: COMMIT in 0.0 seconds
[0m08:39:26.413833 [debug] [Thread-3 (]: Applying DROP to: "hospital_dw"."public"."stg_dim_diagnosis__dbt_backup"
[0m08:39:26.414124 [debug] [Thread-1 (]: SQL status: COMMIT in 0.0 seconds
[0m08:39:26.418719 [debug] [Thread-2 (]: Using postgres connection "model.hospital_dw.stg_dim_department"
[0m08:39:26.421540 [debug] [Thread-4 (]: Applying DROP to: "hospital_dw"."public"."stg_dim_patient__dbt_backup"
[0m08:39:26.423954 [debug] [Thread-3 (]: Using postgres connection "model.hospital_dw.stg_dim_diagnosis"
[0m08:39:26.426746 [debug] [Thread-1 (]: Applying DROP to: "hospital_dw"."public"."stg_dim_date__dbt_backup"
[0m08:39:26.427907 [debug] [Thread-2 (]: On model.hospital_dw.stg_dim_department: /* {"app": "dbt", "dbt_version": "1.7.13", "profile_name": "hospital_dw", "target_name": "dev", "node_id": "model.hospital_dw.stg_dim_department"} */
drop view if exists "hospital_dw"."public"."stg_dim_department__dbt_backup" cascade
[0m08:39:26.429381 [debug] [Thread-4 (]: Using postgres connection "model.hospital_dw.stg_dim_patient"
[0m08:39:26.430491 [debug] [Thread-3 (]: On model.hospital_dw.stg_dim_diagnosis: /* {"app": "dbt", "dbt_version": "1.7.13", "profile_name": "hospital_dw", "target_name": "dev", "node_id": "model.hospital_dw.stg_dim_diagnosis"} */
drop view if exists "hospital_dw"."public"."stg_dim_diagnosis__dbt_backup" cascade
[0m08:39:26.431930 [debug] [Thread-1 (]: Using postgres connection "model.hospital_dw.stg_dim_date"
[0m08:39:26.433903 [debug] [Thread-4 (]: On model.hospital_dw.stg_dim_patient: /* {"app": "dbt", "dbt_version": "1.7.13", "profile_name": "hospital_dw", "target_name": "dev", "node_id": "model.hospital_dw.stg_dim_patient"} */
drop view if exists "hospital_dw"."public"."stg_dim_patient__dbt_backup" cascade
[0m08:39:26.436656 [debug] [Thread-1 (]: On model.hospital_dw.stg_dim_date: /* {"app": "dbt", "dbt_version": "1.7.13", "profile_name": "hospital_dw", "target_name": "dev", "node_id": "model.hospital_dw.stg_dim_date"} */
drop view if exists "hospital_dw"."public"."stg_dim_date__dbt_backup" cascade
[0m08:39:26.441732 [debug] [Thread-4 (]: SQL status: DROP VIEW in 0.0 seconds
[0m08:39:26.444239 [debug] [Thread-4 (]: Timing info for model.hospital_dw.stg_dim_patient (execute): 08:39:26.196369 => 08:39:26.444106
[0m08:39:26.444567 [debug] [Thread-1 (]: SQL status: DROP VIEW in 0.0 seconds
[0m08:39:26.444837 [debug] [Thread-2 (]: SQL status: DROP VIEW in 0.0 seconds
[0m08:39:26.445160 [debug] [Thread-3 (]: SQL status: DROP VIEW in 0.0 seconds
[0m08:39:26.445906 [debug] [Thread-4 (]: On model.hospital_dw.stg_dim_patient: Close
[0m08:39:26.447587 [debug] [Thread-1 (]: Timing info for model.hospital_dw.stg_dim_date (execute): 08:39:26.202155 => 08:39:26.447455
[0m08:39:26.449573 [debug] [Thread-2 (]: Timing info for model.hospital_dw.stg_dim_department (execute): 08:39:26.191088 => 08:39:26.449462
[0m08:39:26.451723 [debug] [Thread-3 (]: Timing info for model.hospital_dw.stg_dim_diagnosis (execute): 08:39:26.141505 => 08:39:26.451610
[0m08:39:26.453841 [debug] [Thread-4 (]: Sending event: {'category': 'dbt', 'action': 'run_model', 'label': 'f113c43c-7b88-4af5-916b-fd71bd5b9fc3', 'context': [<snowplow_tracker.self_describing_json.SelfDescribingJson object at 0x782cf1665d10>]}
[0m08:39:26.454692 [debug] [Thread-1 (]: On model.hospital_dw.stg_dim_date: Close
[0m08:39:26.455966 [debug] [Thread-2 (]: On model.hospital_dw.stg_dim_department: Close
[0m08:39:26.457363 [debug] [Thread-3 (]: On model.hospital_dw.stg_dim_diagnosis: Close
[0m08:39:26.459306 [info ] [Thread-4 (]: 4 of 7 OK created sql view model public.stg_dim_patient ........................ [[32mCREATE VIEW[0m in 0.36s]
[0m08:39:26.461290 [debug] [Thread-1 (]: Sending event: {'category': 'dbt', 'action': 'run_model', 'label': 'f113c43c-7b88-4af5-916b-fd71bd5b9fc3', 'context': [<snowplow_tracker.self_describing_json.SelfDescribingJson object at 0x782cf164c390>]}
[0m08:39:26.462670 [debug] [Thread-2 (]: Sending event: {'category': 'dbt', 'action': 'run_model', 'label': 'f113c43c-7b88-4af5-916b-fd71bd5b9fc3', 'context': [<snowplow_tracker.self_describing_json.SelfDescribingJson object at 0x782cf18f3b10>]}
[0m08:39:26.464057 [debug] [Thread-3 (]: Sending event: {'category': 'dbt', 'action': 'run_model', 'label': 'f113c43c-7b88-4af5-916b-fd71bd5b9fc3', 'context': [<snowplow_tracker.self_describing_json.SelfDescribingJson object at 0x782cf188d450>]}
[0m08:39:26.466461 [debug] [Thread-4 (]: Finished running node model.hospital_dw.stg_dim_patient
[0m08:39:26.468739 [info ] [Thread-1 (]: 1 of 7 OK created sql view model public.stg_dim_date ........................... [[32mCREATE VIEW[0m in 0.37s]
[0m08:39:26.470229 [info ] [Thread-2 (]: 2 of 7 OK created sql view model public.stg_dim_department ..................... [[32mCREATE VIEW[0m in 0.37s]
[0m08:39:26.472795 [info ] [Thread-3 (]: 3 of 7 OK created sql view model public.stg_dim_diagnosis ...................... [[32mCREATE VIEW[0m in 0.37s]
[0m08:39:26.475720 [debug] [Thread-4 (]: Began running node model.hospital_dw.stg_fact_admission
[0m08:39:26.477677 [debug] [Thread-1 (]: Finished running node model.hospital_dw.stg_dim_date
[0m08:39:26.479375 [debug] [Thread-2 (]: Finished running node model.hospital_dw.stg_dim_department
[0m08:39:26.481185 [debug] [Thread-3 (]: Finished running node model.hospital_dw.stg_dim_diagnosis
[0m08:39:26.485226 [info ] [Thread-4 (]: 5 of 7 START sql view model public.stg_fact_admission .......................... [RUN]
[0m08:39:26.502285 [debug] [Thread-4 (]: Re-using an available connection from the pool (formerly model.hospital_dw.stg_dim_patient, now model.hospital_dw.stg_fact_admission)
[0m08:39:26.503781 [debug] [Thread-4 (]: Began compiling node model.hospital_dw.stg_fact_admission
[0m08:39:26.508624 [debug] [Thread-4 (]: Writing injected SQL for node "model.hospital_dw.stg_fact_admission"
[0m08:39:26.521772 [debug] [Thread-4 (]: Timing info for model.hospital_dw.stg_fact_admission (compile): 08:39:26.505426 => 08:39:26.521319
[0m08:39:26.524022 [debug] [Thread-4 (]: Began executing node model.hospital_dw.stg_fact_admission
[0m08:39:26.535712 [debug] [Thread-4 (]: Writing runtime sql for node "model.hospital_dw.stg_fact_admission"
[0m08:39:26.551595 [debug] [Thread-4 (]: Using postgres connection "model.hospital_dw.stg_fact_admission"
[0m08:39:26.553743 [debug] [Thread-4 (]: On model.hospital_dw.stg_fact_admission: BEGIN
[0m08:39:26.555751 [debug] [Thread-4 (]: Opening a new connection, currently in state closed
[0m08:39:26.567009 [debug] [Thread-4 (]: SQL status: BEGIN in 0.0 seconds
[0m08:39:26.569811 [debug] [Thread-4 (]: Using postgres connection "model.hospital_dw.stg_fact_admission"
[0m08:39:26.572102 [debug] [Thread-4 (]: On model.hospital_dw.stg_fact_admission: /* {"app": "dbt", "dbt_version": "1.7.13", "profile_name": "hospital_dw", "target_name": "dev", "node_id": "model.hospital_dw.stg_fact_admission"} */

  create view "hospital_dw"."public"."stg_fact_admission__dbt_tmp"
    
    
  as (
    select * from "hospital_dw"."public"."fact_admission"
  );
[0m08:39:26.576535 [debug] [Thread-4 (]: SQL status: CREATE VIEW in 0.0 seconds
[0m08:39:26.583536 [debug] [Thread-4 (]: Using postgres connection "model.hospital_dw.stg_fact_admission"
[0m08:39:26.585986 [debug] [Thread-4 (]: On model.hospital_dw.stg_fact_admission: /* {"app": "dbt", "dbt_version": "1.7.13", "profile_name": "hospital_dw", "target_name": "dev", "node_id": "model.hospital_dw.stg_fact_admission"} */
alter table "hospital_dw"."public"."stg_fact_admission" rename to "stg_fact_admission__dbt_backup"
[0m08:39:26.589158 [debug] [Thread-4 (]: SQL status: ALTER TABLE in 0.0 seconds
[0m08:39:26.595905 [debug] [Thread-4 (]: Using postgres connection "model.hospital_dw.stg_fact_admission"
[0m08:39:26.598304 [debug] [Thread-4 (]: On model.hospital_dw.stg_fact_admission: /* {"app": "dbt", "dbt_version": "1.7.13", "profile_name": "hospital_dw", "target_name": "dev", "node_id": "model.hospital_dw.stg_fact_admission"} */
alter table "hospital_dw"."public"."stg_fact_admission__dbt_tmp" rename to "stg_fact_admission"
[0m08:39:26.601594 [debug] [Thread-4 (]: SQL status: ALTER TABLE in 0.0 seconds
[0m08:39:26.606532 [debug] [Thread-4 (]: On model.hospital_dw.stg_fact_admission: COMMIT
[0m08:39:26.609712 [debug] [Thread-4 (]: Using postgres connection "model.hospital_dw.stg_fact_admission"
[0m08:39:26.612596 [debug] [Thread-4 (]: On model.hospital_dw.stg_fact_admission: COMMIT
[0m08:39:26.617047 [debug] [Thread-4 (]: SQL status: COMMIT in 0.0 seconds
[0m08:39:26.622913 [debug] [Thread-4 (]: Applying DROP to: "hospital_dw"."public"."stg_fact_admission__dbt_backup"
[0m08:39:26.630604 [debug] [Thread-4 (]: Using postgres connection "model.hospital_dw.stg_fact_admission"
[0m08:39:26.632977 [debug] [Thread-4 (]: On model.hospital_dw.stg_fact_admission: /* {"app": "dbt", "dbt_version": "1.7.13", "profile_name": "hospital_dw", "target_name": "dev", "node_id": "model.hospital_dw.stg_fact_admission"} */
drop view if exists "hospital_dw"."public"."stg_fact_admission__dbt_backup" cascade
[0m08:39:26.639209 [debug] [Thread-4 (]: SQL status: DROP VIEW in 0.0 seconds
[0m08:39:26.643595 [debug] [Thread-4 (]: Timing info for model.hospital_dw.stg_fact_admission (execute): 08:39:26.525613 => 08:39:26.643170
[0m08:39:26.646001 [debug] [Thread-4 (]: On model.hospital_dw.stg_fact_admission: Close
[0m08:39:26.649480 [debug] [Thread-4 (]: Sending event: {'category': 'dbt', 'action': 'run_model', 'label': 'f113c43c-7b88-4af5-916b-fd71bd5b9fc3', 'context': [<snowplow_tracker.self_describing_json.SelfDescribingJson object at 0x782cf1a9fb50>]}
[0m08:39:26.652313 [info ] [Thread-4 (]: 5 of 7 OK created sql view model public.stg_fact_admission ..................... [[32mCREATE VIEW[0m in 0.15s]
[0m08:39:26.656511 [debug] [Thread-4 (]: Finished running node model.hospital_dw.stg_fact_admission
[0m08:39:26.659749 [debug] [Thread-1 (]: Began running node model.hospital_dw.mart_readmission_by_department
[0m08:39:26.660399 [debug] [Thread-2 (]: Began running node model.hospital_dw.mart_readmission_by_diagnosis
[0m08:39:26.662066 [info ] [Thread-1 (]: 6 of 7 START sql table model public.mart_readmission_by_department ............. [RUN]
[0m08:39:26.665679 [info ] [Thread-2 (]: 7 of 7 START sql table model public.mart_readmission_by_diagnosis .............. [RUN]
[0m08:39:26.671237 [debug] [Thread-1 (]: Re-using an available connection from the pool (formerly model.hospital_dw.stg_dim_date, now model.hospital_dw.mart_readmission_by_department)
[0m08:39:26.673705 [debug] [Thread-2 (]: Re-using an available connection from the pool (formerly model.hospital_dw.stg_dim_department, now model.hospital_dw.mart_readmission_by_diagnosis)
[0m08:39:26.675709 [debug] [Thread-1 (]: Began compiling node model.hospital_dw.mart_readmission_by_department
[0m08:39:26.677015 [debug] [Thread-2 (]: Began compiling node model.hospital_dw.mart_readmission_by_diagnosis
[0m08:39:26.680533 [debug] [Thread-1 (]: Writing injected SQL for node "model.hospital_dw.mart_readmission_by_department"
[0m08:39:26.684073 [debug] [Thread-2 (]: Writing injected SQL for node "model.hospital_dw.mart_readmission_by_diagnosis"
[0m08:39:26.694463 [debug] [Thread-2 (]: Timing info for model.hospital_dw.mart_readmission_by_diagnosis (compile): 08:39:26.681921 => 08:39:26.694112
[0m08:39:26.695399 [debug] [Thread-1 (]: Timing info for model.hospital_dw.mart_readmission_by_department (compile): 08:39:26.678274 => 08:39:26.695030
[0m08:39:26.696288 [debug] [Thread-2 (]: Began executing node model.hospital_dw.mart_readmission_by_diagnosis
[0m08:39:26.697819 [debug] [Thread-1 (]: Began executing node model.hospital_dw.mart_readmission_by_department
[0m08:39:26.728400 [debug] [Thread-2 (]: Writing runtime sql for node "model.hospital_dw.mart_readmission_by_diagnosis"
[0m08:39:26.730682 [debug] [Thread-1 (]: Writing runtime sql for node "model.hospital_dw.mart_readmission_by_department"
[0m08:39:26.741034 [debug] [Thread-1 (]: Using postgres connection "model.hospital_dw.mart_readmission_by_department"
[0m08:39:26.745222 [debug] [Thread-1 (]: On model.hospital_dw.mart_readmission_by_department: BEGIN
[0m08:39:26.748716 [debug] [Thread-2 (]: Using postgres connection "model.hospital_dw.mart_readmission_by_diagnosis"
[0m08:39:26.749722 [debug] [Thread-1 (]: Opening a new connection, currently in state closed
[0m08:39:26.754477 [debug] [Thread-2 (]: On model.hospital_dw.mart_readmission_by_diagnosis: BEGIN
[0m08:39:26.761067 [debug] [Thread-2 (]: Opening a new connection, currently in state closed
[0m08:39:26.763740 [debug] [Thread-1 (]: SQL status: BEGIN in 0.0 seconds
[0m08:39:26.768679 [debug] [Thread-1 (]: Using postgres connection "model.hospital_dw.mart_readmission_by_department"
[0m08:39:26.772290 [debug] [Thread-2 (]: SQL status: BEGIN in 0.0 seconds
[0m08:39:26.772642 [debug] [Thread-1 (]: On model.hospital_dw.mart_readmission_by_department: /* {"app": "dbt", "dbt_version": "1.7.13", "profile_name": "hospital_dw", "target_name": "dev", "node_id": "model.hospital_dw.mart_readmission_by_department"} */

  
    

  create  table "hospital_dw"."public"."mart_readmission_by_department__dbt_tmp"
  
  
    as
  
  (
    -- Mart: ty le tai nhap vien 30 ngay, LOS trung binh, theo tung khoa/phong

select
    dd.medical_specialty,
    count(*) as so_luot_kham,
    sum(f.readmitted_30d) as so_ca_tai_nhap_30_ngay,
    round(
        100.0 * sum(f.readmitted_30d) / nullif(count(*), 0), 2
    ) as ty_le_tai_nhap_pct,
    round(avg(f.los_days), 2) as los_trung_binh_ngay,
    round(avg(f.num_medications), 2) as so_thuoc_trung_binh
from "hospital_dw"."public"."stg_fact_admission" f
join "hospital_dw"."public"."stg_dim_department" dd
    on f.department_key = dd.department_key
group by dd.medical_specialty
order by so_luot_kham desc
  );
  
[0m08:39:26.775214 [debug] [Thread-2 (]: Using postgres connection "model.hospital_dw.mart_readmission_by_diagnosis"
[0m08:39:26.781746 [debug] [Thread-2 (]: On model.hospital_dw.mart_readmission_by_diagnosis: /* {"app": "dbt", "dbt_version": "1.7.13", "profile_name": "hospital_dw", "target_name": "dev", "node_id": "model.hospital_dw.mart_readmission_by_diagnosis"} */

  
    

  create  table "hospital_dw"."public"."mart_readmission_by_diagnosis__dbt_tmp"
  
  
    as
  
  (
    -- Mart: ty le tai nhap vien 30 ngay, LOS trung binh, theo tung nhom benh (ICD-9)

select
    di.diag_1_group,
    count(*) as so_luot_kham,
    sum(f.readmitted_30d) as so_ca_tai_nhap_30_ngay,
    round(
        100.0 * sum(f.readmitted_30d) / nullif(count(*), 0), 2
    ) as ty_le_tai_nhap_pct,
    round(avg(f.los_days), 2) as los_trung_binh_ngay,
    round(avg(f.prior_visits_total), 2) as so_lan_kham_truoc_trung_binh
from "hospital_dw"."public"."stg_fact_admission" f
join "hospital_dw"."public"."stg_dim_diagnosis" di
    on f.diagnosis_key = di.diagnosis_key
group by di.diag_1_group
order by so_luot_kham desc
  );
  
[0m08:39:26.831408 [debug] [Thread-2 (]: SQL status: SELECT 12 in 0.0 seconds
[0m08:39:26.833635 [debug] [Thread-1 (]: SQL status: SELECT 73 in 0.0 seconds
[0m08:39:26.836601 [debug] [Thread-2 (]: Using postgres connection "model.hospital_dw.mart_readmission_by_diagnosis"
[0m08:39:26.841576 [debug] [Thread-1 (]: Using postgres connection "model.hospital_dw.mart_readmission_by_department"
[0m08:39:26.843491 [debug] [Thread-2 (]: On model.hospital_dw.mart_readmission_by_diagnosis: /* {"app": "dbt", "dbt_version": "1.7.13", "profile_name": "hospital_dw", "target_name": "dev", "node_id": "model.hospital_dw.mart_readmission_by_diagnosis"} */
alter table "hospital_dw"."public"."mart_readmission_by_diagnosis" rename to "mart_readmission_by_diagnosis__dbt_backup"
[0m08:39:26.845087 [debug] [Thread-1 (]: On model.hospital_dw.mart_readmission_by_department: /* {"app": "dbt", "dbt_version": "1.7.13", "profile_name": "hospital_dw", "target_name": "dev", "node_id": "model.hospital_dw.mart_readmission_by_department"} */
alter table "hospital_dw"."public"."mart_readmission_by_department" rename to "mart_readmission_by_department__dbt_backup"
[0m08:39:26.846838 [debug] [Thread-2 (]: SQL status: ALTER TABLE in 0.0 seconds
[0m08:39:26.848453 [debug] [Thread-1 (]: SQL status: ALTER TABLE in 0.0 seconds
[0m08:39:26.851736 [debug] [Thread-2 (]: Using postgres connection "model.hospital_dw.mart_readmission_by_diagnosis"
[0m08:39:26.855826 [debug] [Thread-1 (]: Using postgres connection "model.hospital_dw.mart_readmission_by_department"
[0m08:39:26.857513 [debug] [Thread-2 (]: On model.hospital_dw.mart_readmission_by_diagnosis: /* {"app": "dbt", "dbt_version": "1.7.13", "profile_name": "hospital_dw", "target_name": "dev", "node_id": "model.hospital_dw.mart_readmission_by_diagnosis"} */
alter table "hospital_dw"."public"."mart_readmission_by_diagnosis__dbt_tmp" rename to "mart_readmission_by_diagnosis"
[0m08:39:26.859359 [debug] [Thread-1 (]: On model.hospital_dw.mart_readmission_by_department: /* {"app": "dbt", "dbt_version": "1.7.13", "profile_name": "hospital_dw", "target_name": "dev", "node_id": "model.hospital_dw.mart_readmission_by_department"} */
alter table "hospital_dw"."public"."mart_readmission_by_department__dbt_tmp" rename to "mart_readmission_by_department"
[0m08:39:26.861173 [debug] [Thread-2 (]: SQL status: ALTER TABLE in 0.0 seconds
[0m08:39:26.862552 [debug] [Thread-1 (]: SQL status: ALTER TABLE in 0.0 seconds
[0m08:39:26.868223 [debug] [Thread-2 (]: On model.hospital_dw.mart_readmission_by_diagnosis: COMMIT
[0m08:39:26.871073 [debug] [Thread-1 (]: On model.hospital_dw.mart_readmission_by_department: COMMIT
[0m08:39:26.872841 [debug] [Thread-2 (]: Using postgres connection "model.hospital_dw.mart_readmission_by_diagnosis"
[0m08:39:26.874673 [debug] [Thread-1 (]: Using postgres connection "model.hospital_dw.mart_readmission_by_department"
[0m08:39:26.877007 [debug] [Thread-2 (]: On model.hospital_dw.mart_readmission_by_diagnosis: COMMIT
[0m08:39:26.878599 [debug] [Thread-1 (]: On model.hospital_dw.mart_readmission_by_department: COMMIT
[0m08:39:26.882478 [debug] [Thread-2 (]: SQL status: COMMIT in 0.0 seconds
[0m08:39:26.884247 [debug] [Thread-1 (]: SQL status: COMMIT in 0.0 seconds
[0m08:39:26.886076 [debug] [Thread-2 (]: Applying DROP to: "hospital_dw"."public"."mart_readmission_by_diagnosis__dbt_backup"
[0m08:39:26.890270 [debug] [Thread-1 (]: Applying DROP to: "hospital_dw"."public"."mart_readmission_by_department__dbt_backup"
[0m08:39:26.895054 [debug] [Thread-2 (]: Using postgres connection "model.hospital_dw.mart_readmission_by_diagnosis"
[0m08:39:26.897726 [debug] [Thread-1 (]: Using postgres connection "model.hospital_dw.mart_readmission_by_department"
[0m08:39:26.899862 [debug] [Thread-2 (]: On model.hospital_dw.mart_readmission_by_diagnosis: /* {"app": "dbt", "dbt_version": "1.7.13", "profile_name": "hospital_dw", "target_name": "dev", "node_id": "model.hospital_dw.mart_readmission_by_diagnosis"} */
drop table if exists "hospital_dw"."public"."mart_readmission_by_diagnosis__dbt_backup" cascade
[0m08:39:26.902402 [debug] [Thread-1 (]: On model.hospital_dw.mart_readmission_by_department: /* {"app": "dbt", "dbt_version": "1.7.13", "profile_name": "hospital_dw", "target_name": "dev", "node_id": "model.hospital_dw.mart_readmission_by_department"} */
drop table if exists "hospital_dw"."public"."mart_readmission_by_department__dbt_backup" cascade
[0m08:39:26.907619 [debug] [Thread-2 (]: SQL status: DROP TABLE in 0.0 seconds
[0m08:39:26.911451 [debug] [Thread-2 (]: Timing info for model.hospital_dw.mart_readmission_by_diagnosis (execute): 08:39:26.699139 => 08:39:26.911129
[0m08:39:26.911916 [debug] [Thread-1 (]: SQL status: DROP TABLE in 0.0 seconds
[0m08:39:26.914577 [debug] [Thread-2 (]: On model.hospital_dw.mart_readmission_by_diagnosis: Close
[0m08:39:26.918666 [debug] [Thread-1 (]: Timing info for model.hospital_dw.mart_readmission_by_department (execute): 08:39:26.722914 => 08:39:26.918427
[0m08:39:26.922279 [debug] [Thread-2 (]: Sending event: {'category': 'dbt', 'action': 'run_model', 'label': 'f113c43c-7b88-4af5-916b-fd71bd5b9fc3', 'context': [<snowplow_tracker.self_describing_json.SelfDescribingJson object at 0x782cf16f5d10>]}
[0m08:39:26.924642 [debug] [Thread-1 (]: On model.hospital_dw.mart_readmission_by_department: Close
[0m08:39:26.927850 [info ] [Thread-2 (]: 7 of 7 OK created sql table model public.mart_readmission_by_diagnosis ......... [[32mSELECT 12[0m in 0.25s]
[0m08:39:26.931294 [debug] [Thread-1 (]: Sending event: {'category': 'dbt', 'action': 'run_model', 'label': 'f113c43c-7b88-4af5-916b-fd71bd5b9fc3', 'context': [<snowplow_tracker.self_describing_json.SelfDescribingJson object at 0x782cf188cb10>]}
[0m08:39:26.934420 [debug] [Thread-2 (]: Finished running node model.hospital_dw.mart_readmission_by_diagnosis
[0m08:39:26.938088 [info ] [Thread-1 (]: 6 of 7 OK created sql table model public.mart_readmission_by_department ........ [[32mSELECT 73[0m in 0.26s]
[0m08:39:26.943117 [debug] [Thread-1 (]: Finished running node model.hospital_dw.mart_readmission_by_department
[0m08:39:26.948033 [debug] [MainThread]: Using postgres connection "master"
[0m08:39:26.954377 [debug] [MainThread]: On master: BEGIN
[0m08:39:26.958806 [debug] [MainThread]: Opening a new connection, currently in state closed
[0m08:39:26.982693 [debug] [MainThread]: SQL status: BEGIN in 0.0 seconds
[0m08:39:26.987778 [debug] [MainThread]: On master: COMMIT
[0m08:39:26.992164 [debug] [MainThread]: Using postgres connection "master"
[0m08:39:26.996391 [debug] [MainThread]: On master: COMMIT
[0m08:39:27.000904 [debug] [MainThread]: SQL status: COMMIT in 0.0 seconds
[0m08:39:27.004348 [debug] [MainThread]: On master: Close
[0m08:39:27.008698 [debug] [MainThread]: Connection 'master' was properly closed.
[0m08:39:27.011647 [debug] [MainThread]: Connection 'model.hospital_dw.mart_readmission_by_department' was properly closed.
[0m08:39:27.014201 [debug] [MainThread]: Connection 'model.hospital_dw.mart_readmission_by_diagnosis' was properly closed.
[0m08:39:27.016317 [debug] [MainThread]: Connection 'model.hospital_dw.stg_dim_diagnosis' was properly closed.
[0m08:39:27.017986 [debug] [MainThread]: Connection 'model.hospital_dw.stg_fact_admission' was properly closed.
[0m08:39:27.020006 [info ] [MainThread]: 
[0m08:39:27.021453 [info ] [MainThread]: Finished running 5 view models, 2 table models in 0 hours 0 minutes and 1.06 seconds (1.06s).
[0m08:39:27.024296 [debug] [MainThread]: Command end result
[0m08:39:27.052993 [info ] [MainThread]: 
[0m08:39:27.054833 [info ] [MainThread]: [32mCompleted successfully[0m
[0m08:39:27.056905 [info ] [MainThread]: 
[0m08:39:27.058683 [info ] [MainThread]: Done. PASS=7 WARN=0 ERROR=0 SKIP=0 TOTAL=7
[0m08:39:27.063096 [debug] [MainThread]: Resource report: {"command_name": "run", "command_success": true, "command_wall_clock_time": 2.0341861, "process_user_time": 1.900182, "process_kernel_time": 0.155954, "process_mem_max_rss": "109308", "process_in_blocks": "2889", "process_out_blocks": "0"}
[0m08:39:27.065183 [debug] [MainThread]: Command `dbt run` succeeded at 08:39:27.065049 after 2.04 seconds
[0m08:39:27.067182 [debug] [MainThread]: Sending event: {'category': 'dbt', 'action': 'invocation', 'label': 'end', 'context': [<snowplow_tracker.self_describing_json.SelfDescribingJson object at 0x782cf3927890>, <snowplow_tracker.self_describing_json.SelfDescribingJson object at 0x782cf335f1d0>, <snowplow_tracker.self_describing_json.SelfDescribingJson object at 0x782cf40161d0>]}
[0m08:39:27.069388 [debug] [MainThread]: Flushing usage events
[0m08:39:30.937904 [debug] [MainThread]: Sending event: {'category': 'dbt', 'action': 'invocation', 'label': 'start', 'context': [<snowplow_tracker.self_describing_json.SelfDescribingJson object at 0x7865f7201590>, <snowplow_tracker.self_describing_json.SelfDescribingJson object at 0x7865f7202850>, <snowplow_tracker.self_describing_json.SelfDescribingJson object at 0x7865f7203110>]}


============================== 08:39:30.940562 | 9bf30f12-a96b-44b8-8f2b-d54543691391 ==============================
[0m08:39:30.940562 [info ] [MainThread]: Running with dbt=1.7.13
[0m08:39:30.941915 [debug] [MainThread]: running dbt with arguments {'printer_width': '80', 'indirect_selection': 'eager', 'write_json': 'True', 'log_cache_events': 'False', 'partial_parse': 'True', 'cache_selected_only': 'False', 'warn_error': 'None', 'fail_fast': 'False', 'version_check': 'True', 'log_path': '/usr/app/dbt/logs', 'debug': 'False', 'profiles_dir': '/usr/app/dbt', 'use_colors': 'True', 'use_experimental_parser': 'False', 'no_print': 'None', 'quiet': 'False', 'warn_error_options': 'WarnErrorOptions(include=[], exclude=[])', 'invocation_command': 'dbt test --profiles-dir /usr/app/dbt --project-dir /usr/app/dbt', 'introspect': 'True', 'static_parser': 'True', 'target_path': 'None', 'log_format': 'default', 'send_anonymous_usage_stats': 'True'}
[0m08:39:31.086949 [debug] [MainThread]: Sending event: {'category': 'dbt', 'action': 'project_id', 'label': '9bf30f12-a96b-44b8-8f2b-d54543691391', 'context': [<snowplow_tracker.self_describing_json.SelfDescribingJson object at 0x7865f59c53d0>]}
[0m08:39:31.137037 [debug] [MainThread]: Sending event: {'category': 'dbt', 'action': 'adapter_info', 'label': '9bf30f12-a96b-44b8-8f2b-d54543691391', 'context': [<snowplow_tracker.self_describing_json.SelfDescribingJson object at 0x7865f5925190>]}
[0m08:39:31.138752 [info ] [MainThread]: Registered adapter: postgres=1.7.13
[0m08:39:31.147930 [debug] [MainThread]: checksum: 6c24e2ee36a42cedd7e5de2827d214776eb7a8e8f425f6d8acb06c31add0afef, vars: {}, profile: , target: , version: 1.7.13
[0m08:39:31.303945 [debug] [MainThread]: Partial parsing enabled: 0 files deleted, 0 files added, 0 files changed.
[0m08:39:31.305247 [debug] [MainThread]: Partial parsing enabled, no changes found, skipping parsing
[0m08:39:31.309888 [debug] [MainThread]: Sending event: {'category': 'dbt', 'action': 'load_project', 'label': '9bf30f12-a96b-44b8-8f2b-d54543691391', 'context': [<snowplow_tracker.self_describing_json.SelfDescribingJson object at 0x7865f584c8d0>]}
[0m08:39:31.345223 [debug] [MainThread]: Sending event: {'category': 'dbt', 'action': 'resource_counts', 'label': '9bf30f12-a96b-44b8-8f2b-d54543691391', 'context': [<snowplow_tracker.self_describing_json.SelfDescribingJson object at 0x7865f58efdd0>]}
[0m08:39:31.349831 [info ] [MainThread]: Found 7 models, 1 snapshot, 15 tests, 5 sources, 0 exposures, 0 metrics, 401 macros, 0 groups, 0 semantic models
[0m08:39:31.353963 [debug] [MainThread]: Sending event: {'category': 'dbt', 'action': 'runnable_timing', 'label': '9bf30f12-a96b-44b8-8f2b-d54543691391', 'context': [<snowplow_tracker.self_describing_json.SelfDescribingJson object at 0x7865f564ff10>]}
[0m08:39:31.362080 [info ] [MainThread]: 
[0m08:39:31.368288 [debug] [MainThread]: Acquiring new postgres connection 'master'
[0m08:39:31.377171 [debug] [ThreadPool]: Acquiring new postgres connection 'list_hospital_dw_public'
[0m08:39:31.399145 [debug] [ThreadPool]: Using postgres connection "list_hospital_dw_public"
[0m08:39:31.403911 [debug] [ThreadPool]: On list_hospital_dw_public: BEGIN
[0m08:39:31.408520 [debug] [ThreadPool]: Opening a new connection, currently in state init
[0m08:39:31.424090 [debug] [ThreadPool]: SQL status: BEGIN in 0.0 seconds
[0m08:39:31.427317 [debug] [ThreadPool]: Using postgres connection "list_hospital_dw_public"
[0m08:39:31.431377 [debug] [ThreadPool]: On list_hospital_dw_public: /* {"app": "dbt", "dbt_version": "1.7.13", "profile_name": "hospital_dw", "target_name": "dev", "connection_name": "list_hospital_dw_public"} */
select
      'hospital_dw' as database,
      tablename as name,
      schemaname as schema,
      'table' as type
    from pg_tables
    where schemaname ilike 'public'
    union all
    select
      'hospital_dw' as database,
      viewname as name,
      schemaname as schema,
      'view' as type
    from pg_views
    where schemaname ilike 'public'
    union all
    select
      'hospital_dw' as database,
      matviewname as name,
      schemaname as schema,
      'materialized_view' as type
    from pg_matviews
    where schemaname ilike 'public'
  
[0m08:39:31.439606 [debug] [ThreadPool]: SQL status: SELECT 12 in 0.0 seconds
[0m08:39:31.445109 [debug] [ThreadPool]: On list_hospital_dw_public: ROLLBACK
[0m08:39:31.448414 [debug] [ThreadPool]: On list_hospital_dw_public: Close
[0m08:39:31.461600 [debug] [MainThread]: Using postgres connection "master"
[0m08:39:31.464621 [debug] [MainThread]: On master: BEGIN
[0m08:39:31.467583 [debug] [MainThread]: Opening a new connection, currently in state init
[0m08:39:31.479174 [debug] [MainThread]: SQL status: BEGIN in 0.0 seconds
[0m08:39:31.482596 [debug] [MainThread]: Using postgres connection "master"
[0m08:39:31.486363 [debug] [MainThread]: On master: /* {"app": "dbt", "dbt_version": "1.7.13", "profile_name": "hospital_dw", "target_name": "dev", "connection_name": "master"} */
with relation as (
        select
            pg_rewrite.ev_class as class,
            pg_rewrite.oid as id
        from pg_rewrite
    ),
    class as (
        select
            oid as id,
            relname as name,
            relnamespace as schema,
            relkind as kind
        from pg_class
    ),
    dependency as (
        select distinct
            pg_depend.objid as id,
            pg_depend.refobjid as ref
        from pg_depend
    ),
    schema as (
        select
            pg_namespace.oid as id,
            pg_namespace.nspname as name
        from pg_namespace
        where nspname != 'information_schema' and nspname not like 'pg\_%'
    ),
    referenced as (
        select
            relation.id AS id,
            referenced_class.name ,
            referenced_class.schema ,
            referenced_class.kind
        from relation
        join class as referenced_class on relation.class=referenced_class.id
        where referenced_class.kind in ('r', 'v', 'm')
    ),
    relationships as (
        select
            referenced.name as referenced_name,
            referenced.schema as referenced_schema_id,
            dependent_class.name as dependent_name,
            dependent_class.schema as dependent_schema_id,
            referenced.kind as kind
        from referenced
        join dependency on referenced.id=dependency.id
        join class as dependent_class on dependency.ref=dependent_class.id
        where
            (referenced.name != dependent_class.name or
             referenced.schema != dependent_class.schema)
    )

    select
        referenced_schema.name as referenced_schema,
        relationships.referenced_name as referenced_name,
        dependent_schema.name as dependent_schema,
        relationships.dependent_name as dependent_name
    from relationships
    join schema as dependent_schema on relationships.dependent_schema_id=dependent_schema.id
    join schema as referenced_schema on relationships.referenced_schema_id=referenced_schema.id
    group by referenced_schema, referenced_name, dependent_schema, dependent_name
    order by referenced_schema, referenced_name, dependent_schema, dependent_name;
[0m08:39:31.495520 [debug] [MainThread]: SQL status: SELECT 5 in 0.0 seconds
[0m08:39:31.500721 [debug] [MainThread]: Sending event: {'category': 'dbt', 'action': 'runnable_timing', 'label': '9bf30f12-a96b-44b8-8f2b-d54543691391', 'context': [<snowplow_tracker.self_describing_json.SelfDescribingJson object at 0x7865f71f4150>]}
[0m08:39:31.503298 [debug] [MainThread]: On master: ROLLBACK
[0m08:39:31.505972 [debug] [MainThread]: Using postgres connection "master"
[0m08:39:31.508404 [debug] [MainThread]: On master: BEGIN
[0m08:39:31.511695 [debug] [MainThread]: SQL status: BEGIN in 0.0 seconds
[0m08:39:31.514287 [debug] [MainThread]: On master: COMMIT
[0m08:39:31.516971 [debug] [MainThread]: Using postgres connection "master"
[0m08:39:31.519244 [debug] [MainThread]: On master: COMMIT
[0m08:39:31.522137 [debug] [MainThread]: SQL status: COMMIT in 0.0 seconds
[0m08:39:31.524666 [debug] [MainThread]: On master: Close
[0m08:39:31.527800 [info ] [MainThread]: Concurrency: 4 threads (target='dev')
[0m08:39:31.531695 [info ] [MainThread]: 
[0m08:39:31.548600 [debug] [Thread-1 (]: Began running node test.hospital_dw.accepted_values_stg_fact_admission_readmitted_30d__0__1.ba08008d27
[0m08:39:31.550092 [debug] [Thread-2 (]: Began running node test.hospital_dw.not_null_stg_dim_date_date_key.208b757f38
[0m08:39:31.551220 [debug] [Thread-3 (]: Began running node test.hospital_dw.not_null_stg_dim_department_department_key.24057a06f5
[0m08:39:31.552384 [debug] [Thread-4 (]: Began running node test.hospital_dw.not_null_stg_dim_diagnosis_diagnosis_key.423220c9c5
[0m08:39:31.556519 [info ] [Thread-1 (]: 1 of 15 START test accepted_values_stg_fact_admission_readmitted_30d__0__1 ..... [RUN]
[0m08:39:31.561753 [info ] [Thread-2 (]: 2 of 15 START test not_null_stg_dim_date_date_key .............................. [RUN]
[0m08:39:31.566256 [info ] [Thread-3 (]: 3 of 15 START test not_null_stg_dim_department_department_key .................. [RUN]
[0m08:39:31.570857 [info ] [Thread-4 (]: 4 of 15 START test not_null_stg_dim_diagnosis_diagnosis_key .................... [RUN]
[0m08:39:31.574588 [debug] [Thread-1 (]: Re-using an available connection from the pool (formerly list_hospital_dw_public, now test.hospital_dw.accepted_values_stg_fact_admission_readmitted_30d__0__1.ba08008d27)
[0m08:39:31.578347 [debug] [Thread-2 (]: Acquiring new postgres connection 'test.hospital_dw.not_null_stg_dim_date_date_key.208b757f38'
[0m08:39:31.582110 [debug] [Thread-3 (]: Acquiring new postgres connection 'test.hospital_dw.not_null_stg_dim_department_department_key.24057a06f5'
[0m08:39:31.585728 [debug] [Thread-4 (]: Acquiring new postgres connection 'test.hospital_dw.not_null_stg_dim_diagnosis_diagnosis_key.423220c9c5'
[0m08:39:31.588704 [debug] [Thread-1 (]: Began compiling node test.hospital_dw.accepted_values_stg_fact_admission_readmitted_30d__0__1.ba08008d27
[0m08:39:31.591790 [debug] [Thread-2 (]: Began compiling node test.hospital_dw.not_null_stg_dim_date_date_key.208b757f38
[0m08:39:31.595570 [debug] [Thread-3 (]: Began compiling node test.hospital_dw.not_null_stg_dim_department_department_key.24057a06f5
[0m08:39:31.598555 [debug] [Thread-4 (]: Began compiling node test.hospital_dw.not_null_stg_dim_diagnosis_diagnosis_key.423220c9c5
[0m08:39:31.617092 [debug] [Thread-1 (]: Writing injected SQL for node "test.hospital_dw.accepted_values_stg_fact_admission_readmitted_30d__0__1.ba08008d27"
[0m08:39:31.626303 [debug] [Thread-2 (]: Writing injected SQL for node "test.hospital_dw.not_null_stg_dim_date_date_key.208b757f38"
[0m08:39:31.635004 [debug] [Thread-3 (]: Writing injected SQL for node "test.hospital_dw.not_null_stg_dim_department_department_key.24057a06f5"
[0m08:39:31.643978 [debug] [Thread-4 (]: Writing injected SQL for node "test.hospital_dw.not_null_stg_dim_diagnosis_diagnosis_key.423220c9c5"
[0m08:39:31.662542 [debug] [Thread-1 (]: Timing info for test.hospital_dw.accepted_values_stg_fact_admission_readmitted_30d__0__1.ba08008d27 (compile): 08:39:31.601311 => 08:39:31.662020
[0m08:39:31.664860 [debug] [Thread-2 (]: Timing info for test.hospital_dw.not_null_stg_dim_date_date_key.208b757f38 (compile): 08:39:31.618624 => 08:39:31.664336
[0m08:39:31.667862 [debug] [Thread-4 (]: Timing info for test.hospital_dw.not_null_stg_dim_diagnosis_diagnosis_key.423220c9c5 (compile): 08:39:31.637685 => 08:39:31.667395
[0m08:39:31.668610 [debug] [Thread-1 (]: Began executing node test.hospital_dw.accepted_values_stg_fact_admission_readmitted_30d__0__1.ba08008d27
[0m08:39:31.672737 [debug] [Thread-3 (]: Timing info for test.hospital_dw.not_null_stg_dim_department_department_key.24057a06f5 (compile): 08:39:31.628896 => 08:39:31.672283
[0m08:39:31.674371 [debug] [Thread-2 (]: Began executing node test.hospital_dw.not_null_stg_dim_date_date_key.208b757f38
[0m08:39:31.677185 [debug] [Thread-4 (]: Began executing node test.hospital_dw.not_null_stg_dim_diagnosis_diagnosis_key.423220c9c5
[0m08:39:31.704278 [debug] [Thread-1 (]: Writing runtime sql for node "test.hospital_dw.accepted_values_stg_fact_admission_readmitted_30d__0__1.ba08008d27"
[0m08:39:31.705127 [debug] [Thread-3 (]: Began executing node test.hospital_dw.not_null_stg_dim_department_department_key.24057a06f5
[0m08:39:31.714314 [debug] [Thread-2 (]: Writing runtime sql for node "test.hospital_dw.not_null_stg_dim_date_date_key.208b757f38"
[0m08:39:31.721755 [debug] [Thread-4 (]: Writing runtime sql for node "test.hospital_dw.not_null_stg_dim_diagnosis_diagnosis_key.423220c9c5"
[0m08:39:31.735566 [debug] [Thread-3 (]: Writing runtime sql for node "test.hospital_dw.not_null_stg_dim_department_department_key.24057a06f5"
[0m08:39:31.747746 [debug] [Thread-1 (]: Using postgres connection "test.hospital_dw.accepted_values_stg_fact_admission_readmitted_30d__0__1.ba08008d27"
[0m08:39:31.750066 [debug] [Thread-2 (]: Using postgres connection "test.hospital_dw.not_null_stg_dim_date_date_key.208b757f38"
[0m08:39:31.750422 [debug] [Thread-1 (]: On test.hospital_dw.accepted_values_stg_fact_admission_readmitted_30d__0__1.ba08008d27: BEGIN
[0m08:39:31.751495 [debug] [Thread-4 (]: Using postgres connection "test.hospital_dw.not_null_stg_dim_diagnosis_diagnosis_key.423220c9c5"
[0m08:39:31.755055 [debug] [Thread-2 (]: On test.hospital_dw.not_null_stg_dim_date_date_key.208b757f38: BEGIN
[0m08:39:31.755859 [debug] [Thread-3 (]: Using postgres connection "test.hospital_dw.not_null_stg_dim_department_department_key.24057a06f5"
[0m08:39:31.758356 [debug] [Thread-1 (]: Opening a new connection, currently in state closed
[0m08:39:31.761257 [debug] [Thread-4 (]: On test.hospital_dw.not_null_stg_dim_diagnosis_diagnosis_key.423220c9c5: BEGIN
[0m08:39:31.763120 [debug] [Thread-2 (]: Opening a new connection, currently in state init
[0m08:39:31.766177 [debug] [Thread-3 (]: On test.hospital_dw.not_null_stg_dim_department_department_key.24057a06f5: BEGIN
[0m08:39:31.770844 [debug] [Thread-4 (]: Opening a new connection, currently in state init
[0m08:39:31.773163 [debug] [Thread-1 (]: SQL status: BEGIN in 0.0 seconds
[0m08:39:31.775010 [debug] [Thread-3 (]: Opening a new connection, currently in state init
[0m08:39:31.777441 [debug] [Thread-2 (]: SQL status: BEGIN in 0.0 seconds
[0m08:39:31.780380 [debug] [Thread-1 (]: Using postgres connection "test.hospital_dw.accepted_values_stg_fact_admission_readmitted_30d__0__1.ba08008d27"
[0m08:39:31.782328 [debug] [Thread-4 (]: SQL status: BEGIN in 0.0 seconds
[0m08:39:31.790038 [debug] [Thread-2 (]: Using postgres connection "test.hospital_dw.not_null_stg_dim_date_date_key.208b757f38"
[0m08:39:31.792487 [debug] [Thread-1 (]: On test.hospital_dw.accepted_values_stg_fact_admission_readmitted_30d__0__1.ba08008d27: /* {"app": "dbt", "dbt_version": "1.7.13", "profile_name": "hospital_dw", "target_name": "dev", "node_id": "test.hospital_dw.accepted_values_stg_fact_admission_readmitted_30d__0__1.ba08008d27"} */
select
      count(*) as failures,
      count(*) != 0 as should_warn,
      count(*) != 0 as should_error
    from (
      
    
    

with all_values as (

    select
        readmitted_30d as value_field,
        count(*) as n_records

    from "hospital_dw"."public"."stg_fact_admission"
    group by readmitted_30d

)

select *
from all_values
where value_field not in (
    '0','1'
)



      
    ) dbt_internal_test
[0m08:39:31.794805 [debug] [Thread-4 (]: Using postgres connection "test.hospital_dw.not_null_stg_dim_diagnosis_diagnosis_key.423220c9c5"
[0m08:39:31.797136 [debug] [Thread-3 (]: SQL status: BEGIN in 0.0 seconds
[0m08:39:31.797906 [debug] [Thread-2 (]: On test.hospital_dw.not_null_stg_dim_date_date_key.208b757f38: /* {"app": "dbt", "dbt_version": "1.7.13", "profile_name": "hospital_dw", "target_name": "dev", "node_id": "test.hospital_dw.not_null_stg_dim_date_date_key.208b757f38"} */
select
      count(*) as failures,
      count(*) != 0 as should_warn,
      count(*) != 0 as should_error
    from (
      
    
    



select date_key
from "hospital_dw"."public"."stg_dim_date"
where date_key is null



      
    ) dbt_internal_test
[0m08:39:31.804898 [debug] [Thread-4 (]: On test.hospital_dw.not_null_stg_dim_diagnosis_diagnosis_key.423220c9c5: /* {"app": "dbt", "dbt_version": "1.7.13", "profile_name": "hospital_dw", "target_name": "dev", "node_id": "test.hospital_dw.not_null_stg_dim_diagnosis_diagnosis_key.423220c9c5"} */
select
      count(*) as failures,
      count(*) != 0 as should_warn,
      count(*) != 0 as should_error
    from (
      
    
    



select diagnosis_key
from "hospital_dw"."public"."stg_dim_diagnosis"
where diagnosis_key is null



      
    ) dbt_internal_test
[0m08:39:31.807172 [debug] [Thread-3 (]: Using postgres connection "test.hospital_dw.not_null_stg_dim_department_department_key.24057a06f5"
[0m08:39:31.811927 [debug] [Thread-2 (]: SQL status: SELECT 1 in 0.0 seconds
[0m08:39:31.814117 [debug] [Thread-4 (]: SQL status: SELECT 1 in 0.0 seconds
[0m08:39:31.815057 [debug] [Thread-3 (]: On test.hospital_dw.not_null_stg_dim_department_department_key.24057a06f5: /* {"app": "dbt", "dbt_version": "1.7.13", "profile_name": "hospital_dw", "target_name": "dev", "node_id": "test.hospital_dw.not_null_stg_dim_department_department_key.24057a06f5"} */
select
      count(*) as failures,
      count(*) != 0 as should_warn,
      count(*) != 0 as should_error
    from (
      
    
    



select department_key
from "hospital_dw"."public"."stg_dim_department"
where department_key is null



      
    ) dbt_internal_test
[0m08:39:31.819865 [debug] [Thread-2 (]: Timing info for test.hospital_dw.not_null_stg_dim_date_date_key.208b757f38 (execute): 08:39:31.710876 => 08:39:31.819535
[0m08:39:31.820384 [debug] [Thread-1 (]: SQL status: SELECT 1 in 0.0 seconds
[0m08:39:31.823883 [debug] [Thread-4 (]: Timing info for test.hospital_dw.not_null_stg_dim_diagnosis_diagnosis_key.423220c9c5 (execute): 08:39:31.718877 => 08:39:31.823315
[0m08:39:31.829162 [debug] [Thread-3 (]: SQL status: SELECT 1 in 0.0 seconds
[0m08:39:31.830229 [debug] [Thread-2 (]: On test.hospital_dw.not_null_stg_dim_date_date_key.208b757f38: ROLLBACK
[0m08:39:31.834513 [debug] [Thread-1 (]: Timing info for test.hospital_dw.accepted_values_stg_fact_admission_readmitted_30d__0__1.ba08008d27 (execute): 08:39:31.679474 => 08:39:31.834194
[0m08:39:31.837096 [debug] [Thread-4 (]: On test.hospital_dw.not_null_stg_dim_diagnosis_diagnosis_key.423220c9c5: ROLLBACK
[0m08:39:31.841478 [debug] [Thread-3 (]: Timing info for test.hospital_dw.not_null_stg_dim_department_department_key.24057a06f5 (execute): 08:39:31.733413 => 08:39:31.841119
[0m08:39:31.844660 [debug] [Thread-2 (]: On test.hospital_dw.not_null_stg_dim_date_date_key.208b757f38: Close
[0m08:39:31.846992 [debug] [Thread-1 (]: On test.hospital_dw.accepted_values_stg_fact_admission_readmitted_30d__0__1.ba08008d27: ROLLBACK
[0m08:39:31.850266 [debug] [Thread-4 (]: On test.hospital_dw.not_null_stg_dim_diagnosis_diagnosis_key.423220c9c5: Close
[0m08:39:31.852491 [debug] [Thread-3 (]: On test.hospital_dw.not_null_stg_dim_department_department_key.24057a06f5: ROLLBACK
[0m08:39:31.854930 [info ] [Thread-2 (]: 2 of 15 PASS not_null_stg_dim_date_date_key .................................... [[32mPASS[0m in 0.28s]
[0m08:39:31.856676 [debug] [Thread-1 (]: On test.hospital_dw.accepted_values_stg_fact_admission_readmitted_30d__0__1.ba08008d27: Close
[0m08:39:31.858329 [info ] [Thread-4 (]: 4 of 15 PASS not_null_stg_dim_diagnosis_diagnosis_key .......................... [[32mPASS[0m in 0.27s]
[0m08:39:31.859916 [debug] [Thread-3 (]: On test.hospital_dw.not_null_stg_dim_department_department_key.24057a06f5: Close
[0m08:39:31.861396 [debug] [Thread-2 (]: Finished running node test.hospital_dw.not_null_stg_dim_date_date_key.208b757f38
[0m08:39:31.863929 [info ] [Thread-1 (]: 1 of 15 PASS accepted_values_stg_fact_admission_readmitted_30d__0__1 ........... [[32mPASS[0m in 0.29s]
[0m08:39:31.865795 [debug] [Thread-4 (]: Finished running node test.hospital_dw.not_null_stg_dim_diagnosis_diagnosis_key.423220c9c5
[0m08:39:31.868160 [info ] [Thread-3 (]: 3 of 15 PASS not_null_stg_dim_department_department_key ........................ [[32mPASS[0m in 0.29s]
[0m08:39:31.869684 [debug] [Thread-2 (]: Began running node test.hospital_dw.not_null_stg_dim_patient_patient_key.86605293d1
[0m08:39:31.871848 [debug] [Thread-1 (]: Finished running node test.hospital_dw.accepted_values_stg_fact_admission_readmitted_30d__0__1.ba08008d27
[0m08:39:31.887917 [debug] [Thread-4 (]: Began running node test.hospital_dw.not_null_stg_fact_admission_encounter_id.71ff8c28cf
[0m08:39:31.891018 [debug] [Thread-3 (]: Finished running node test.hospital_dw.not_null_stg_dim_department_department_key.24057a06f5
[0m08:39:31.893548 [info ] [Thread-2 (]: 5 of 15 START test not_null_stg_dim_patient_patient_key ........................ [RUN]
[0m08:39:31.902330 [debug] [Thread-1 (]: Began running node test.hospital_dw.not_null_stg_fact_admission_patient_key.8895b10168
[0m08:39:31.905146 [info ] [Thread-4 (]: 6 of 15 START test not_null_stg_fact_admission_encounter_id .................... [RUN]
[0m08:39:31.908434 [debug] [Thread-3 (]: Began running node test.hospital_dw.relationships_stg_fact_admission_department_key__department_key__ref_stg_dim_department_.bdaf5ed20e
[0m08:39:31.910133 [debug] [Thread-2 (]: Re-using an available connection from the pool (formerly test.hospital_dw.not_null_stg_dim_date_date_key.208b757f38, now test.hospital_dw.not_null_stg_dim_patient_patient_key.86605293d1)
[0m08:39:31.912863 [info ] [Thread-1 (]: 7 of 15 START test not_null_stg_fact_admission_patient_key ..................... [RUN]
[0m08:39:31.915874 [debug] [Thread-4 (]: Re-using an available connection from the pool (formerly test.hospital_dw.not_null_stg_dim_diagnosis_diagnosis_key.423220c9c5, now test.hospital_dw.not_null_stg_fact_admission_encounter_id.71ff8c28cf)
[0m08:39:31.917484 [info ] [Thread-3 (]: 8 of 15 START test relationships_stg_fact_admission_department_key__department_key__ref_stg_dim_department_  [RUN]
[0m08:39:31.919672 [debug] [Thread-2 (]: Began compiling node test.hospital_dw.not_null_stg_dim_patient_patient_key.86605293d1
[0m08:39:31.921855 [debug] [Thread-1 (]: Re-using an available connection from the pool (formerly test.hospital_dw.accepted_values_stg_fact_admission_readmitted_30d__0__1.ba08008d27, now test.hospital_dw.not_null_stg_fact_admission_patient_key.8895b10168)
[0m08:39:31.924010 [debug] [Thread-4 (]: Began compiling node test.hospital_dw.not_null_stg_fact_admission_encounter_id.71ff8c28cf
[0m08:39:31.926529 [debug] [Thread-3 (]: Re-using an available connection from the pool (formerly test.hospital_dw.not_null_stg_dim_department_department_key.24057a06f5, now test.hospital_dw.relationships_stg_fact_admission_department_key__department_key__ref_stg_dim_department_.bdaf5ed20e)
[0m08:39:31.935678 [debug] [Thread-2 (]: Writing injected SQL for node "test.hospital_dw.not_null_stg_dim_patient_patient_key.86605293d1"
[0m08:39:31.937786 [debug] [Thread-1 (]: Began compiling node test.hospital_dw.not_null_stg_fact_admission_patient_key.8895b10168
[0m08:39:31.947195 [debug] [Thread-4 (]: Writing injected SQL for node "test.hospital_dw.not_null_stg_fact_admission_encounter_id.71ff8c28cf"
[0m08:39:31.949769 [debug] [Thread-3 (]: Began compiling node test.hospital_dw.relationships_stg_fact_admission_department_key__department_key__ref_stg_dim_department_.bdaf5ed20e
[0m08:39:31.961313 [debug] [Thread-1 (]: Writing injected SQL for node "test.hospital_dw.not_null_stg_fact_admission_patient_key.8895b10168"
[0m08:39:31.980921 [debug] [Thread-3 (]: Writing injected SQL for node "test.hospital_dw.relationships_stg_fact_admission_department_key__department_key__ref_stg_dim_department_.bdaf5ed20e"
[0m08:39:31.983066 [debug] [Thread-2 (]: Timing info for test.hospital_dw.not_null_stg_dim_patient_patient_key.86605293d1 (compile): 08:39:31.928397 => 08:39:31.982634
[0m08:39:31.984950 [debug] [Thread-4 (]: Timing info for test.hospital_dw.not_null_stg_fact_admission_encounter_id.71ff8c28cf (compile): 08:39:31.940038 => 08:39:31.984570
[0m08:39:31.988817 [debug] [Thread-2 (]: Began executing node test.hospital_dw.not_null_stg_dim_patient_patient_key.86605293d1
[0m08:39:31.989722 [debug] [Thread-1 (]: Timing info for test.hospital_dw.not_null_stg_fact_admission_patient_key.8895b10168 (compile): 08:39:31.953944 => 08:39:31.989240
[0m08:39:31.991906 [debug] [Thread-4 (]: Began executing node test.hospital_dw.not_null_stg_fact_admission_encounter_id.71ff8c28cf
[0m08:39:31.997282 [debug] [Thread-2 (]: Writing runtime sql for node "test.hospital_dw.not_null_stg_dim_patient_patient_key.86605293d1"
[0m08:39:31.998400 [debug] [Thread-3 (]: Timing info for test.hospital_dw.relationships_stg_fact_admission_department_key__department_key__ref_stg_dim_department_.bdaf5ed20e (compile): 08:39:31.964900 => 08:39:31.997943
[0m08:39:32.000576 [debug] [Thread-1 (]: Began executing node test.hospital_dw.not_null_stg_fact_admission_patient_key.8895b10168
[0m08:39:32.006125 [debug] [Thread-4 (]: Writing runtime sql for node "test.hospital_dw.not_null_stg_fact_admission_encounter_id.71ff8c28cf"
[0m08:39:32.010754 [debug] [Thread-3 (]: Began executing node test.hospital_dw.relationships_stg_fact_admission_department_key__department_key__ref_stg_dim_department_.bdaf5ed20e
[0m08:39:32.017724 [debug] [Thread-1 (]: Writing runtime sql for node "test.hospital_dw.not_null_stg_fact_admission_patient_key.8895b10168"
[0m08:39:32.024900 [debug] [Thread-3 (]: Writing runtime sql for node "test.hospital_dw.relationships_stg_fact_admission_department_key__department_key__ref_stg_dim_department_.bdaf5ed20e"
[0m08:39:32.028127 [debug] [Thread-2 (]: Using postgres connection "test.hospital_dw.not_null_stg_dim_patient_patient_key.86605293d1"
[0m08:39:32.034163 [debug] [Thread-4 (]: Using postgres connection "test.hospital_dw.not_null_stg_fact_admission_encounter_id.71ff8c28cf"
[0m08:39:32.038732 [debug] [Thread-2 (]: On test.hospital_dw.not_null_stg_dim_patient_patient_key.86605293d1: BEGIN
[0m08:39:32.039685 [debug] [Thread-1 (]: Using postgres connection "test.hospital_dw.not_null_stg_fact_admission_patient_key.8895b10168"
[0m08:39:32.042215 [debug] [Thread-4 (]: On test.hospital_dw.not_null_stg_fact_admission_encounter_id.71ff8c28cf: BEGIN
[0m08:39:32.046154 [debug] [Thread-2 (]: Opening a new connection, currently in state closed
[0m08:39:32.047041 [debug] [Thread-3 (]: Using postgres connection "test.hospital_dw.relationships_stg_fact_admission_department_key__department_key__ref_stg_dim_department_.bdaf5ed20e"
[0m08:39:32.052223 [debug] [Thread-1 (]: On test.hospital_dw.not_null_stg_fact_admission_patient_key.8895b10168: BEGIN
[0m08:39:32.055002 [debug] [Thread-4 (]: Opening a new connection, currently in state closed
[0m08:39:32.060911 [debug] [Thread-3 (]: On test.hospital_dw.relationships_stg_fact_admission_department_key__department_key__ref_stg_dim_department_.bdaf5ed20e: BEGIN
[0m08:39:32.064295 [debug] [Thread-1 (]: Opening a new connection, currently in state closed
[0m08:39:32.067107 [debug] [Thread-2 (]: SQL status: BEGIN in 0.0 seconds
[0m08:39:32.074510 [debug] [Thread-3 (]: Opening a new connection, currently in state closed
[0m08:39:32.079573 [debug] [Thread-2 (]: Using postgres connection "test.hospital_dw.not_null_stg_dim_patient_patient_key.86605293d1"
[0m08:39:32.080075 [debug] [Thread-4 (]: SQL status: BEGIN in 0.0 seconds
[0m08:39:32.084674 [debug] [Thread-1 (]: SQL status: BEGIN in 0.0 seconds
[0m08:39:32.085146 [debug] [Thread-2 (]: On test.hospital_dw.not_null_stg_dim_patient_patient_key.86605293d1: /* {"app": "dbt", "dbt_version": "1.7.13", "profile_name": "hospital_dw", "target_name": "dev", "node_id": "test.hospital_dw.not_null_stg_dim_patient_patient_key.86605293d1"} */
select
      count(*) as failures,
      count(*) != 0 as should_warn,
      count(*) != 0 as should_error
    from (
      
    
    



select patient_key
from "hospital_dw"."public"."stg_dim_patient"
where patient_key is null



      
    ) dbt_internal_test
[0m08:39:32.087678 [debug] [Thread-4 (]: Using postgres connection "test.hospital_dw.not_null_stg_fact_admission_encounter_id.71ff8c28cf"
[0m08:39:32.088706 [debug] [Thread-3 (]: SQL status: BEGIN in 0.0 seconds
[0m08:39:32.090666 [debug] [Thread-1 (]: Using postgres connection "test.hospital_dw.not_null_stg_fact_admission_patient_key.8895b10168"
[0m08:39:32.094682 [debug] [Thread-4 (]: On test.hospital_dw.not_null_stg_fact_admission_encounter_id.71ff8c28cf: /* {"app": "dbt", "dbt_version": "1.7.13", "profile_name": "hospital_dw", "target_name": "dev", "node_id": "test.hospital_dw.not_null_stg_fact_admission_encounter_id.71ff8c28cf"} */
select
      count(*) as failures,
      count(*) != 0 as should_warn,
      count(*) != 0 as should_error
    from (
      
    
    



select encounter_id
from "hospital_dw"."public"."stg_fact_admission"
where encounter_id is null



      
    ) dbt_internal_test
[0m08:39:32.097344 [debug] [Thread-3 (]: Using postgres connection "test.hospital_dw.relationships_stg_fact_admission_department_key__department_key__ref_stg_dim_department_.bdaf5ed20e"
[0m08:39:32.100193 [debug] [Thread-1 (]: On test.hospital_dw.not_null_stg_fact_admission_patient_key.8895b10168: /* {"app": "dbt", "dbt_version": "1.7.13", "profile_name": "hospital_dw", "target_name": "dev", "node_id": "test.hospital_dw.not_null_stg_fact_admission_patient_key.8895b10168"} */
select
      count(*) as failures,
      count(*) != 0 as should_warn,
      count(*) != 0 as should_error
    from (
      
    
    



select patient_key
from "hospital_dw"."public"."stg_fact_admission"
where patient_key is null



      
    ) dbt_internal_test
[0m08:39:32.101534 [debug] [Thread-2 (]: SQL status: SELECT 1 in 0.0 seconds
[0m08:39:32.106481 [debug] [Thread-3 (]: On test.hospital_dw.relationships_stg_fact_admission_department_key__department_key__ref_stg_dim_department_.bdaf5ed20e: /* {"app": "dbt", "dbt_version": "1.7.13", "profile_name": "hospital_dw", "target_name": "dev", "node_id": "test.hospital_dw.relationships_stg_fact_admission_department_key__department_key__ref_stg_dim_department_.bdaf5ed20e"} */
select
      count(*) as failures,
      count(*) != 0 as should_warn,
      count(*) != 0 as should_error
    from (
      
    
    

with child as (
    select department_key as from_field
    from "hospital_dw"."public"."stg_fact_admission"
    where department_key is not null
),

parent as (
    select department_key as to_field
    from "hospital_dw"."public"."stg_dim_department"
)

select
    from_field

from child
left join parent
    on child.from_field = parent.to_field

where parent.to_field is null



      
    ) dbt_internal_test
[0m08:39:32.111965 [debug] [Thread-4 (]: SQL status: SELECT 1 in 0.0 seconds
[0m08:39:32.113543 [debug] [Thread-2 (]: Timing info for test.hospital_dw.not_null_stg_dim_patient_patient_key.86605293d1 (execute): 08:39:31.993986 => 08:39:32.113316
[0m08:39:32.116537 [debug] [Thread-1 (]: SQL status: SELECT 1 in 0.0 seconds
[0m08:39:32.122827 [debug] [Thread-4 (]: Timing info for test.hospital_dw.not_null_stg_fact_admission_encounter_id.71ff8c28cf (execute): 08:39:32.002555 => 08:39:32.122578
[0m08:39:32.127886 [debug] [Thread-2 (]: On test.hospital_dw.not_null_stg_dim_patient_patient_key.86605293d1: ROLLBACK
[0m08:39:32.132932 [debug] [Thread-1 (]: Timing info for test.hospital_dw.not_null_stg_fact_admission_patient_key.8895b10168 (execute): 08:39:32.014284 => 08:39:32.132707
[0m08:39:32.134471 [debug] [Thread-3 (]: SQL status: SELECT 1 in 0.0 seconds
[0m08:39:32.135834 [debug] [Thread-4 (]: On test.hospital_dw.not_null_stg_fact_admission_encounter_id.71ff8c28cf: ROLLBACK
[0m08:39:32.139789 [debug] [Thread-2 (]: On test.hospital_dw.not_null_stg_dim_patient_patient_key.86605293d1: Close
[0m08:39:32.142061 [debug] [Thread-1 (]: On test.hospital_dw.not_null_stg_fact_admission_patient_key.8895b10168: ROLLBACK
[0m08:39:32.146417 [debug] [Thread-3 (]: Timing info for test.hospital_dw.relationships_stg_fact_admission_department_key__department_key__ref_stg_dim_department_.bdaf5ed20e (execute): 08:39:32.021555 => 08:39:32.145986
[0m08:39:32.149169 [debug] [Thread-4 (]: On test.hospital_dw.not_null_stg_fact_admission_encounter_id.71ff8c28cf: Close
[0m08:39:32.151731 [info ] [Thread-2 (]: 5 of 15 PASS not_null_stg_dim_patient_patient_key .............................. [[32mPASS[0m in 0.24s]
[0m08:39:32.154838 [debug] [Thread-1 (]: On test.hospital_dw.not_null_stg_fact_admission_patient_key.8895b10168: Close
[0m08:39:32.156828 [debug] [Thread-3 (]: On test.hospital_dw.relationships_stg_fact_admission_department_key__department_key__ref_stg_dim_department_.bdaf5ed20e: ROLLBACK
[0m08:39:32.159611 [info ] [Thread-4 (]: 6 of 15 PASS not_null_stg_fact_admission_encounter_id .......................... [[32mPASS[0m in 0.24s]
[0m08:39:32.161576 [debug] [Thread-2 (]: Finished running node test.hospital_dw.not_null_stg_dim_patient_patient_key.86605293d1
[0m08:39:32.164190 [info ] [Thread-1 (]: 7 of 15 PASS not_null_stg_fact_admission_patient_key ........................... [[32mPASS[0m in 0.24s]
[0m08:39:32.166097 [debug] [Thread-3 (]: On test.hospital_dw.relationships_stg_fact_admission_department_key__department_key__ref_stg_dim_department_.bdaf5ed20e: Close
[0m08:39:32.168735 [debug] [Thread-4 (]: Finished running node test.hospital_dw.not_null_stg_fact_admission_encounter_id.71ff8c28cf
[0m08:39:32.172254 [debug] [Thread-2 (]: Began running node test.hospital_dw.relationships_stg_fact_admission_diagnosis_key__diagnosis_key__ref_stg_dim_diagnosis_.84bafa8a45
[0m08:39:32.174891 [debug] [Thread-1 (]: Finished running node test.hospital_dw.not_null_stg_fact_admission_patient_key.8895b10168
[0m08:39:32.178048 [info ] [Thread-3 (]: 8 of 15 PASS relationships_stg_fact_admission_department_key__department_key__ref_stg_dim_department_  [[32mPASS[0m in 0.25s]
[0m08:39:32.181541 [debug] [Thread-4 (]: Began running node test.hospital_dw.relationships_stg_fact_admission_patient_key__patient_key__ref_stg_dim_patient_.1b2f62cd60
[0m08:39:32.183909 [info ] [Thread-2 (]: 9 of 15 START test relationships_stg_fact_admission_diagnosis_key__diagnosis_key__ref_stg_dim_diagnosis_  [RUN]
[0m08:39:32.186260 [debug] [Thread-1 (]: Began running node test.hospital_dw.unique_stg_dim_date_date_key.7c4df93a1d
[0m08:39:32.188990 [debug] [Thread-3 (]: Finished running node test.hospital_dw.relationships_stg_fact_admission_department_key__department_key__ref_stg_dim_department_.bdaf5ed20e
[0m08:39:32.191076 [info ] [Thread-4 (]: 10 of 15 START test relationships_stg_fact_admission_patient_key__patient_key__ref_stg_dim_patient_  [RUN]
[0m08:39:32.194083 [debug] [Thread-2 (]: Re-using an available connection from the pool (formerly test.hospital_dw.not_null_stg_dim_patient_patient_key.86605293d1, now test.hospital_dw.relationships_stg_fact_admission_diagnosis_key__diagnosis_key__ref_stg_dim_diagnosis_.84bafa8a45)
[0m08:39:32.196818 [info ] [Thread-1 (]: 11 of 15 START test unique_stg_dim_date_date_key ............................... [RUN]
[0m08:39:32.205424 [debug] [Thread-3 (]: Began running node test.hospital_dw.unique_stg_dim_department_department_key.d6a80fc14a
[0m08:39:32.208539 [debug] [Thread-4 (]: Re-using an available connection from the pool (formerly test.hospital_dw.not_null_stg_fact_admission_encounter_id.71ff8c28cf, now test.hospital_dw.relationships_stg_fact_admission_patient_key__patient_key__ref_stg_dim_patient_.1b2f62cd60)
[0m08:39:32.213437 [debug] [Thread-2 (]: Began compiling node test.hospital_dw.relationships_stg_fact_admission_diagnosis_key__diagnosis_key__ref_stg_dim_diagnosis_.84bafa8a45
[0m08:39:32.219746 [debug] [Thread-1 (]: Re-using an available connection from the pool (formerly test.hospital_dw.not_null_stg_fact_admission_patient_key.8895b10168, now test.hospital_dw.unique_stg_dim_date_date_key.7c4df93a1d)
[0m08:39:32.226148 [info ] [Thread-3 (]: 12 of 15 START test unique_stg_dim_department_department_key ................... [RUN]
[0m08:39:32.232067 [debug] [Thread-4 (]: Began compiling node test.hospital_dw.relationships_stg_fact_admission_patient_key__patient_key__ref_stg_dim_patient_.1b2f62cd60
[0m08:39:32.247294 [debug] [Thread-2 (]: Writing injected SQL for node "test.hospital_dw.relationships_stg_fact_admission_diagnosis_key__diagnosis_key__ref_stg_dim_diagnosis_.84bafa8a45"
[0m08:39:32.250732 [debug] [Thread-1 (]: Began compiling node test.hospital_dw.unique_stg_dim_date_date_key.7c4df93a1d
[0m08:39:32.255057 [debug] [Thread-3 (]: Re-using an available connection from the pool (formerly test.hospital_dw.relationships_stg_fact_admission_department_key__department_key__ref_stg_dim_department_.bdaf5ed20e, now test.hospital_dw.unique_stg_dim_department_department_key.d6a80fc14a)
[0m08:39:32.261960 [debug] [Thread-4 (]: Writing injected SQL for node "test.hospital_dw.relationships_stg_fact_admission_patient_key__patient_key__ref_stg_dim_patient_.1b2f62cd60"
[0m08:39:32.272943 [debug] [Thread-1 (]: Writing injected SQL for node "test.hospital_dw.unique_stg_dim_date_date_key.7c4df93a1d"
[0m08:39:32.275912 [debug] [Thread-3 (]: Began compiling node test.hospital_dw.unique_stg_dim_department_department_key.d6a80fc14a
[0m08:39:32.284792 [debug] [Thread-3 (]: Writing injected SQL for node "test.hospital_dw.unique_stg_dim_department_department_key.d6a80fc14a"
[0m08:39:32.288007 [debug] [Thread-4 (]: Timing info for test.hospital_dw.relationships_stg_fact_admission_patient_key__patient_key__ref_stg_dim_patient_.1b2f62cd60 (compile): 08:39:32.257966 => 08:39:32.287788
[0m08:39:32.288359 [debug] [Thread-2 (]: Timing info for test.hospital_dw.relationships_stg_fact_admission_diagnosis_key__diagnosis_key__ref_stg_dim_diagnosis_.84bafa8a45 (compile): 08:39:32.236877 => 08:39:32.288163
[0m08:39:32.288751 [debug] [Thread-1 (]: Timing info for test.hospital_dw.unique_stg_dim_date_date_key.7c4df93a1d (compile): 08:39:32.266826 => 08:39:32.288501
[0m08:39:32.290951 [debug] [Thread-4 (]: Began executing node test.hospital_dw.relationships_stg_fact_admission_patient_key__patient_key__ref_stg_dim_patient_.1b2f62cd60
[0m08:39:32.293482 [debug] [Thread-2 (]: Began executing node test.hospital_dw.relationships_stg_fact_admission_diagnosis_key__diagnosis_key__ref_stg_dim_diagnosis_.84bafa8a45
[0m08:39:32.295716 [debug] [Thread-1 (]: Began executing node test.hospital_dw.unique_stg_dim_date_date_key.7c4df93a1d
[0m08:39:32.300094 [debug] [Thread-4 (]: Writing runtime sql for node "test.hospital_dw.relationships_stg_fact_admission_patient_key__patient_key__ref_stg_dim_patient_.1b2f62cd60"
[0m08:39:32.304320 [debug] [Thread-2 (]: Writing runtime sql for node "test.hospital_dw.relationships_stg_fact_admission_diagnosis_key__diagnosis_key__ref_stg_dim_diagnosis_.84bafa8a45"
[0m08:39:32.304876 [debug] [Thread-3 (]: Timing info for test.hospital_dw.unique_stg_dim_department_department_key.d6a80fc14a (compile): 08:39:32.282209 => 08:39:32.304627
[0m08:39:32.308563 [debug] [Thread-1 (]: Writing runtime sql for node "test.hospital_dw.unique_stg_dim_date_date_key.7c4df93a1d"
[0m08:39:32.315719 [debug] [Thread-3 (]: Began executing node test.hospital_dw.unique_stg_dim_department_department_key.d6a80fc14a
[0m08:39:32.324640 [debug] [Thread-3 (]: Writing runtime sql for node "test.hospital_dw.unique_stg_dim_department_department_key.d6a80fc14a"
[0m08:39:32.326847 [debug] [Thread-4 (]: Using postgres connection "test.hospital_dw.relationships_stg_fact_admission_patient_key__patient_key__ref_stg_dim_patient_.1b2f62cd60"
[0m08:39:32.328925 [debug] [Thread-2 (]: Using postgres connection "test.hospital_dw.relationships_stg_fact_admission_diagnosis_key__diagnosis_key__ref_stg_dim_diagnosis_.84bafa8a45"
[0m08:39:32.330794 [debug] [Thread-1 (]: Using postgres connection "test.hospital_dw.unique_stg_dim_date_date_key.7c4df93a1d"
[0m08:39:32.333427 [debug] [Thread-4 (]: On test.hospital_dw.relationships_stg_fact_admission_patient_key__patient_key__ref_stg_dim_patient_.1b2f62cd60: BEGIN
[0m08:39:32.336637 [debug] [Thread-2 (]: On test.hospital_dw.relationships_stg_fact_admission_diagnosis_key__diagnosis_key__ref_stg_dim_diagnosis_.84bafa8a45: BEGIN
[0m08:39:32.340003 [debug] [Thread-1 (]: On test.hospital_dw.unique_stg_dim_date_date_key.7c4df93a1d: BEGIN
[0m08:39:32.343071 [debug] [Thread-4 (]: Opening a new connection, currently in state closed
[0m08:39:32.346262 [debug] [Thread-2 (]: Opening a new connection, currently in state closed
[0m08:39:32.349293 [debug] [Thread-1 (]: Opening a new connection, currently in state closed
[0m08:39:32.350045 [debug] [Thread-3 (]: Using postgres connection "test.hospital_dw.unique_stg_dim_department_department_key.d6a80fc14a"
[0m08:39:32.360097 [debug] [Thread-3 (]: On test.hospital_dw.unique_stg_dim_department_department_key.d6a80fc14a: BEGIN
[0m08:39:32.361850 [debug] [Thread-4 (]: SQL status: BEGIN in 0.0 seconds
[0m08:39:32.363683 [debug] [Thread-3 (]: Opening a new connection, currently in state closed
[0m08:39:32.364547 [debug] [Thread-2 (]: SQL status: BEGIN in 0.0 seconds
[0m08:39:32.369244 [debug] [Thread-1 (]: SQL status: BEGIN in 0.0 seconds
[0m08:39:32.370689 [debug] [Thread-4 (]: Using postgres connection "test.hospital_dw.relationships_stg_fact_admission_patient_key__patient_key__ref_stg_dim_patient_.1b2f62cd60"
[0m08:39:32.375919 [debug] [Thread-2 (]: Using postgres connection "test.hospital_dw.relationships_stg_fact_admission_diagnosis_key__diagnosis_key__ref_stg_dim_diagnosis_.84bafa8a45"
[0m08:39:32.378808 [debug] [Thread-1 (]: Using postgres connection "test.hospital_dw.unique_stg_dim_date_date_key.7c4df93a1d"
[0m08:39:32.381536 [debug] [Thread-4 (]: On test.hospital_dw.relationships_stg_fact_admission_patient_key__patient_key__ref_stg_dim_patient_.1b2f62cd60: /* {"app": "dbt", "dbt_version": "1.7.13", "profile_name": "hospital_dw", "target_name": "dev", "node_id": "test.hospital_dw.relationships_stg_fact_admission_patient_key__patient_key__ref_stg_dim_patient_.1b2f62cd60"} */
select
      count(*) as failures,
      count(*) != 0 as should_warn,
      count(*) != 0 as should_error
    from (
      
    
    

with child as (
    select patient_key as from_field
    from "hospital_dw"."public"."stg_fact_admission"
    where patient_key is not null
),

parent as (
    select patient_key as to_field
    from "hospital_dw"."public"."stg_dim_patient"
)

select
    from_field

from child
left join parent
    on child.from_field = parent.to_field

where parent.to_field is null



      
    ) dbt_internal_test
[0m08:39:32.383635 [debug] [Thread-3 (]: SQL status: BEGIN in 0.0 seconds
[0m08:39:32.384520 [debug] [Thread-2 (]: On test.hospital_dw.relationships_stg_fact_admission_diagnosis_key__diagnosis_key__ref_stg_dim_diagnosis_.84bafa8a45: /* {"app": "dbt", "dbt_version": "1.7.13", "profile_name": "hospital_dw", "target_name": "dev", "node_id": "test.hospital_dw.relationships_stg_fact_admission_diagnosis_key__diagnosis_key__ref_stg_dim_diagnosis_.84bafa8a45"} */
select
      count(*) as failures,
      count(*) != 0 as should_warn,
      count(*) != 0 as should_error
    from (
      
    
    

with child as (
    select diagnosis_key as from_field
    from "hospital_dw"."public"."stg_fact_admission"
    where diagnosis_key is not null
),

parent as (
    select diagnosis_key as to_field
    from "hospital_dw"."public"."stg_dim_diagnosis"
)

select
    from_field

from child
left join parent
    on child.from_field = parent.to_field

where parent.to_field is null



      
    ) dbt_internal_test
[0m08:39:32.390914 [debug] [Thread-1 (]: On test.hospital_dw.unique_stg_dim_date_date_key.7c4df93a1d: /* {"app": "dbt", "dbt_version": "1.7.13", "profile_name": "hospital_dw", "target_name": "dev", "node_id": "test.hospital_dw.unique_stg_dim_date_date_key.7c4df93a1d"} */
select
      count(*) as failures,
      count(*) != 0 as should_warn,
      count(*) != 0 as should_error
    from (
      
    
    

select
    date_key as unique_field,
    count(*) as n_records

from "hospital_dw"."public"."stg_dim_date"
where date_key is not null
group by date_key
having count(*) > 1



      
    ) dbt_internal_test
[0m08:39:32.397022 [debug] [Thread-3 (]: Using postgres connection "test.hospital_dw.unique_stg_dim_department_department_key.d6a80fc14a"
[0m08:39:32.405361 [debug] [Thread-3 (]: On test.hospital_dw.unique_stg_dim_department_department_key.d6a80fc14a: /* {"app": "dbt", "dbt_version": "1.7.13", "profile_name": "hospital_dw", "target_name": "dev", "node_id": "test.hospital_dw.unique_stg_dim_department_department_key.d6a80fc14a"} */
select
      count(*) as failures,
      count(*) != 0 as should_warn,
      count(*) != 0 as should_error
    from (
      
    
    

select
    department_key as unique_field,
    count(*) as n_records

from "hospital_dw"."public"."stg_dim_department"
where department_key is not null
group by department_key
having count(*) > 1



      
    ) dbt_internal_test
[0m08:39:32.406987 [debug] [Thread-1 (]: SQL status: SELECT 1 in 0.0 seconds
[0m08:39:32.410248 [debug] [Thread-3 (]: SQL status: SELECT 1 in 0.0 seconds
[0m08:39:32.412695 [debug] [Thread-1 (]: Timing info for test.hospital_dw.unique_stg_dim_date_date_key.7c4df93a1d (execute): 08:39:32.306469 => 08:39:32.412308
[0m08:39:32.416555 [debug] [Thread-3 (]: Timing info for test.hospital_dw.unique_stg_dim_department_department_key.d6a80fc14a (execute): 08:39:32.321221 => 08:39:32.416256
[0m08:39:32.419018 [debug] [Thread-2 (]: SQL status: SELECT 1 in 0.0 seconds
[0m08:39:32.419463 [debug] [Thread-1 (]: On test.hospital_dw.unique_stg_dim_date_date_key.7c4df93a1d: ROLLBACK
[0m08:39:32.421631 [debug] [Thread-3 (]: On test.hospital_dw.unique_stg_dim_department_department_key.d6a80fc14a: ROLLBACK
[0m08:39:32.424545 [debug] [Thread-2 (]: Timing info for test.hospital_dw.relationships_stg_fact_admission_diagnosis_key__diagnosis_key__ref_stg_dim_diagnosis_.84bafa8a45 (execute): 08:39:32.302605 => 08:39:32.424378
[0m08:39:32.426738 [debug] [Thread-1 (]: On test.hospital_dw.unique_stg_dim_date_date_key.7c4df93a1d: Close
[0m08:39:32.428112 [debug] [Thread-4 (]: SQL status: SELECT 1 in 0.0 seconds
[0m08:39:32.428637 [debug] [Thread-3 (]: On test.hospital_dw.unique_stg_dim_department_department_key.d6a80fc14a: Close
[0m08:39:32.430687 [debug] [Thread-2 (]: On test.hospital_dw.relationships_stg_fact_admission_diagnosis_key__diagnosis_key__ref_stg_dim_diagnosis_.84bafa8a45: ROLLBACK
[0m08:39:32.433111 [info ] [Thread-1 (]: 11 of 15 PASS unique_stg_dim_date_date_key ..................................... [[32mPASS[0m in 0.21s]
[0m08:39:32.435772 [debug] [Thread-4 (]: Timing info for test.hospital_dw.relationships_stg_fact_admission_patient_key__patient_key__ref_stg_dim_patient_.1b2f62cd60 (execute): 08:39:32.298271 => 08:39:32.435292
[0m08:39:32.438286 [info ] [Thread-3 (]: 12 of 15 PASS unique_stg_dim_department_department_key ......................... [[32mPASS[0m in 0.18s]
[0m08:39:32.439807 [debug] [Thread-2 (]: On test.hospital_dw.relationships_stg_fact_admission_diagnosis_key__diagnosis_key__ref_stg_dim_diagnosis_.84bafa8a45: Close
[0m08:39:32.441262 [debug] [Thread-1 (]: Finished running node test.hospital_dw.unique_stg_dim_date_date_key.7c4df93a1d
[0m08:39:32.443483 [debug] [Thread-4 (]: On test.hospital_dw.relationships_stg_fact_admission_patient_key__patient_key__ref_stg_dim_patient_.1b2f62cd60: ROLLBACK
[0m08:39:32.445538 [debug] [Thread-3 (]: Finished running node test.hospital_dw.unique_stg_dim_department_department_key.d6a80fc14a
[0m08:39:32.448909 [info ] [Thread-2 (]: 9 of 15 PASS relationships_stg_fact_admission_diagnosis_key__diagnosis_key__ref_stg_dim_diagnosis_  [[32mPASS[0m in 0.26s]
[0m08:39:32.450488 [debug] [Thread-1 (]: Began running node test.hospital_dw.unique_stg_dim_diagnosis_diagnosis_key.3ed22a4566
[0m08:39:32.452797 [debug] [Thread-4 (]: On test.hospital_dw.relationships_stg_fact_admission_patient_key__patient_key__ref_stg_dim_patient_.1b2f62cd60: Close
[0m08:39:32.454259 [debug] [Thread-3 (]: Began running node test.hospital_dw.unique_stg_dim_patient_patient_key.af83063185
[0m08:39:32.456387 [debug] [Thread-2 (]: Finished running node test.hospital_dw.relationships_stg_fact_admission_diagnosis_key__diagnosis_key__ref_stg_dim_diagnosis_.84bafa8a45
[0m08:39:32.458300 [info ] [Thread-1 (]: 13 of 15 START test unique_stg_dim_diagnosis_diagnosis_key ..................... [RUN]
[0m08:39:32.460935 [info ] [Thread-4 (]: 10 of 15 PASS relationships_stg_fact_admission_patient_key__patient_key__ref_stg_dim_patient_  [[32mPASS[0m in 0.25s]
[0m08:39:32.465379 [info ] [Thread-3 (]: 14 of 15 START test unique_stg_dim_patient_patient_key ......................... [RUN]
[0m08:39:32.471662 [debug] [Thread-2 (]: Began running node test.hospital_dw.unique_stg_fact_admission_encounter_id.e5084df6bf
[0m08:39:32.475117 [debug] [Thread-1 (]: Re-using an available connection from the pool (formerly test.hospital_dw.unique_stg_dim_date_date_key.7c4df93a1d, now test.hospital_dw.unique_stg_dim_diagnosis_diagnosis_key.3ed22a4566)
[0m08:39:32.477283 [debug] [Thread-4 (]: Finished running node test.hospital_dw.relationships_stg_fact_admission_patient_key__patient_key__ref_stg_dim_patient_.1b2f62cd60
[0m08:39:32.479834 [debug] [Thread-3 (]: Re-using an available connection from the pool (formerly test.hospital_dw.unique_stg_dim_department_department_key.d6a80fc14a, now test.hospital_dw.unique_stg_dim_patient_patient_key.af83063185)
[0m08:39:32.482061 [info ] [Thread-2 (]: 15 of 15 START test unique_stg_fact_admission_encounter_id ..................... [RUN]
[0m08:39:32.483833 [debug] [Thread-1 (]: Began compiling node test.hospital_dw.unique_stg_dim_diagnosis_diagnosis_key.3ed22a4566
[0m08:39:32.487645 [debug] [Thread-3 (]: Began compiling node test.hospital_dw.unique_stg_dim_patient_patient_key.af83063185
[0m08:39:32.489971 [debug] [Thread-2 (]: Re-using an available connection from the pool (formerly test.hospital_dw.relationships_stg_fact_admission_diagnosis_key__diagnosis_key__ref_stg_dim_diagnosis_.84bafa8a45, now test.hospital_dw.unique_stg_fact_admission_encounter_id.e5084df6bf)
[0m08:39:32.496109 [debug] [Thread-1 (]: Writing injected SQL for node "test.hospital_dw.unique_stg_dim_diagnosis_diagnosis_key.3ed22a4566"
[0m08:39:32.502465 [debug] [Thread-3 (]: Writing injected SQL for node "test.hospital_dw.unique_stg_dim_patient_patient_key.af83063185"
[0m08:39:32.504586 [debug] [Thread-2 (]: Began compiling node test.hospital_dw.unique_stg_fact_admission_encounter_id.e5084df6bf
[0m08:39:32.511791 [debug] [Thread-2 (]: Writing injected SQL for node "test.hospital_dw.unique_stg_fact_admission_encounter_id.e5084df6bf"
[0m08:39:32.521385 [debug] [Thread-1 (]: Timing info for test.hospital_dw.unique_stg_dim_diagnosis_diagnosis_key.3ed22a4566 (compile): 08:39:32.491867 => 08:39:32.521202
[0m08:39:32.522550 [debug] [Thread-3 (]: Timing info for test.hospital_dw.unique_stg_dim_patient_patient_key.af83063185 (compile): 08:39:32.499421 => 08:39:32.522381
[0m08:39:32.523551 [debug] [Thread-1 (]: Began executing node test.hospital_dw.unique_stg_dim_diagnosis_diagnosis_key.3ed22a4566
[0m08:39:32.524767 [debug] [Thread-2 (]: Timing info for test.hospital_dw.unique_stg_fact_admission_encounter_id.e5084df6bf (compile): 08:39:32.509453 => 08:39:32.524606
[0m08:39:32.525454 [debug] [Thread-3 (]: Began executing node test.hospital_dw.unique_stg_dim_patient_patient_key.af83063185
[0m08:39:32.528737 [debug] [Thread-1 (]: Writing runtime sql for node "test.hospital_dw.unique_stg_dim_diagnosis_diagnosis_key.3ed22a4566"
[0m08:39:32.530769 [debug] [Thread-2 (]: Began executing node test.hospital_dw.unique_stg_fact_admission_encounter_id.e5084df6bf
[0m08:39:32.533678 [debug] [Thread-3 (]: Writing runtime sql for node "test.hospital_dw.unique_stg_dim_patient_patient_key.af83063185"
[0m08:39:32.538287 [debug] [Thread-2 (]: Writing runtime sql for node "test.hospital_dw.unique_stg_fact_admission_encounter_id.e5084df6bf"
[0m08:39:32.545309 [debug] [Thread-1 (]: Using postgres connection "test.hospital_dw.unique_stg_dim_diagnosis_diagnosis_key.3ed22a4566"
[0m08:39:32.546620 [debug] [Thread-3 (]: Using postgres connection "test.hospital_dw.unique_stg_dim_patient_patient_key.af83063185"
[0m08:39:32.547804 [debug] [Thread-1 (]: On test.hospital_dw.unique_stg_dim_diagnosis_diagnosis_key.3ed22a4566: BEGIN
[0m08:39:32.548994 [debug] [Thread-2 (]: Using postgres connection "test.hospital_dw.unique_stg_fact_admission_encounter_id.e5084df6bf"
[0m08:39:32.549433 [debug] [Thread-3 (]: On test.hospital_dw.unique_stg_dim_patient_patient_key.af83063185: BEGIN
[0m08:39:32.551461 [debug] [Thread-1 (]: Opening a new connection, currently in state closed
[0m08:39:32.553306 [debug] [Thread-2 (]: On test.hospital_dw.unique_stg_fact_admission_encounter_id.e5084df6bf: BEGIN
[0m08:39:32.555027 [debug] [Thread-3 (]: Opening a new connection, currently in state closed
[0m08:39:32.558452 [debug] [Thread-2 (]: Opening a new connection, currently in state closed
[0m08:39:32.560506 [debug] [Thread-1 (]: SQL status: BEGIN in 0.0 seconds
[0m08:39:32.563667 [debug] [Thread-3 (]: SQL status: BEGIN in 0.0 seconds
[0m08:39:32.564011 [debug] [Thread-1 (]: Using postgres connection "test.hospital_dw.unique_stg_dim_diagnosis_diagnosis_key.3ed22a4566"
[0m08:39:32.565539 [debug] [Thread-2 (]: SQL status: BEGIN in 0.0 seconds
[0m08:39:32.565788 [debug] [Thread-3 (]: Using postgres connection "test.hospital_dw.unique_stg_dim_patient_patient_key.af83063185"
[0m08:39:32.567955 [debug] [Thread-1 (]: On test.hospital_dw.unique_stg_dim_diagnosis_diagnosis_key.3ed22a4566: /* {"app": "dbt", "dbt_version": "1.7.13", "profile_name": "hospital_dw", "target_name": "dev", "node_id": "test.hospital_dw.unique_stg_dim_diagnosis_diagnosis_key.3ed22a4566"} */
select
      count(*) as failures,
      count(*) != 0 as should_warn,
      count(*) != 0 as should_error
    from (
      
    
    

select
    diagnosis_key as unique_field,
    count(*) as n_records

from "hospital_dw"."public"."stg_dim_diagnosis"
where diagnosis_key is not null
group by diagnosis_key
having count(*) > 1



      
    ) dbt_internal_test
[0m08:39:32.569865 [debug] [Thread-2 (]: Using postgres connection "test.hospital_dw.unique_stg_fact_admission_encounter_id.e5084df6bf"
[0m08:39:32.571168 [debug] [Thread-3 (]: On test.hospital_dw.unique_stg_dim_patient_patient_key.af83063185: /* {"app": "dbt", "dbt_version": "1.7.13", "profile_name": "hospital_dw", "target_name": "dev", "node_id": "test.hospital_dw.unique_stg_dim_patient_patient_key.af83063185"} */
select
      count(*) as failures,
      count(*) != 0 as should_warn,
      count(*) != 0 as should_error
    from (
      
    
    

select
    patient_key as unique_field,
    count(*) as n_records

from "hospital_dw"."public"."stg_dim_patient"
where patient_key is not null
group by patient_key
having count(*) > 1



      
    ) dbt_internal_test
[0m08:39:32.573980 [debug] [Thread-1 (]: SQL status: SELECT 1 in 0.0 seconds
[0m08:39:32.574371 [debug] [Thread-2 (]: On test.hospital_dw.unique_stg_fact_admission_encounter_id.e5084df6bf: /* {"app": "dbt", "dbt_version": "1.7.13", "profile_name": "hospital_dw", "target_name": "dev", "node_id": "test.hospital_dw.unique_stg_fact_admission_encounter_id.e5084df6bf"} */
select
      count(*) as failures,
      count(*) != 0 as should_warn,
      count(*) != 0 as should_error
    from (
      
    
    

select
    encounter_id as unique_field,
    count(*) as n_records

from "hospital_dw"."public"."stg_fact_admission"
where encounter_id is not null
group by encounter_id
having count(*) > 1



      
    ) dbt_internal_test
[0m08:39:32.578353 [debug] [Thread-1 (]: Timing info for test.hospital_dw.unique_stg_dim_diagnosis_diagnosis_key.3ed22a4566 (execute): 08:39:32.527433 => 08:39:32.578197
[0m08:39:32.581949 [debug] [Thread-1 (]: On test.hospital_dw.unique_stg_dim_diagnosis_diagnosis_key.3ed22a4566: ROLLBACK
[0m08:39:32.583578 [debug] [Thread-1 (]: On test.hospital_dw.unique_stg_dim_diagnosis_diagnosis_key.3ed22a4566: Close
[0m08:39:32.585559 [info ] [Thread-1 (]: 13 of 15 PASS unique_stg_dim_diagnosis_diagnosis_key ........................... [[32mPASS[0m in 0.11s]
[0m08:39:32.588550 [debug] [Thread-1 (]: Finished running node test.hospital_dw.unique_stg_dim_diagnosis_diagnosis_key.3ed22a4566
[0m08:39:32.599261 [debug] [Thread-3 (]: SQL status: SELECT 1 in 0.0 seconds
[0m08:39:32.602063 [debug] [Thread-3 (]: Timing info for test.hospital_dw.unique_stg_dim_patient_patient_key.af83063185 (execute): 08:39:32.532526 => 08:39:32.601872
[0m08:39:32.604360 [debug] [Thread-3 (]: On test.hospital_dw.unique_stg_dim_patient_patient_key.af83063185: ROLLBACK
[0m08:39:32.606726 [debug] [Thread-3 (]: On test.hospital_dw.unique_stg_dim_patient_patient_key.af83063185: Close
[0m08:39:32.609668 [info ] [Thread-3 (]: 14 of 15 PASS unique_stg_dim_patient_patient_key ............................... [[32mPASS[0m in 0.13s]
[0m08:39:32.611600 [debug] [Thread-3 (]: Finished running node test.hospital_dw.unique_stg_dim_patient_patient_key.af83063185
[0m08:39:32.616354 [debug] [Thread-2 (]: SQL status: SELECT 1 in 0.0 seconds
[0m08:39:32.619079 [debug] [Thread-2 (]: Timing info for test.hospital_dw.unique_stg_fact_admission_encounter_id.e5084df6bf (execute): 08:39:32.537174 => 08:39:32.618883
[0m08:39:32.621054 [debug] [Thread-2 (]: On test.hospital_dw.unique_stg_fact_admission_encounter_id.e5084df6bf: ROLLBACK
[0m08:39:32.623207 [debug] [Thread-2 (]: On test.hospital_dw.unique_stg_fact_admission_encounter_id.e5084df6bf: Close
[0m08:39:32.625744 [info ] [Thread-2 (]: 15 of 15 PASS unique_stg_fact_admission_encounter_id ........................... [[32mPASS[0m in 0.14s]
[0m08:39:32.627278 [debug] [Thread-2 (]: Finished running node test.hospital_dw.unique_stg_fact_admission_encounter_id.e5084df6bf
[0m08:39:32.630075 [debug] [MainThread]: Using postgres connection "master"
[0m08:39:32.632870 [debug] [MainThread]: On master: BEGIN
[0m08:39:32.634519 [debug] [MainThread]: Opening a new connection, currently in state closed
[0m08:39:32.639719 [debug] [MainThread]: SQL status: BEGIN in 0.0 seconds
[0m08:39:32.641824 [debug] [MainThread]: On master: COMMIT
[0m08:39:32.643744 [debug] [MainThread]: Using postgres connection "master"
[0m08:39:32.645550 [debug] [MainThread]: On master: COMMIT
[0m08:39:32.647690 [debug] [MainThread]: SQL status: COMMIT in 0.0 seconds
[0m08:39:32.649787 [debug] [MainThread]: On master: Close
[0m08:39:32.651431 [debug] [MainThread]: Connection 'master' was properly closed.
[0m08:39:32.652663 [debug] [MainThread]: Connection 'test.hospital_dw.unique_stg_dim_diagnosis_diagnosis_key.3ed22a4566' was properly closed.
[0m08:39:32.653820 [debug] [MainThread]: Connection 'test.hospital_dw.unique_stg_fact_admission_encounter_id.e5084df6bf' was properly closed.
[0m08:39:32.654798 [debug] [MainThread]: Connection 'test.hospital_dw.unique_stg_dim_patient_patient_key.af83063185' was properly closed.
[0m08:39:32.655861 [debug] [MainThread]: Connection 'test.hospital_dw.relationships_stg_fact_admission_patient_key__patient_key__ref_stg_dim_patient_.1b2f62cd60' was properly closed.
[0m08:39:32.656719 [info ] [MainThread]: 
[0m08:39:32.657969 [info ] [MainThread]: Finished running 15 tests in 0 hours 0 minutes and 1.29 seconds (1.29s).
[0m08:39:32.660064 [debug] [MainThread]: Command end result
[0m08:39:32.688917 [info ] [MainThread]: 
[0m08:39:32.696390 [info ] [MainThread]: [32mCompleted successfully[0m
[0m08:39:32.699774 [info ] [MainThread]: 
[0m08:39:32.703836 [info ] [MainThread]: Done. PASS=15 WARN=0 ERROR=0 SKIP=0 TOTAL=15
[0m08:39:32.707936 [debug] [MainThread]: Resource report: {"command_name": "test", "command_success": true, "command_wall_clock_time": 1.8034067, "process_user_time": 1.782214, "process_kernel_time": 0.207326, "process_mem_max_rss": "108176", "process_in_blocks": "841", "process_out_blocks": "0"}
[0m08:39:32.709211 [debug] [MainThread]: Command `dbt test` succeeded at 08:39:32.709076 after 1.80 seconds
[0m08:39:32.710428 [debug] [MainThread]: Sending event: {'category': 'dbt', 'action': 'invocation', 'label': 'end', 'context': [<snowplow_tracker.self_describing_json.SelfDescribingJson object at 0x7865f7056010>, <snowplow_tracker.self_describing_json.SelfDescribingJson object at 0x7865fb01b490>, <snowplow_tracker.self_describing_json.SelfDescribingJson object at 0x7865fb10c5d0>]}
[0m08:39:32.711946 [debug] [MainThread]: Flushing usage events
[0m08:48:29.728815 [debug] [MainThread]: Sending event: {'category': 'dbt', 'action': 'invocation', 'label': 'start', 'context': [<snowplow_tracker.self_describing_json.SelfDescribingJson object at 0x74ba177ed710>, <snowplow_tracker.self_describing_json.SelfDescribingJson object at 0x74ba17c08450>, <snowplow_tracker.self_describing_json.SelfDescribingJson object at 0x74ba177ec910>]}


============================== 08:48:29.733894 | 30d1594c-7284-426c-9006-60b60aeb2162 ==============================
[0m08:48:29.733894 [info ] [MainThread]: Running with dbt=1.7.13
[0m08:48:29.736852 [debug] [MainThread]: running dbt with arguments {'printer_width': '80', 'indirect_selection': 'eager', 'write_json': 'True', 'log_cache_events': 'False', 'partial_parse': 'True', 'cache_selected_only': 'False', 'warn_error': 'None', 'fail_fast': 'False', 'profiles_dir': '/usr/app/dbt', 'log_path': '/usr/app/dbt/logs', 'version_check': 'True', 'debug': 'False', 'use_colors': 'True', 'use_experimental_parser': 'False', 'no_print': 'None', 'quiet': 'False', 'log_format': 'default', 'introspect': 'True', 'warn_error_options': 'WarnErrorOptions(include=[], exclude=[])', 'invocation_command': 'dbt snapshot --profiles-dir /usr/app/dbt --project-dir /usr/app/dbt', 'target_path': 'None', 'static_parser': 'True', 'send_anonymous_usage_stats': 'True'}
[0m08:48:29.986854 [debug] [MainThread]: Sending event: {'category': 'dbt', 'action': 'project_id', 'label': '30d1594c-7284-426c-9006-60b60aeb2162', 'context': [<snowplow_tracker.self_describing_json.SelfDescribingJson object at 0x74ba15fbee50>]}
[0m08:48:30.040406 [debug] [MainThread]: Sending event: {'category': 'dbt', 'action': 'adapter_info', 'label': '30d1594c-7284-426c-9006-60b60aeb2162', 'context': [<snowplow_tracker.self_describing_json.SelfDescribingJson object at 0x74ba15f02210>]}
[0m08:48:30.043154 [info ] [MainThread]: Registered adapter: postgres=1.7.13
[0m08:48:30.053101 [debug] [MainThread]: checksum: 6c24e2ee36a42cedd7e5de2827d214776eb7a8e8f425f6d8acb06c31add0afef, vars: {}, profile: , target: , version: 1.7.13
[0m08:48:30.400214 [debug] [MainThread]: Partial parsing enabled: 0 files deleted, 0 files added, 0 files changed.
[0m08:48:30.401746 [debug] [MainThread]: Partial parsing enabled, no changes found, skipping parsing
[0m08:48:30.406883 [debug] [MainThread]: Sending event: {'category': 'dbt', 'action': 'load_project', 'label': '30d1594c-7284-426c-9006-60b60aeb2162', 'context': [<snowplow_tracker.self_describing_json.SelfDescribingJson object at 0x74ba15d9a510>]}
[0m08:48:30.461062 [debug] [MainThread]: Sending event: {'category': 'dbt', 'action': 'resource_counts', 'label': '30d1594c-7284-426c-9006-60b60aeb2162', 'context': [<snowplow_tracker.self_describing_json.SelfDescribingJson object at 0x74ba15f02210>]}
[0m08:48:30.463351 [info ] [MainThread]: Found 7 models, 1 snapshot, 15 tests, 5 sources, 0 exposures, 0 metrics, 401 macros, 0 groups, 0 semantic models
[0m08:48:30.465256 [debug] [MainThread]: Sending event: {'category': 'dbt', 'action': 'runnable_timing', 'label': '30d1594c-7284-426c-9006-60b60aeb2162', 'context': [<snowplow_tracker.self_describing_json.SelfDescribingJson object at 0x74ba15c2bf10>]}
[0m08:48:30.471114 [info ] [MainThread]: 
[0m08:48:30.473570 [debug] [MainThread]: Acquiring new postgres connection 'master'
[0m08:48:30.476821 [debug] [ThreadPool]: Acquiring new postgres connection 'list_hospital_dw'
[0m08:48:30.485749 [debug] [ThreadPool]: Using postgres connection "list_hospital_dw"
[0m08:48:30.487487 [debug] [ThreadPool]: On list_hospital_dw: /* {"app": "dbt", "dbt_version": "1.7.13", "profile_name": "hospital_dw", "target_name": "dev", "connection_name": "list_hospital_dw"} */

    select distinct nspname from pg_namespace
  
[0m08:48:30.489285 [debug] [ThreadPool]: Opening a new connection, currently in state init
[0m08:48:30.497694 [debug] [ThreadPool]: SQL status: SELECT 4 in 0.0 seconds
[0m08:48:30.500694 [debug] [ThreadPool]: On list_hospital_dw: Close
[0m08:48:30.503259 [debug] [ThreadPool]: Re-using an available connection from the pool (formerly list_hospital_dw, now list_hospital_dw_public)
[0m08:48:30.508185 [debug] [ThreadPool]: Using postgres connection "list_hospital_dw_public"
[0m08:48:30.509848 [debug] [ThreadPool]: On list_hospital_dw_public: BEGIN
[0m08:48:30.511364 [debug] [ThreadPool]: Opening a new connection, currently in state closed
[0m08:48:30.517834 [debug] [ThreadPool]: SQL status: BEGIN in 0.0 seconds
[0m08:48:30.519823 [debug] [ThreadPool]: Using postgres connection "list_hospital_dw_public"
[0m08:48:30.521410 [debug] [ThreadPool]: On list_hospital_dw_public: /* {"app": "dbt", "dbt_version": "1.7.13", "profile_name": "hospital_dw", "target_name": "dev", "connection_name": "list_hospital_dw_public"} */
select
      'hospital_dw' as database,
      tablename as name,
      schemaname as schema,
      'table' as type
    from pg_tables
    where schemaname ilike 'public'
    union all
    select
      'hospital_dw' as database,
      viewname as name,
      schemaname as schema,
      'view' as type
    from pg_views
    where schemaname ilike 'public'
    union all
    select
      'hospital_dw' as database,
      matviewname as name,
      schemaname as schema,
      'materialized_view' as type
    from pg_matviews
    where schemaname ilike 'public'
  
[0m08:48:30.525746 [debug] [ThreadPool]: SQL status: SELECT 12 in 0.0 seconds
[0m08:48:30.528278 [debug] [ThreadPool]: On list_hospital_dw_public: ROLLBACK
[0m08:48:30.530427 [debug] [ThreadPool]: On list_hospital_dw_public: Close
[0m08:48:30.539676 [debug] [MainThread]: Using postgres connection "master"
[0m08:48:30.542171 [debug] [MainThread]: On master: BEGIN
[0m08:48:30.544080 [debug] [MainThread]: Opening a new connection, currently in state init
[0m08:48:30.552406 [debug] [MainThread]: SQL status: BEGIN in 0.0 seconds
[0m08:48:30.554759 [debug] [MainThread]: Using postgres connection "master"
[0m08:48:30.556690 [debug] [MainThread]: On master: /* {"app": "dbt", "dbt_version": "1.7.13", "profile_name": "hospital_dw", "target_name": "dev", "connection_name": "master"} */
with relation as (
        select
            pg_rewrite.ev_class as class,
            pg_rewrite.oid as id
        from pg_rewrite
    ),
    class as (
        select
            oid as id,
            relname as name,
            relnamespace as schema,
            relkind as kind
        from pg_class
    ),
    dependency as (
        select distinct
            pg_depend.objid as id,
            pg_depend.refobjid as ref
        from pg_depend
    ),
    schema as (
        select
            pg_namespace.oid as id,
            pg_namespace.nspname as name
        from pg_namespace
        where nspname != 'information_schema' and nspname not like 'pg\_%'
    ),
    referenced as (
        select
            relation.id AS id,
            referenced_class.name ,
            referenced_class.schema ,
            referenced_class.kind
        from relation
        join class as referenced_class on relation.class=referenced_class.id
        where referenced_class.kind in ('r', 'v', 'm')
    ),
    relationships as (
        select
            referenced.name as referenced_name,
            referenced.schema as referenced_schema_id,
            dependent_class.name as dependent_name,
            dependent_class.schema as dependent_schema_id,
            referenced.kind as kind
        from referenced
        join dependency on referenced.id=dependency.id
        join class as dependent_class on dependency.ref=dependent_class.id
        where
            (referenced.name != dependent_class.name or
             referenced.schema != dependent_class.schema)
    )

    select
        referenced_schema.name as referenced_schema,
        relationships.referenced_name as referenced_name,
        dependent_schema.name as dependent_schema,
        relationships.dependent_name as dependent_name
    from relationships
    join schema as dependent_schema on relationships.dependent_schema_id=dependent_schema.id
    join schema as referenced_schema on relationships.referenced_schema_id=referenced_schema.id
    group by referenced_schema, referenced_name, dependent_schema, dependent_name
    order by referenced_schema, referenced_name, dependent_schema, dependent_name;
[0m08:48:30.564820 [debug] [MainThread]: SQL status: SELECT 5 in 0.0 seconds
[0m08:48:30.569106 [debug] [MainThread]: Sending event: {'category': 'dbt', 'action': 'runnable_timing', 'label': '30d1594c-7284-426c-9006-60b60aeb2162', 'context': [<snowplow_tracker.self_describing_json.SelfDescribingJson object at 0x74ba15e73cd0>]}
[0m08:48:30.571790 [debug] [MainThread]: On master: ROLLBACK
[0m08:48:30.574376 [debug] [MainThread]: Using postgres connection "master"
[0m08:48:30.577604 [debug] [MainThread]: On master: BEGIN
[0m08:48:30.580330 [debug] [MainThread]: SQL status: BEGIN in 0.0 seconds
[0m08:48:30.583260 [debug] [MainThread]: On master: COMMIT
[0m08:48:30.586286 [debug] [MainThread]: Using postgres connection "master"
[0m08:48:30.589341 [debug] [MainThread]: On master: COMMIT
[0m08:48:30.592560 [debug] [MainThread]: SQL status: COMMIT in 0.0 seconds
[0m08:48:30.594932 [debug] [MainThread]: On master: Close
[0m08:48:30.597244 [info ] [MainThread]: Concurrency: 4 threads (target='dev')
[0m08:48:30.600035 [info ] [MainThread]: 
[0m08:48:30.604747 [debug] [Thread-1 (]: Began running node snapshot.hospital_dw.snapshot_dim_patient
[0m08:48:30.607656 [info ] [Thread-1 (]: 1 of 1 START snapshot public.snapshot_dim_patient .............................. [RUN]
[0m08:48:30.612185 [debug] [Thread-1 (]: Re-using an available connection from the pool (formerly list_hospital_dw_public, now snapshot.hospital_dw.snapshot_dim_patient)
[0m08:48:30.621323 [debug] [Thread-1 (]: Began compiling node snapshot.hospital_dw.snapshot_dim_patient
[0m08:48:30.631511 [debug] [Thread-1 (]: Timing info for snapshot.hospital_dw.snapshot_dim_patient (compile): 08:48:30.624411 => 08:48:30.631268
[0m08:48:30.636135 [debug] [Thread-1 (]: Began executing node snapshot.hospital_dw.snapshot_dim_patient
[0m08:48:30.679378 [debug] [Thread-1 (]: Writing runtime sql for node "snapshot.hospital_dw.snapshot_dim_patient"
[0m08:48:30.697570 [debug] [Thread-1 (]: Using postgres connection "snapshot.hospital_dw.snapshot_dim_patient"
[0m08:48:30.698901 [debug] [Thread-1 (]: On snapshot.hospital_dw.snapshot_dim_patient: BEGIN
[0m08:48:30.700163 [debug] [Thread-1 (]: Opening a new connection, currently in state closed
[0m08:48:30.707657 [debug] [Thread-1 (]: SQL status: BEGIN in 0.0 seconds
[0m08:48:30.709379 [debug] [Thread-1 (]: Using postgres connection "snapshot.hospital_dw.snapshot_dim_patient"
[0m08:48:30.711243 [debug] [Thread-1 (]: On snapshot.hospital_dw.snapshot_dim_patient: /* {"app": "dbt", "dbt_version": "1.7.13", "profile_name": "hospital_dw", "target_name": "dev", "node_id": "snapshot.hospital_dw.snapshot_dim_patient"} */

      
  
    

  create  table "hospital_dw"."public"."snapshot_dim_patient"
  
  
    as
  
  (
    

    select *,
        md5(coalesce(cast(patient_key as varchar ), '')
         || '|' || coalesce(cast(now()::timestamp without time zone as varchar ), '')
        ) as dbt_scd_id,
        now()::timestamp without time zone as dbt_updated_at,
        now()::timestamp without time zone as dbt_valid_from,
        nullif(now()::timestamp without time zone, now()::timestamp without time zone) as dbt_valid_to
    from (
        



select * from "hospital_dw"."public"."dim_patient"

    ) sbq



  );
  
  
[0m08:48:30.859426 [debug] [Thread-1 (]: SQL status: SELECT 70439 in 0.0 seconds
[0m08:48:30.874784 [debug] [Thread-1 (]: On snapshot.hospital_dw.snapshot_dim_patient: COMMIT
[0m08:48:30.877436 [debug] [Thread-1 (]: Using postgres connection "snapshot.hospital_dw.snapshot_dim_patient"
[0m08:48:30.879376 [debug] [Thread-1 (]: On snapshot.hospital_dw.snapshot_dim_patient: COMMIT
[0m08:48:30.908873 [debug] [Thread-1 (]: SQL status: COMMIT in 0.0 seconds
[0m08:48:30.913163 [debug] [Thread-1 (]: Timing info for snapshot.hospital_dw.snapshot_dim_patient (execute): 08:48:30.638599 => 08:48:30.912828
[0m08:48:30.916400 [debug] [Thread-1 (]: On snapshot.hospital_dw.snapshot_dim_patient: Close
[0m08:48:30.920255 [debug] [Thread-1 (]: Sending event: {'category': 'dbt', 'action': 'run_model', 'label': '30d1594c-7284-426c-9006-60b60aeb2162', 'context': [<snowplow_tracker.self_describing_json.SelfDescribingJson object at 0x74ba15e396d0>]}
[0m08:48:30.923710 [info ] [Thread-1 (]: 1 of 1 OK snapshotted public.snapshot_dim_patient .............................. [[32mSELECT 70439[0m in 0.31s]
[0m08:48:30.928154 [debug] [Thread-1 (]: Finished running node snapshot.hospital_dw.snapshot_dim_patient
[0m08:48:30.933112 [debug] [MainThread]: Using postgres connection "master"
[0m08:48:30.935991 [debug] [MainThread]: On master: BEGIN
[0m08:48:30.938312 [debug] [MainThread]: Opening a new connection, currently in state closed
[0m08:48:30.946114 [debug] [MainThread]: SQL status: BEGIN in 0.0 seconds
[0m08:48:30.950123 [debug] [MainThread]: On master: COMMIT
[0m08:48:30.952113 [debug] [MainThread]: Using postgres connection "master"
[0m08:48:30.953580 [debug] [MainThread]: On master: COMMIT
[0m08:48:30.955615 [debug] [MainThread]: SQL status: COMMIT in 0.0 seconds
[0m08:48:30.956965 [debug] [MainThread]: On master: Close
[0m08:48:30.958769 [debug] [MainThread]: Connection 'master' was properly closed.
[0m08:48:30.960159 [debug] [MainThread]: Connection 'snapshot.hospital_dw.snapshot_dim_patient' was properly closed.
[0m08:48:30.961728 [info ] [MainThread]: 
[0m08:48:30.963354 [info ] [MainThread]: Finished running 1 snapshot in 0 hours 0 minutes and 0.49 seconds (0.49s).
[0m08:48:30.965050 [debug] [MainThread]: Command end result
[0m08:48:30.995787 [info ] [MainThread]: 
[0m08:48:31.002742 [info ] [MainThread]: [32mCompleted successfully[0m
[0m08:48:31.006987 [info ] [MainThread]: 
[0m08:48:31.010760 [info ] [MainThread]: Done. PASS=1 WARN=0 ERROR=0 SKIP=0 TOTAL=1
[0m08:48:31.014384 [debug] [MainThread]: Resource report: {"command_name": "snapshot", "command_success": true, "command_wall_clock_time": 1.3554094, "process_user_time": 1.579397, "process_kernel_time": 0.113392, "process_mem_max_rss": "106452", "process_in_blocks": "841", "process_out_blocks": "0"}
[0m08:48:31.019571 [debug] [MainThread]: Command `dbt snapshot` succeeded at 08:48:31.019205 after 1.36 seconds
[0m08:48:31.023889 [debug] [MainThread]: Sending event: {'category': 'dbt', 'action': 'invocation', 'label': 'end', 'context': [<snowplow_tracker.self_describing_json.SelfDescribingJson object at 0x74ba1b5fea10>, <snowplow_tracker.self_describing_json.SelfDescribingJson object at 0x74ba1b5fc690>, <snowplow_tracker.self_describing_json.SelfDescribingJson object at 0x74ba17c82d90>]}
[0m08:48:31.028679 [debug] [MainThread]: Flushing usage events
