[2026-08-09T06:19:09.059+0000] {processor.py:161} INFO - Started process (PID=265) to work on /opt/airflow/dags/hospital_dw_pipeline.py
[2026-08-09T06:19:09.061+0000] {processor.py:830} INFO - Processing file /opt/airflow/dags/hospital_dw_pipeline.py for tasks to queue
[2026-08-09T06:19:09.063+0000] {logging_mixin.py:188} INFO - [2026-08-09T06:19:09.063+0000] {dagbag.py:545} INFO - Filling up the DagBag from /opt/airflow/dags/hospital_dw_pipeline.py
[2026-08-09T06:19:09.144+0000] {processor.py:840} INFO - DAG(s) 'hospital_dw_batch_pipeline' retrieved from /opt/airflow/dags/hospital_dw_pipeline.py
[2026-08-09T06:19:09.170+0000] {logging_mixin.py:188} INFO - [2026-08-09T06:19:09.170+0000] {dag.py:3089} INFO - Sync 1 DAGs
[2026-08-09T06:19:09.182+0000] {logging_mixin.py:188} INFO - [2026-08-09T06:19:09.181+0000] {dag.py:3947} INFO - Setting next_dagrun for hospital_dw_batch_pipeline to None, run_after=None
[2026-08-09T06:19:09.199+0000] {processor.py:183} INFO - Processing /opt/airflow/dags/hospital_dw_pipeline.py took 0.144 seconds
[2026-08-09T06:19:39.281+0000] {processor.py:161} INFO - Started process (PID=301) to work on /opt/airflow/dags/hospital_dw_pipeline.py
[2026-08-09T06:19:39.283+0000] {processor.py:830} INFO - Processing file /opt/airflow/dags/hospital_dw_pipeline.py for tasks to queue
[2026-08-09T06:19:39.285+0000] {logging_mixin.py:188} INFO - [2026-08-09T06:19:39.285+0000] {dagbag.py:545} INFO - Filling up the DagBag from /opt/airflow/dags/hospital_dw_pipeline.py
[2026-08-09T06:19:39.367+0000] {processor.py:840} INFO - DAG(s) 'hospital_dw_batch_pipeline' retrieved from /opt/airflow/dags/hospital_dw_pipeline.py
[2026-08-09T06:19:39.451+0000] {logging_mixin.py:188} INFO - [2026-08-09T06:19:39.451+0000] {dag.py:3089} INFO - Sync 1 DAGs
[2026-08-09T06:19:39.461+0000] {logging_mixin.py:188} INFO - [2026-08-09T06:19:39.461+0000] {dag.py:3947} INFO - Setting next_dagrun for hospital_dw_batch_pipeline to None, run_after=None
[2026-08-09T06:19:39.483+0000] {processor.py:183} INFO - Processing /opt/airflow/dags/hospital_dw_pipeline.py took 0.208 seconds
[2026-08-09T06:20:09.678+0000] {processor.py:161} INFO - Started process (PID=306) to work on /opt/airflow/dags/hospital_dw_pipeline.py
[2026-08-09T06:20:09.680+0000] {processor.py:830} INFO - Processing file /opt/airflow/dags/hospital_dw_pipeline.py for tasks to queue
[2026-08-09T06:20:09.683+0000] {logging_mixin.py:188} INFO - [2026-08-09T06:20:09.683+0000] {dagbag.py:545} INFO - Filling up the DagBag from /opt/airflow/dags/hospital_dw_pipeline.py
[2026-08-09T06:20:10.001+0000] {processor.py:840} INFO - DAG(s) 'hospital_dw_batch_pipeline' retrieved from /opt/airflow/dags/hospital_dw_pipeline.py
[2026-08-09T06:20:10.080+0000] {logging_mixin.py:188} INFO - [2026-08-09T06:20:10.079+0000] {dag.py:3089} INFO - Sync 1 DAGs
[2026-08-09T06:20:10.097+0000] {logging_mixin.py:188} INFO - [2026-08-09T06:20:10.097+0000] {dag.py:3947} INFO - Setting next_dagrun for hospital_dw_batch_pipeline to None, run_after=None
[2026-08-09T06:20:10.131+0000] {processor.py:183} INFO - Processing /opt/airflow/dags/hospital_dw_pipeline.py took 0.465 seconds
[2026-08-09T06:20:40.411+0000] {processor.py:161} INFO - Started process (PID=311) to work on /opt/airflow/dags/hospital_dw_pipeline.py
[2026-08-09T06:20:40.413+0000] {processor.py:830} INFO - Processing file /opt/airflow/dags/hospital_dw_pipeline.py for tasks to queue
[2026-08-09T06:20:40.422+0000] {logging_mixin.py:188} INFO - [2026-08-09T06:20:40.421+0000] {dagbag.py:545} INFO - Filling up the DagBag from /opt/airflow/dags/hospital_dw_pipeline.py
[2026-08-09T06:20:40.538+0000] {processor.py:840} INFO - DAG(s) 'hospital_dw_batch_pipeline' retrieved from /opt/airflow/dags/hospital_dw_pipeline.py
[2026-08-09T06:20:40.562+0000] {logging_mixin.py:188} INFO - [2026-08-09T06:20:40.562+0000] {dag.py:3089} INFO - Sync 1 DAGs
[2026-08-09T06:20:40.571+0000] {logging_mixin.py:188} INFO - [2026-08-09T06:20:40.571+0000] {dag.py:3947} INFO - Setting next_dagrun for hospital_dw_batch_pipeline to None, run_after=None
[2026-08-09T06:20:40.587+0000] {processor.py:183} INFO - Processing /opt/airflow/dags/hospital_dw_pipeline.py took 0.186 seconds
[2026-08-09T06:21:10.769+0000] {processor.py:161} INFO - Started process (PID=316) to work on /opt/airflow/dags/hospital_dw_pipeline.py
[2026-08-09T06:21:10.771+0000] {processor.py:830} INFO - Processing file /opt/airflow/dags/hospital_dw_pipeline.py for tasks to queue
[2026-08-09T06:21:10.773+0000] {logging_mixin.py:188} INFO - [2026-08-09T06:21:10.773+0000] {dagbag.py:545} INFO - Filling up the DagBag from /opt/airflow/dags/hospital_dw_pipeline.py
[2026-08-09T06:21:10.879+0000] {processor.py:840} INFO - DAG(s) 'hospital_dw_batch_pipeline' retrieved from /opt/airflow/dags/hospital_dw_pipeline.py
[2026-08-09T06:21:10.904+0000] {logging_mixin.py:188} INFO - [2026-08-09T06:21:10.904+0000] {dag.py:3089} INFO - Sync 1 DAGs
[2026-08-09T06:21:10.916+0000] {logging_mixin.py:188} INFO - [2026-08-09T06:21:10.915+0000] {dag.py:3947} INFO - Setting next_dagrun for hospital_dw_batch_pipeline to None, run_after=None
[2026-08-09T06:21:10.934+0000] {processor.py:183} INFO - Processing /opt/airflow/dags/hospital_dw_pipeline.py took 0.169 seconds
[2026-08-09T06:21:41.037+0000] {processor.py:161} INFO - Started process (PID=321) to work on /opt/airflow/dags/hospital_dw_pipeline.py
[2026-08-09T06:21:41.040+0000] {processor.py:830} INFO - Processing file /opt/airflow/dags/hospital_dw_pipeline.py for tasks to queue
[2026-08-09T06:21:41.044+0000] {logging_mixin.py:188} INFO - [2026-08-09T06:21:41.043+0000] {dagbag.py:545} INFO - Filling up the DagBag from /opt/airflow/dags/hospital_dw_pipeline.py
[2026-08-09T06:21:41.192+0000] {processor.py:840} INFO - DAG(s) 'hospital_dw_batch_pipeline' retrieved from /opt/airflow/dags/hospital_dw_pipeline.py
[2026-08-09T06:21:41.220+0000] {logging_mixin.py:188} INFO - [2026-08-09T06:21:41.219+0000] {dag.py:3089} INFO - Sync 1 DAGs
[2026-08-09T06:21:41.232+0000] {logging_mixin.py:188} INFO - [2026-08-09T06:21:41.232+0000] {dag.py:3947} INFO - Setting next_dagrun for hospital_dw_batch_pipeline to None, run_after=None
[2026-08-09T06:21:41.254+0000] {processor.py:183} INFO - Processing /opt/airflow/dags/hospital_dw_pipeline.py took 0.225 seconds
[2026-08-09T06:22:11.425+0000] {processor.py:161} INFO - Started process (PID=326) to work on /opt/airflow/dags/hospital_dw_pipeline.py
[2026-08-09T06:22:11.427+0000] {processor.py:830} INFO - Processing file /opt/airflow/dags/hospital_dw_pipeline.py for tasks to queue
[2026-08-09T06:22:11.431+0000] {logging_mixin.py:188} INFO - [2026-08-09T06:22:11.431+0000] {dagbag.py:545} INFO - Filling up the DagBag from /opt/airflow/dags/hospital_dw_pipeline.py
[2026-08-09T06:22:11.535+0000] {processor.py:840} INFO - DAG(s) 'hospital_dw_batch_pipeline' retrieved from /opt/airflow/dags/hospital_dw_pipeline.py
[2026-08-09T06:22:11.573+0000] {logging_mixin.py:188} INFO - [2026-08-09T06:22:11.573+0000] {dag.py:3089} INFO - Sync 1 DAGs
[2026-08-09T06:22:11.584+0000] {logging_mixin.py:188} INFO - [2026-08-09T06:22:11.584+0000] {dag.py:3947} INFO - Setting next_dagrun for hospital_dw_batch_pipeline to None, run_after=None
[2026-08-09T06:22:11.617+0000] {processor.py:183} INFO - Processing /opt/airflow/dags/hospital_dw_pipeline.py took 0.198 seconds
[2026-08-09T06:22:41.735+0000] {processor.py:161} INFO - Started process (PID=331) to work on /opt/airflow/dags/hospital_dw_pipeline.py
[2026-08-09T06:22:41.737+0000] {processor.py:830} INFO - Processing file /opt/airflow/dags/hospital_dw_pipeline.py for tasks to queue
[2026-08-09T06:22:41.740+0000] {logging_mixin.py:188} INFO - [2026-08-09T06:22:41.739+0000] {dagbag.py:545} INFO - Filling up the DagBag from /opt/airflow/dags/hospital_dw_pipeline.py
[2026-08-09T06:22:41.830+0000] {processor.py:840} INFO - DAG(s) 'hospital_dw_batch_pipeline' retrieved from /opt/airflow/dags/hospital_dw_pipeline.py
[2026-08-09T06:22:41.857+0000] {logging_mixin.py:188} INFO - [2026-08-09T06:22:41.857+0000] {dag.py:3089} INFO - Sync 1 DAGs
[2026-08-09T06:22:41.870+0000] {logging_mixin.py:188} INFO - [2026-08-09T06:22:41.870+0000] {dag.py:3947} INFO - Setting next_dagrun for hospital_dw_batch_pipeline to None, run_after=None
[2026-08-09T06:22:41.892+0000] {processor.py:183} INFO - Processing /opt/airflow/dags/hospital_dw_pipeline.py took 0.164 seconds
[2026-08-09T06:23:12.149+0000] {processor.py:161} INFO - Started process (PID=336) to work on /opt/airflow/dags/hospital_dw_pipeline.py
[2026-08-09T06:23:12.150+0000] {processor.py:830} INFO - Processing file /opt/airflow/dags/hospital_dw_pipeline.py for tasks to queue
[2026-08-09T06:23:12.153+0000] {logging_mixin.py:188} INFO - [2026-08-09T06:23:12.153+0000] {dagbag.py:545} INFO - Filling up the DagBag from /opt/airflow/dags/hospital_dw_pipeline.py
[2026-08-09T06:23:12.262+0000] {processor.py:840} INFO - DAG(s) 'hospital_dw_batch_pipeline' retrieved from /opt/airflow/dags/hospital_dw_pipeline.py
[2026-08-09T06:23:12.287+0000] {logging_mixin.py:188} INFO - [2026-08-09T06:23:12.287+0000] {dag.py:3089} INFO - Sync 1 DAGs
[2026-08-09T06:23:12.305+0000] {logging_mixin.py:188} INFO - [2026-08-09T06:23:12.304+0000] {dag.py:3947} INFO - Setting next_dagrun for hospital_dw_batch_pipeline to None, run_after=None
[2026-08-09T06:23:12.330+0000] {processor.py:183} INFO - Processing /opt/airflow/dags/hospital_dw_pipeline.py took 0.186 seconds
[2026-08-09T06:23:42.474+0000] {processor.py:161} INFO - Started process (PID=341) to work on /opt/airflow/dags/hospital_dw_pipeline.py
[2026-08-09T06:23:42.476+0000] {processor.py:830} INFO - Processing file /opt/airflow/dags/hospital_dw_pipeline.py for tasks to queue
[2026-08-09T06:23:42.487+0000] {logging_mixin.py:188} INFO - [2026-08-09T06:23:42.486+0000] {dagbag.py:545} INFO - Filling up the DagBag from /opt/airflow/dags/hospital_dw_pipeline.py
[2026-08-09T06:23:42.614+0000] {processor.py:840} INFO - DAG(s) 'hospital_dw_batch_pipeline' retrieved from /opt/airflow/dags/hospital_dw_pipeline.py
[2026-08-09T06:23:42.646+0000] {logging_mixin.py:188} INFO - [2026-08-09T06:23:42.646+0000] {dag.py:3089} INFO - Sync 1 DAGs
[2026-08-09T06:23:42.667+0000] {logging_mixin.py:188} INFO - [2026-08-09T06:23:42.667+0000] {dag.py:3947} INFO - Setting next_dagrun for hospital_dw_batch_pipeline to None, run_after=None
[2026-08-09T06:23:42.697+0000] {processor.py:183} INFO - Processing /opt/airflow/dags/hospital_dw_pipeline.py took 0.229 seconds
[2026-08-09T06:24:12.867+0000] {processor.py:161} INFO - Started process (PID=346) to work on /opt/airflow/dags/hospital_dw_pipeline.py
[2026-08-09T06:24:12.870+0000] {processor.py:830} INFO - Processing file /opt/airflow/dags/hospital_dw_pipeline.py for tasks to queue
[2026-08-09T06:24:12.873+0000] {logging_mixin.py:188} INFO - [2026-08-09T06:24:12.872+0000] {dagbag.py:545} INFO - Filling up the DagBag from /opt/airflow/dags/hospital_dw_pipeline.py
[2026-08-09T06:24:12.964+0000] {processor.py:840} INFO - DAG(s) 'hospital_dw_batch_pipeline' retrieved from /opt/airflow/dags/hospital_dw_pipeline.py
[2026-08-09T06:24:12.999+0000] {logging_mixin.py:188} INFO - [2026-08-09T06:24:12.999+0000] {dag.py:3089} INFO - Sync 1 DAGs
[2026-08-09T06:24:13.011+0000] {logging_mixin.py:188} INFO - [2026-08-09T06:24:13.010+0000] {dag.py:3947} INFO - Setting next_dagrun for hospital_dw_batch_pipeline to None, run_after=None
[2026-08-09T06:24:13.045+0000] {processor.py:183} INFO - Processing /opt/airflow/dags/hospital_dw_pipeline.py took 0.184 seconds
[2026-08-09T06:24:43.129+0000] {processor.py:161} INFO - Started process (PID=351) to work on /opt/airflow/dags/hospital_dw_pipeline.py
[2026-08-09T06:24:43.131+0000] {processor.py:830} INFO - Processing file /opt/airflow/dags/hospital_dw_pipeline.py for tasks to queue
[2026-08-09T06:24:43.136+0000] {logging_mixin.py:188} INFO - [2026-08-09T06:24:43.135+0000] {dagbag.py:545} INFO - Filling up the DagBag from /opt/airflow/dags/hospital_dw_pipeline.py
[2026-08-09T06:24:43.267+0000] {processor.py:840} INFO - DAG(s) 'hospital_dw_batch_pipeline' retrieved from /opt/airflow/dags/hospital_dw_pipeline.py
[2026-08-09T06:24:43.316+0000] {logging_mixin.py:188} INFO - [2026-08-09T06:24:43.315+0000] {dag.py:3089} INFO - Sync 1 DAGs
[2026-08-09T06:24:43.341+0000] {logging_mixin.py:188} INFO - [2026-08-09T06:24:43.340+0000] {dag.py:3947} INFO - Setting next_dagrun for hospital_dw_batch_pipeline to None, run_after=None
[2026-08-09T06:24:43.394+0000] {processor.py:183} INFO - Processing /opt/airflow/dags/hospital_dw_pipeline.py took 0.277 seconds
[2026-08-09T06:25:13.515+0000] {processor.py:161} INFO - Started process (PID=356) to work on /opt/airflow/dags/hospital_dw_pipeline.py
[2026-08-09T06:25:13.516+0000] {processor.py:830} INFO - Processing file /opt/airflow/dags/hospital_dw_pipeline.py for tasks to queue
[2026-08-09T06:25:13.519+0000] {logging_mixin.py:188} INFO - [2026-08-09T06:25:13.518+0000] {dagbag.py:545} INFO - Filling up the DagBag from /opt/airflow/dags/hospital_dw_pipeline.py
[2026-08-09T06:25:13.610+0000] {processor.py:840} INFO - DAG(s) 'hospital_dw_batch_pipeline' retrieved from /opt/airflow/dags/hospital_dw_pipeline.py
[2026-08-09T06:25:13.639+0000] {logging_mixin.py:188} INFO - [2026-08-09T06:25:13.639+0000] {dag.py:3089} INFO - Sync 1 DAGs
[2026-08-09T06:25:13.652+0000] {logging_mixin.py:188} INFO - [2026-08-09T06:25:13.652+0000] {dag.py:3947} INFO - Setting next_dagrun for hospital_dw_batch_pipeline to None, run_after=None
[2026-08-09T06:25:13.675+0000] {processor.py:183} INFO - Processing /opt/airflow/dags/hospital_dw_pipeline.py took 0.166 seconds
[2026-08-09T06:25:43.914+0000] {processor.py:161} INFO - Started process (PID=361) to work on /opt/airflow/dags/hospital_dw_pipeline.py
[2026-08-09T06:25:43.916+0000] {processor.py:830} INFO - Processing file /opt/airflow/dags/hospital_dw_pipeline.py for tasks to queue
[2026-08-09T06:25:43.919+0000] {logging_mixin.py:188} INFO - [2026-08-09T06:25:43.919+0000] {dagbag.py:545} INFO - Filling up the DagBag from /opt/airflow/dags/hospital_dw_pipeline.py
[2026-08-09T06:25:44.031+0000] {processor.py:840} INFO - DAG(s) 'hospital_dw_batch_pipeline' retrieved from /opt/airflow/dags/hospital_dw_pipeline.py
[2026-08-09T06:25:44.056+0000] {logging_mixin.py:188} INFO - [2026-08-09T06:25:44.056+0000] {dag.py:3089} INFO - Sync 1 DAGs
[2026-08-09T06:25:44.082+0000] {logging_mixin.py:188} INFO - [2026-08-09T06:25:44.081+0000] {dag.py:3947} INFO - Setting next_dagrun for hospital_dw_batch_pipeline to None, run_after=None
[2026-08-09T06:25:44.113+0000] {processor.py:183} INFO - Processing /opt/airflow/dags/hospital_dw_pipeline.py took 0.206 seconds
[2026-08-09T06:26:14.341+0000] {processor.py:161} INFO - Started process (PID=367) to work on /opt/airflow/dags/hospital_dw_pipeline.py
[2026-08-09T06:26:14.342+0000] {processor.py:830} INFO - Processing file /opt/airflow/dags/hospital_dw_pipeline.py for tasks to queue
[2026-08-09T06:26:14.344+0000] {logging_mixin.py:188} INFO - [2026-08-09T06:26:14.344+0000] {dagbag.py:545} INFO - Filling up the DagBag from /opt/airflow/dags/hospital_dw_pipeline.py
[2026-08-09T06:26:14.421+0000] {processor.py:840} INFO - DAG(s) 'hospital_dw_batch_pipeline' retrieved from /opt/airflow/dags/hospital_dw_pipeline.py
[2026-08-09T06:26:14.452+0000] {logging_mixin.py:188} INFO - [2026-08-09T06:26:14.452+0000] {dag.py:3089} INFO - Sync 1 DAGs
[2026-08-09T06:26:14.468+0000] {logging_mixin.py:188} INFO - [2026-08-09T06:26:14.467+0000] {dag.py:3947} INFO - Setting next_dagrun for hospital_dw_batch_pipeline to None, run_after=None
[2026-08-09T06:26:14.505+0000] {processor.py:183} INFO - Processing /opt/airflow/dags/hospital_dw_pipeline.py took 0.171 seconds
[2026-08-09T06:26:44.575+0000] {processor.py:161} INFO - Started process (PID=372) to work on /opt/airflow/dags/hospital_dw_pipeline.py
[2026-08-09T06:26:44.576+0000] {processor.py:830} INFO - Processing file /opt/airflow/dags/hospital_dw_pipeline.py for tasks to queue
[2026-08-09T06:26:44.579+0000] {logging_mixin.py:188} INFO - [2026-08-09T06:26:44.579+0000] {dagbag.py:545} INFO - Filling up the DagBag from /opt/airflow/dags/hospital_dw_pipeline.py
[2026-08-09T06:26:44.724+0000] {processor.py:840} INFO - DAG(s) 'hospital_dw_batch_pipeline' retrieved from /opt/airflow/dags/hospital_dw_pipeline.py
[2026-08-09T06:26:44.759+0000] {logging_mixin.py:188} INFO - [2026-08-09T06:26:44.758+0000] {dag.py:3089} INFO - Sync 1 DAGs
[2026-08-09T06:26:44.772+0000] {logging_mixin.py:188} INFO - [2026-08-09T06:26:44.771+0000] {dag.py:3947} INFO - Setting next_dagrun for hospital_dw_batch_pipeline to None, run_after=None
[2026-08-09T06:26:44.789+0000] {processor.py:183} INFO - Processing /opt/airflow/dags/hospital_dw_pipeline.py took 0.223 seconds
[2026-08-09T06:27:15.020+0000] {processor.py:161} INFO - Started process (PID=377) to work on /opt/airflow/dags/hospital_dw_pipeline.py
[2026-08-09T06:27:15.022+0000] {processor.py:830} INFO - Processing file /opt/airflow/dags/hospital_dw_pipeline.py for tasks to queue
[2026-08-09T06:27:15.025+0000] {logging_mixin.py:188} INFO - [2026-08-09T06:27:15.025+0000] {dagbag.py:545} INFO - Filling up the DagBag from /opt/airflow/dags/hospital_dw_pipeline.py
[2026-08-09T06:27:15.102+0000] {processor.py:840} INFO - DAG(s) 'hospital_dw_batch_pipeline' retrieved from /opt/airflow/dags/hospital_dw_pipeline.py
[2026-08-09T06:27:15.125+0000] {logging_mixin.py:188} INFO - [2026-08-09T06:27:15.125+0000] {dag.py:3089} INFO - Sync 1 DAGs
[2026-08-09T06:27:15.136+0000] {logging_mixin.py:188} INFO - [2026-08-09T06:27:15.136+0000] {dag.py:3947} INFO - Setting next_dagrun for hospital_dw_batch_pipeline to None, run_after=None
[2026-08-09T06:27:15.153+0000] {processor.py:183} INFO - Processing /opt/airflow/dags/hospital_dw_pipeline.py took 0.141 seconds
[2026-08-09T06:27:45.320+0000] {processor.py:161} INFO - Started process (PID=382) to work on /opt/airflow/dags/hospital_dw_pipeline.py
[2026-08-09T06:27:45.322+0000] {processor.py:830} INFO - Processing file /opt/airflow/dags/hospital_dw_pipeline.py for tasks to queue
[2026-08-09T06:27:45.329+0000] {logging_mixin.py:188} INFO - [2026-08-09T06:27:45.328+0000] {dagbag.py:545} INFO - Filling up the DagBag from /opt/airflow/dags/hospital_dw_pipeline.py
[2026-08-09T06:27:45.441+0000] {processor.py:840} INFO - DAG(s) 'hospital_dw_batch_pipeline' retrieved from /opt/airflow/dags/hospital_dw_pipeline.py
[2026-08-09T06:27:45.469+0000] {logging_mixin.py:188} INFO - [2026-08-09T06:27:45.469+0000] {dag.py:3089} INFO - Sync 1 DAGs
[2026-08-09T06:27:45.481+0000] {logging_mixin.py:188} INFO - [2026-08-09T06:27:45.481+0000] {dag.py:3947} INFO - Setting next_dagrun for hospital_dw_batch_pipeline to None, run_after=None
[2026-08-09T06:27:45.499+0000] {processor.py:183} INFO - Processing /opt/airflow/dags/hospital_dw_pipeline.py took 0.191 seconds
[2026-08-09T06:28:15.674+0000] {processor.py:161} INFO - Started process (PID=387) to work on /opt/airflow/dags/hospital_dw_pipeline.py
[2026-08-09T06:28:15.676+0000] {processor.py:830} INFO - Processing file /opt/airflow/dags/hospital_dw_pipeline.py for tasks to queue
[2026-08-09T06:28:15.681+0000] {logging_mixin.py:188} INFO - [2026-08-09T06:28:15.680+0000] {dagbag.py:545} INFO - Filling up the DagBag from /opt/airflow/dags/hospital_dw_pipeline.py
[2026-08-09T06:28:15.813+0000] {processor.py:840} INFO - DAG(s) 'hospital_dw_batch_pipeline' retrieved from /opt/airflow/dags/hospital_dw_pipeline.py
[2026-08-09T06:28:15.860+0000] {logging_mixin.py:188} INFO - [2026-08-09T06:28:15.860+0000] {dag.py:3089} INFO - Sync 1 DAGs
[2026-08-09T06:28:15.873+0000] {logging_mixin.py:188} INFO - [2026-08-09T06:28:15.873+0000] {dag.py:3947} INFO - Setting next_dagrun for hospital_dw_batch_pipeline to None, run_after=None
[2026-08-09T06:28:15.902+0000] {processor.py:183} INFO - Processing /opt/airflow/dags/hospital_dw_pipeline.py took 0.237 seconds
[2026-08-09T06:28:46.011+0000] {processor.py:161} INFO - Started process (PID=392) to work on /opt/airflow/dags/hospital_dw_pipeline.py
[2026-08-09T06:28:46.012+0000] {processor.py:830} INFO - Processing file /opt/airflow/dags/hospital_dw_pipeline.py for tasks to queue
[2026-08-09T06:28:46.013+0000] {logging_mixin.py:188} INFO - [2026-08-09T06:28:46.013+0000] {dagbag.py:545} INFO - Filling up the DagBag from /opt/airflow/dags/hospital_dw_pipeline.py
[2026-08-09T06:28:46.072+0000] {processor.py:840} INFO - DAG(s) 'hospital_dw_batch_pipeline' retrieved from /opt/airflow/dags/hospital_dw_pipeline.py
[2026-08-09T06:28:46.094+0000] {logging_mixin.py:188} INFO - [2026-08-09T06:28:46.094+0000] {dag.py:3089} INFO - Sync 1 DAGs
[2026-08-09T06:28:46.105+0000] {logging_mixin.py:188} INFO - [2026-08-09T06:28:46.105+0000] {dag.py:3947} INFO - Setting next_dagrun for hospital_dw_batch_pipeline to None, run_after=None
[2026-08-09T06:28:46.120+0000] {processor.py:183} INFO - Processing /opt/airflow/dags/hospital_dw_pipeline.py took 0.115 seconds
[2026-08-09T06:29:16.440+0000] {processor.py:161} INFO - Started process (PID=397) to work on /opt/airflow/dags/hospital_dw_pipeline.py
[2026-08-09T06:29:16.441+0000] {processor.py:830} INFO - Processing file /opt/airflow/dags/hospital_dw_pipeline.py for tasks to queue
[2026-08-09T06:29:16.447+0000] {logging_mixin.py:188} INFO - [2026-08-09T06:29:16.446+0000] {dagbag.py:545} INFO - Filling up the DagBag from /opt/airflow/dags/hospital_dw_pipeline.py
[2026-08-09T06:29:16.513+0000] {processor.py:840} INFO - DAG(s) 'hospital_dw_batch_pipeline' retrieved from /opt/airflow/dags/hospital_dw_pipeline.py
[2026-08-09T06:29:16.538+0000] {logging_mixin.py:188} INFO - [2026-08-09T06:29:16.537+0000] {dag.py:3089} INFO - Sync 1 DAGs
[2026-08-09T06:29:16.552+0000] {logging_mixin.py:188} INFO - [2026-08-09T06:29:16.552+0000] {dag.py:3947} INFO - Setting next_dagrun for hospital_dw_batch_pipeline to None, run_after=None
[2026-08-09T06:29:16.582+0000] {processor.py:183} INFO - Processing /opt/airflow/dags/hospital_dw_pipeline.py took 0.146 seconds
[2026-08-09T06:29:46.669+0000] {processor.py:161} INFO - Started process (PID=402) to work on /opt/airflow/dags/hospital_dw_pipeline.py
[2026-08-09T06:29:46.671+0000] {processor.py:830} INFO - Processing file /opt/airflow/dags/hospital_dw_pipeline.py for tasks to queue
[2026-08-09T06:29:46.676+0000] {logging_mixin.py:188} INFO - [2026-08-09T06:29:46.675+0000] {dagbag.py:545} INFO - Filling up the DagBag from /opt/airflow/dags/hospital_dw_pipeline.py
[2026-08-09T06:29:46.768+0000] {processor.py:840} INFO - DAG(s) 'hospital_dw_batch_pipeline' retrieved from /opt/airflow/dags/hospital_dw_pipeline.py
[2026-08-09T06:29:46.799+0000] {logging_mixin.py:188} INFO - [2026-08-09T06:29:46.799+0000] {dag.py:3089} INFO - Sync 1 DAGs
[2026-08-09T06:29:46.814+0000] {logging_mixin.py:188} INFO - [2026-08-09T06:29:46.813+0000] {dag.py:3947} INFO - Setting next_dagrun for hospital_dw_batch_pipeline to None, run_after=None
[2026-08-09T06:29:46.835+0000] {processor.py:183} INFO - Processing /opt/airflow/dags/hospital_dw_pipeline.py took 0.176 seconds
[2026-08-09T06:30:17.067+0000] {processor.py:161} INFO - Started process (PID=407) to work on /opt/airflow/dags/hospital_dw_pipeline.py
[2026-08-09T06:30:17.068+0000] {processor.py:830} INFO - Processing file /opt/airflow/dags/hospital_dw_pipeline.py for tasks to queue
[2026-08-09T06:30:17.071+0000] {logging_mixin.py:188} INFO - [2026-08-09T06:30:17.070+0000] {dagbag.py:545} INFO - Filling up the DagBag from /opt/airflow/dags/hospital_dw_pipeline.py
[2026-08-09T06:30:17.353+0000] {processor.py:840} INFO - DAG(s) 'hospital_dw_batch_pipeline' retrieved from /opt/airflow/dags/hospital_dw_pipeline.py
[2026-08-09T06:30:17.401+0000] {logging_mixin.py:188} INFO - [2026-08-09T06:30:17.400+0000] {dag.py:3089} INFO - Sync 1 DAGs
[2026-08-09T06:30:17.414+0000] {logging_mixin.py:188} INFO - [2026-08-09T06:30:17.414+0000] {dag.py:3947} INFO - Setting next_dagrun for hospital_dw_batch_pipeline to None, run_after=None
[2026-08-09T06:30:17.436+0000] {processor.py:183} INFO - Processing /opt/airflow/dags/hospital_dw_pipeline.py took 0.376 seconds
[2026-08-09T06:30:47.703+0000] {processor.py:161} INFO - Started process (PID=412) to work on /opt/airflow/dags/hospital_dw_pipeline.py
[2026-08-09T06:30:47.706+0000] {processor.py:830} INFO - Processing file /opt/airflow/dags/hospital_dw_pipeline.py for tasks to queue
[2026-08-09T06:30:47.711+0000] {logging_mixin.py:188} INFO - [2026-08-09T06:30:47.710+0000] {dagbag.py:545} INFO - Filling up the DagBag from /opt/airflow/dags/hospital_dw_pipeline.py
[2026-08-09T06:30:47.856+0000] {processor.py:840} INFO - DAG(s) 'hospital_dw_batch_pipeline' retrieved from /opt/airflow/dags/hospital_dw_pipeline.py
[2026-08-09T06:30:47.900+0000] {logging_mixin.py:188} INFO - [2026-08-09T06:30:47.900+0000] {dag.py:3089} INFO - Sync 1 DAGs
[2026-08-09T06:30:47.917+0000] {logging_mixin.py:188} INFO - [2026-08-09T06:30:47.916+0000] {dag.py:3947} INFO - Setting next_dagrun for hospital_dw_batch_pipeline to None, run_after=None
[2026-08-09T06:30:47.952+0000] {processor.py:183} INFO - Processing /opt/airflow/dags/hospital_dw_pipeline.py took 0.260 seconds
[2026-08-09T06:31:18.267+0000] {processor.py:161} INFO - Started process (PID=417) to work on /opt/airflow/dags/hospital_dw_pipeline.py
[2026-08-09T06:31:18.269+0000] {processor.py:830} INFO - Processing file /opt/airflow/dags/hospital_dw_pipeline.py for tasks to queue
[2026-08-09T06:31:18.273+0000] {logging_mixin.py:188} INFO - [2026-08-09T06:31:18.272+0000] {dagbag.py:545} INFO - Filling up the DagBag from /opt/airflow/dags/hospital_dw_pipeline.py
[2026-08-09T06:31:18.388+0000] {processor.py:840} INFO - DAG(s) 'hospital_dw_batch_pipeline' retrieved from /opt/airflow/dags/hospital_dw_pipeline.py
[2026-08-09T06:31:18.411+0000] {logging_mixin.py:188} INFO - [2026-08-09T06:31:18.411+0000] {dag.py:3089} INFO - Sync 1 DAGs
[2026-08-09T06:31:18.421+0000] {logging_mixin.py:188} INFO - [2026-08-09T06:31:18.421+0000] {dag.py:3947} INFO - Setting next_dagrun for hospital_dw_batch_pipeline to None, run_after=None
[2026-08-09T06:31:18.441+0000] {processor.py:183} INFO - Processing /opt/airflow/dags/hospital_dw_pipeline.py took 0.183 seconds
[2026-08-09T06:31:48.562+0000] {processor.py:161} INFO - Started process (PID=422) to work on /opt/airflow/dags/hospital_dw_pipeline.py
[2026-08-09T06:31:48.565+0000] {processor.py:830} INFO - Processing file /opt/airflow/dags/hospital_dw_pipeline.py for tasks to queue
[2026-08-09T06:31:48.570+0000] {logging_mixin.py:188} INFO - [2026-08-09T06:31:48.570+0000] {dagbag.py:545} INFO - Filling up the DagBag from /opt/airflow/dags/hospital_dw_pipeline.py
[2026-08-09T06:31:48.699+0000] {processor.py:840} INFO - DAG(s) 'hospital_dw_batch_pipeline' retrieved from /opt/airflow/dags/hospital_dw_pipeline.py
[2026-08-09T06:31:48.731+0000] {logging_mixin.py:188} INFO - [2026-08-09T06:31:48.731+0000] {dag.py:3089} INFO - Sync 1 DAGs
[2026-08-09T06:31:48.748+0000] {logging_mixin.py:188} INFO - [2026-08-09T06:31:48.748+0000] {dag.py:3947} INFO - Setting next_dagrun for hospital_dw_batch_pipeline to None, run_after=None
[2026-08-09T06:31:48.780+0000] {processor.py:183} INFO - Processing /opt/airflow/dags/hospital_dw_pipeline.py took 0.229 seconds
[2026-08-09T06:32:18.953+0000] {processor.py:161} INFO - Started process (PID=427) to work on /opt/airflow/dags/hospital_dw_pipeline.py
[2026-08-09T06:32:18.954+0000] {processor.py:830} INFO - Processing file /opt/airflow/dags/hospital_dw_pipeline.py for tasks to queue
[2026-08-09T06:32:18.956+0000] {logging_mixin.py:188} INFO - [2026-08-09T06:32:18.956+0000] {dagbag.py:545} INFO - Filling up the DagBag from /opt/airflow/dags/hospital_dw_pipeline.py
[2026-08-09T06:32:19.023+0000] {processor.py:840} INFO - DAG(s) 'hospital_dw_batch_pipeline' retrieved from /opt/airflow/dags/hospital_dw_pipeline.py
[2026-08-09T06:32:19.051+0000] {logging_mixin.py:188} INFO - [2026-08-09T06:32:19.050+0000] {dag.py:3089} INFO - Sync 1 DAGs
[2026-08-09T06:32:19.060+0000] {logging_mixin.py:188} INFO - [2026-08-09T06:32:19.060+0000] {dag.py:3947} INFO - Setting next_dagrun for hospital_dw_batch_pipeline to None, run_after=None
[2026-08-09T06:32:19.077+0000] {processor.py:183} INFO - Processing /opt/airflow/dags/hospital_dw_pipeline.py took 0.128 seconds
[2026-08-09T06:32:49.300+0000] {processor.py:161} INFO - Started process (PID=432) to work on /opt/airflow/dags/hospital_dw_pipeline.py
[2026-08-09T06:32:49.301+0000] {processor.py:830} INFO - Processing file /opt/airflow/dags/hospital_dw_pipeline.py for tasks to queue
[2026-08-09T06:32:49.303+0000] {logging_mixin.py:188} INFO - [2026-08-09T06:32:49.303+0000] {dagbag.py:545} INFO - Filling up the DagBag from /opt/airflow/dags/hospital_dw_pipeline.py
[2026-08-09T06:32:49.367+0000] {processor.py:840} INFO - DAG(s) 'hospital_dw_batch_pipeline' retrieved from /opt/airflow/dags/hospital_dw_pipeline.py
[2026-08-09T06:32:49.387+0000] {logging_mixin.py:188} INFO - [2026-08-09T06:32:49.387+0000] {dag.py:3089} INFO - Sync 1 DAGs
[2026-08-09T06:32:49.396+0000] {logging_mixin.py:188} INFO - [2026-08-09T06:32:49.396+0000] {dag.py:3947} INFO - Setting next_dagrun for hospital_dw_batch_pipeline to None, run_after=None
[2026-08-09T06:32:49.411+0000] {processor.py:183} INFO - Processing /opt/airflow/dags/hospital_dw_pipeline.py took 0.116 seconds
[2026-08-09T06:33:19.687+0000] {processor.py:161} INFO - Started process (PID=437) to work on /opt/airflow/dags/hospital_dw_pipeline.py
[2026-08-09T06:33:19.690+0000] {processor.py:830} INFO - Processing file /opt/airflow/dags/hospital_dw_pipeline.py for tasks to queue
[2026-08-09T06:33:19.696+0000] {logging_mixin.py:188} INFO - [2026-08-09T06:33:19.695+0000] {dagbag.py:545} INFO - Filling up the DagBag from /opt/airflow/dags/hospital_dw_pipeline.py
[2026-08-09T06:33:19.816+0000] {processor.py:840} INFO - DAG(s) 'hospital_dw_batch_pipeline' retrieved from /opt/airflow/dags/hospital_dw_pipeline.py
[2026-08-09T06:33:19.854+0000] {logging_mixin.py:188} INFO - [2026-08-09T06:33:19.853+0000] {dag.py:3089} INFO - Sync 1 DAGs
[2026-08-09T06:33:19.870+0000] {logging_mixin.py:188} INFO - [2026-08-09T06:33:19.869+0000] {dag.py:3947} INFO - Setting next_dagrun for hospital_dw_batch_pipeline to None, run_after=None
[2026-08-09T06:33:19.907+0000] {processor.py:183} INFO - Processing /opt/airflow/dags/hospital_dw_pipeline.py took 0.229 seconds
[2026-08-09T06:33:50.199+0000] {processor.py:161} INFO - Started process (PID=442) to work on /opt/airflow/dags/hospital_dw_pipeline.py
[2026-08-09T06:33:50.201+0000] {processor.py:830} INFO - Processing file /opt/airflow/dags/hospital_dw_pipeline.py for tasks to queue
[2026-08-09T06:33:50.205+0000] {logging_mixin.py:188} INFO - [2026-08-09T06:33:50.205+0000] {dagbag.py:545} INFO - Filling up the DagBag from /opt/airflow/dags/hospital_dw_pipeline.py
[2026-08-09T06:33:50.317+0000] {processor.py:840} INFO - DAG(s) 'hospital_dw_batch_pipeline' retrieved from /opt/airflow/dags/hospital_dw_pipeline.py
[2026-08-09T06:33:50.367+0000] {logging_mixin.py:188} INFO - [2026-08-09T06:33:50.367+0000] {dag.py:3089} INFO - Sync 1 DAGs
[2026-08-09T06:33:50.378+0000] {logging_mixin.py:188} INFO - [2026-08-09T06:33:50.378+0000] {dag.py:3947} INFO - Setting next_dagrun for hospital_dw_batch_pipeline to None, run_after=None
[2026-08-09T06:33:50.394+0000] {processor.py:183} INFO - Processing /opt/airflow/dags/hospital_dw_pipeline.py took 0.205 seconds
[2026-08-09T06:34:20.484+0000] {processor.py:161} INFO - Started process (PID=447) to work on /opt/airflow/dags/hospital_dw_pipeline.py
[2026-08-09T06:34:20.485+0000] {processor.py:830} INFO - Processing file /opt/airflow/dags/hospital_dw_pipeline.py for tasks to queue
[2026-08-09T06:34:20.486+0000] {logging_mixin.py:188} INFO - [2026-08-09T06:34:20.486+0000] {dagbag.py:545} INFO - Filling up the DagBag from /opt/airflow/dags/hospital_dw_pipeline.py
[2026-08-09T06:34:20.554+0000] {processor.py:840} INFO - DAG(s) 'hospital_dw_batch_pipeline' retrieved from /opt/airflow/dags/hospital_dw_pipeline.py
[2026-08-09T06:34:20.609+0000] {logging_mixin.py:188} INFO - [2026-08-09T06:34:20.609+0000] {dag.py:3089} INFO - Sync 1 DAGs
[2026-08-09T06:34:20.628+0000] {logging_mixin.py:188} INFO - [2026-08-09T06:34:20.628+0000] {dag.py:3947} INFO - Setting next_dagrun for hospital_dw_batch_pipeline to None, run_after=None
[2026-08-09T06:34:20.665+0000] {processor.py:183} INFO - Processing /opt/airflow/dags/hospital_dw_pipeline.py took 0.185 seconds
[2026-08-09T06:34:50.877+0000] {processor.py:161} INFO - Started process (PID=452) to work on /opt/airflow/dags/hospital_dw_pipeline.py
[2026-08-09T06:34:50.878+0000] {processor.py:830} INFO - Processing file /opt/airflow/dags/hospital_dw_pipeline.py for tasks to queue
[2026-08-09T06:34:50.879+0000] {logging_mixin.py:188} INFO - [2026-08-09T06:34:50.879+0000] {dagbag.py:545} INFO - Filling up the DagBag from /opt/airflow/dags/hospital_dw_pipeline.py
[2026-08-09T06:34:50.957+0000] {processor.py:840} INFO - DAG(s) 'hospital_dw_batch_pipeline' retrieved from /opt/airflow/dags/hospital_dw_pipeline.py
[2026-08-09T06:34:50.980+0000] {logging_mixin.py:188} INFO - [2026-08-09T06:34:50.980+0000] {dag.py:3089} INFO - Sync 1 DAGs
[2026-08-09T06:34:50.992+0000] {logging_mixin.py:188} INFO - [2026-08-09T06:34:50.992+0000] {dag.py:3947} INFO - Setting next_dagrun for hospital_dw_batch_pipeline to None, run_after=None
[2026-08-09T06:34:51.010+0000] {processor.py:183} INFO - Processing /opt/airflow/dags/hospital_dw_pipeline.py took 0.137 seconds
[2026-08-09T06:35:21.221+0000] {processor.py:161} INFO - Started process (PID=457) to work on /opt/airflow/dags/hospital_dw_pipeline.py
[2026-08-09T06:35:21.224+0000] {processor.py:830} INFO - Processing file /opt/airflow/dags/hospital_dw_pipeline.py for tasks to queue
[2026-08-09T06:35:21.229+0000] {logging_mixin.py:188} INFO - [2026-08-09T06:35:21.229+0000] {dagbag.py:545} INFO - Filling up the DagBag from /opt/airflow/dags/hospital_dw_pipeline.py
[2026-08-09T06:35:21.366+0000] {processor.py:840} INFO - DAG(s) 'hospital_dw_batch_pipeline' retrieved from /opt/airflow/dags/hospital_dw_pipeline.py
[2026-08-09T06:35:21.410+0000] {logging_mixin.py:188} INFO - [2026-08-09T06:35:21.410+0000] {dag.py:3089} INFO - Sync 1 DAGs
[2026-08-09T06:35:21.432+0000] {logging_mixin.py:188} INFO - [2026-08-09T06:35:21.432+0000] {dag.py:3947} INFO - Setting next_dagrun for hospital_dw_batch_pipeline to None, run_after=None
[2026-08-09T06:35:21.468+0000] {processor.py:183} INFO - Processing /opt/airflow/dags/hospital_dw_pipeline.py took 0.257 seconds
[2026-08-09T06:35:51.509+0000] {processor.py:161} INFO - Started process (PID=462) to work on /opt/airflow/dags/hospital_dw_pipeline.py
[2026-08-09T06:35:51.510+0000] {processor.py:830} INFO - Processing file /opt/airflow/dags/hospital_dw_pipeline.py for tasks to queue
[2026-08-09T06:35:51.512+0000] {logging_mixin.py:188} INFO - [2026-08-09T06:35:51.512+0000] {dagbag.py:545} INFO - Filling up the DagBag from /opt/airflow/dags/hospital_dw_pipeline.py
[2026-08-09T06:35:51.573+0000] {processor.py:840} INFO - DAG(s) 'hospital_dw_batch_pipeline' retrieved from /opt/airflow/dags/hospital_dw_pipeline.py
[2026-08-09T06:35:51.600+0000] {logging_mixin.py:188} INFO - [2026-08-09T06:35:51.600+0000] {dag.py:3089} INFO - Sync 1 DAGs
[2026-08-09T06:35:51.609+0000] {logging_mixin.py:188} INFO - [2026-08-09T06:35:51.609+0000] {dag.py:3947} INFO - Setting next_dagrun for hospital_dw_batch_pipeline to None, run_after=None
[2026-08-09T06:35:51.624+0000] {processor.py:183} INFO - Processing /opt/airflow/dags/hospital_dw_pipeline.py took 0.119 seconds
[2026-08-09T06:36:21.763+0000] {processor.py:161} INFO - Started process (PID=467) to work on /opt/airflow/dags/hospital_dw_pipeline.py
[2026-08-09T06:36:21.764+0000] {processor.py:830} INFO - Processing file /opt/airflow/dags/hospital_dw_pipeline.py for tasks to queue
[2026-08-09T06:36:21.766+0000] {logging_mixin.py:188} INFO - [2026-08-09T06:36:21.766+0000] {dagbag.py:545} INFO - Filling up the DagBag from /opt/airflow/dags/hospital_dw_pipeline.py
[2026-08-09T06:36:21.836+0000] {processor.py:840} INFO - DAG(s) 'hospital_dw_batch_pipeline' retrieved from /opt/airflow/dags/hospital_dw_pipeline.py
[2026-08-09T06:36:21.862+0000] {logging_mixin.py:188} INFO - [2026-08-09T06:36:21.861+0000] {dag.py:3089} INFO - Sync 1 DAGs
[2026-08-09T06:36:21.880+0000] {logging_mixin.py:188} INFO - [2026-08-09T06:36:21.880+0000] {dag.py:3947} INFO - Setting next_dagrun for hospital_dw_batch_pipeline to None, run_after=None
[2026-08-09T06:36:21.904+0000] {processor.py:183} INFO - Processing /opt/airflow/dags/hospital_dw_pipeline.py took 0.145 seconds
[2026-08-09T06:36:52.104+0000] {processor.py:161} INFO - Started process (PID=472) to work on /opt/airflow/dags/hospital_dw_pipeline.py
[2026-08-09T06:36:52.105+0000] {processor.py:830} INFO - Processing file /opt/airflow/dags/hospital_dw_pipeline.py for tasks to queue
[2026-08-09T06:36:52.107+0000] {logging_mixin.py:188} INFO - [2026-08-09T06:36:52.107+0000] {dagbag.py:545} INFO - Filling up the DagBag from /opt/airflow/dags/hospital_dw_pipeline.py
[2026-08-09T06:36:52.165+0000] {processor.py:840} INFO - DAG(s) 'hospital_dw_batch_pipeline' retrieved from /opt/airflow/dags/hospital_dw_pipeline.py
[2026-08-09T06:36:52.186+0000] {logging_mixin.py:188} INFO - [2026-08-09T06:36:52.186+0000] {dag.py:3089} INFO - Sync 1 DAGs
[2026-08-09T06:36:52.194+0000] {logging_mixin.py:188} INFO - [2026-08-09T06:36:52.194+0000] {dag.py:3947} INFO - Setting next_dagrun for hospital_dw_batch_pipeline to None, run_after=None
[2026-08-09T06:36:52.209+0000] {processor.py:183} INFO - Processing /opt/airflow/dags/hospital_dw_pipeline.py took 0.109 seconds
[2026-08-09T06:37:22.412+0000] {processor.py:161} INFO - Started process (PID=477) to work on /opt/airflow/dags/hospital_dw_pipeline.py
[2026-08-09T06:37:22.414+0000] {processor.py:830} INFO - Processing file /opt/airflow/dags/hospital_dw_pipeline.py for tasks to queue
[2026-08-09T06:37:22.416+0000] {logging_mixin.py:188} INFO - [2026-08-09T06:37:22.416+0000] {dagbag.py:545} INFO - Filling up the DagBag from /opt/airflow/dags/hospital_dw_pipeline.py
[2026-08-09T06:37:22.500+0000] {processor.py:840} INFO - DAG(s) 'hospital_dw_batch_pipeline' retrieved from /opt/airflow/dags/hospital_dw_pipeline.py
[2026-08-09T06:37:22.526+0000] {logging_mixin.py:188} INFO - [2026-08-09T06:37:22.526+0000] {dag.py:3089} INFO - Sync 1 DAGs
[2026-08-09T06:37:22.535+0000] {logging_mixin.py:188} INFO - [2026-08-09T06:37:22.534+0000] {dag.py:3947} INFO - Setting next_dagrun for hospital_dw_batch_pipeline to None, run_after=None
[2026-08-09T06:37:22.549+0000] {processor.py:183} INFO - Processing /opt/airflow/dags/hospital_dw_pipeline.py took 0.146 seconds
[2026-08-09T06:37:52.730+0000] {processor.py:161} INFO - Started process (PID=482) to work on /opt/airflow/dags/hospital_dw_pipeline.py
[2026-08-09T06:37:52.731+0000] {processor.py:830} INFO - Processing file /opt/airflow/dags/hospital_dw_pipeline.py for tasks to queue
[2026-08-09T06:37:52.734+0000] {logging_mixin.py:188} INFO - [2026-08-09T06:37:52.734+0000] {dagbag.py:545} INFO - Filling up the DagBag from /opt/airflow/dags/hospital_dw_pipeline.py
[2026-08-09T06:37:52.817+0000] {processor.py:840} INFO - DAG(s) 'hospital_dw_batch_pipeline' retrieved from /opt/airflow/dags/hospital_dw_pipeline.py
[2026-08-09T06:37:52.840+0000] {logging_mixin.py:188} INFO - [2026-08-09T06:37:52.840+0000] {dag.py:3089} INFO - Sync 1 DAGs
[2026-08-09T06:37:52.851+0000] {logging_mixin.py:188} INFO - [2026-08-09T06:37:52.851+0000] {dag.py:3947} INFO - Setting next_dagrun for hospital_dw_batch_pipeline to None, run_after=None
[2026-08-09T06:37:52.868+0000] {processor.py:183} INFO - Processing /opt/airflow/dags/hospital_dw_pipeline.py took 0.145 seconds
[2026-08-09T06:38:23.050+0000] {processor.py:161} INFO - Started process (PID=487) to work on /opt/airflow/dags/hospital_dw_pipeline.py
[2026-08-09T06:38:23.051+0000] {processor.py:830} INFO - Processing file /opt/airflow/dags/hospital_dw_pipeline.py for tasks to queue
[2026-08-09T06:38:23.055+0000] {logging_mixin.py:188} INFO - [2026-08-09T06:38:23.054+0000] {dagbag.py:545} INFO - Filling up the DagBag from /opt/airflow/dags/hospital_dw_pipeline.py
[2026-08-09T06:38:23.192+0000] {processor.py:840} INFO - DAG(s) 'hospital_dw_batch_pipeline' retrieved from /opt/airflow/dags/hospital_dw_pipeline.py
[2026-08-09T06:38:23.231+0000] {logging_mixin.py:188} INFO - [2026-08-09T06:38:23.230+0000] {dag.py:3089} INFO - Sync 1 DAGs
[2026-08-09T06:38:23.253+0000] {logging_mixin.py:188} INFO - [2026-08-09T06:38:23.252+0000] {dag.py:3947} INFO - Setting next_dagrun for hospital_dw_batch_pipeline to None, run_after=None
[2026-08-09T06:38:23.288+0000] {processor.py:183} INFO - Processing /opt/airflow/dags/hospital_dw_pipeline.py took 0.247 seconds
[2026-08-09T06:38:53.590+0000] {processor.py:161} INFO - Started process (PID=492) to work on /opt/airflow/dags/hospital_dw_pipeline.py
[2026-08-09T06:38:53.593+0000] {processor.py:830} INFO - Processing file /opt/airflow/dags/hospital_dw_pipeline.py for tasks to queue
[2026-08-09T06:38:53.597+0000] {logging_mixin.py:188} INFO - [2026-08-09T06:38:53.597+0000] {dagbag.py:545} INFO - Filling up the DagBag from /opt/airflow/dags/hospital_dw_pipeline.py
[2026-08-09T06:38:53.717+0000] {processor.py:840} INFO - DAG(s) 'hospital_dw_batch_pipeline' retrieved from /opt/airflow/dags/hospital_dw_pipeline.py
[2026-08-09T06:38:53.759+0000] {logging_mixin.py:188} INFO - [2026-08-09T06:38:53.759+0000] {dag.py:3089} INFO - Sync 1 DAGs
[2026-08-09T06:38:53.783+0000] {logging_mixin.py:188} INFO - [2026-08-09T06:38:53.783+0000] {dag.py:3947} INFO - Setting next_dagrun for hospital_dw_batch_pipeline to None, run_after=None
[2026-08-09T06:38:53.814+0000] {processor.py:183} INFO - Processing /opt/airflow/dags/hospital_dw_pipeline.py took 0.235 seconds
[2026-08-09T06:39:23.888+0000] {processor.py:161} INFO - Started process (PID=497) to work on /opt/airflow/dags/hospital_dw_pipeline.py
[2026-08-09T06:39:23.889+0000] {processor.py:830} INFO - Processing file /opt/airflow/dags/hospital_dw_pipeline.py for tasks to queue
[2026-08-09T06:39:23.892+0000] {logging_mixin.py:188} INFO - [2026-08-09T06:39:23.892+0000] {dagbag.py:545} INFO - Filling up the DagBag from /opt/airflow/dags/hospital_dw_pipeline.py
[2026-08-09T06:39:23.956+0000] {processor.py:840} INFO - DAG(s) 'hospital_dw_batch_pipeline' retrieved from /opt/airflow/dags/hospital_dw_pipeline.py
[2026-08-09T06:39:23.979+0000] {logging_mixin.py:188} INFO - [2026-08-09T06:39:23.979+0000] {dag.py:3089} INFO - Sync 1 DAGs
[2026-08-09T06:39:23.996+0000] {logging_mixin.py:188} INFO - [2026-08-09T06:39:23.996+0000] {dag.py:3947} INFO - Setting next_dagrun for hospital_dw_batch_pipeline to None, run_after=None
[2026-08-09T06:39:24.014+0000] {processor.py:183} INFO - Processing /opt/airflow/dags/hospital_dw_pipeline.py took 0.133 seconds
[2026-08-09T06:39:54.182+0000] {processor.py:161} INFO - Started process (PID=502) to work on /opt/airflow/dags/hospital_dw_pipeline.py
[2026-08-09T06:39:54.194+0000] {processor.py:830} INFO - Processing file /opt/airflow/dags/hospital_dw_pipeline.py for tasks to queue
[2026-08-09T06:39:54.204+0000] {logging_mixin.py:188} INFO - [2026-08-09T06:39:54.203+0000] {dagbag.py:545} INFO - Filling up the DagBag from /opt/airflow/dags/hospital_dw_pipeline.py
[2026-08-09T06:39:54.337+0000] {processor.py:840} INFO - DAG(s) 'hospital_dw_batch_pipeline' retrieved from /opt/airflow/dags/hospital_dw_pipeline.py
[2026-08-09T06:39:54.381+0000] {logging_mixin.py:188} INFO - [2026-08-09T06:39:54.381+0000] {dag.py:3089} INFO - Sync 1 DAGs
[2026-08-09T06:39:54.402+0000] {logging_mixin.py:188} INFO - [2026-08-09T06:39:54.402+0000] {dag.py:3947} INFO - Setting next_dagrun for hospital_dw_batch_pipeline to None, run_after=None
[2026-08-09T06:39:54.438+0000] {processor.py:183} INFO - Processing /opt/airflow/dags/hospital_dw_pipeline.py took 0.260 seconds
[2026-08-09T06:40:24.573+0000] {processor.py:161} INFO - Started process (PID=507) to work on /opt/airflow/dags/hospital_dw_pipeline.py
[2026-08-09T06:40:24.575+0000] {processor.py:830} INFO - Processing file /opt/airflow/dags/hospital_dw_pipeline.py for tasks to queue
[2026-08-09T06:40:24.580+0000] {logging_mixin.py:188} INFO - [2026-08-09T06:40:24.579+0000] {dagbag.py:545} INFO - Filling up the DagBag from /opt/airflow/dags/hospital_dw_pipeline.py
[2026-08-09T06:40:24.684+0000] {processor.py:840} INFO - DAG(s) 'hospital_dw_batch_pipeline' retrieved from /opt/airflow/dags/hospital_dw_pipeline.py
[2026-08-09T06:40:24.728+0000] {logging_mixin.py:188} INFO - [2026-08-09T06:40:24.727+0000] {dag.py:3089} INFO - Sync 1 DAGs
[2026-08-09T06:40:24.751+0000] {logging_mixin.py:188} INFO - [2026-08-09T06:40:24.750+0000] {dag.py:3947} INFO - Setting next_dagrun for hospital_dw_batch_pipeline to None, run_after=None
[2026-08-09T06:40:24.789+0000] {processor.py:183} INFO - Processing /opt/airflow/dags/hospital_dw_pipeline.py took 0.227 seconds
[2026-08-09T06:40:54.961+0000] {processor.py:161} INFO - Started process (PID=512) to work on /opt/airflow/dags/hospital_dw_pipeline.py
[2026-08-09T06:40:54.963+0000] {processor.py:830} INFO - Processing file /opt/airflow/dags/hospital_dw_pipeline.py for tasks to queue
[2026-08-09T06:40:54.967+0000] {logging_mixin.py:188} INFO - [2026-08-09T06:40:54.967+0000] {dagbag.py:545} INFO - Filling up the DagBag from /opt/airflow/dags/hospital_dw_pipeline.py
[2026-08-09T06:40:55.089+0000] {processor.py:840} INFO - DAG(s) 'hospital_dw_batch_pipeline' retrieved from /opt/airflow/dags/hospital_dw_pipeline.py
[2026-08-09T06:40:55.113+0000] {logging_mixin.py:188} INFO - [2026-08-09T06:40:55.113+0000] {dag.py:3089} INFO - Sync 1 DAGs
[2026-08-09T06:40:55.129+0000] {logging_mixin.py:188} INFO - [2026-08-09T06:40:55.129+0000] {dag.py:3947} INFO - Setting next_dagrun for hospital_dw_batch_pipeline to None, run_after=None
[2026-08-09T06:40:55.167+0000] {processor.py:183} INFO - Processing /opt/airflow/dags/hospital_dw_pipeline.py took 0.216 seconds
[2026-08-09T06:41:25.386+0000] {processor.py:161} INFO - Started process (PID=517) to work on /opt/airflow/dags/hospital_dw_pipeline.py
[2026-08-09T06:41:25.387+0000] {processor.py:830} INFO - Processing file /opt/airflow/dags/hospital_dw_pipeline.py for tasks to queue
[2026-08-09T06:41:25.393+0000] {logging_mixin.py:188} INFO - [2026-08-09T06:41:25.392+0000] {dagbag.py:545} INFO - Filling up the DagBag from /opt/airflow/dags/hospital_dw_pipeline.py
[2026-08-09T06:41:25.478+0000] {processor.py:840} INFO - DAG(s) 'hospital_dw_batch_pipeline' retrieved from /opt/airflow/dags/hospital_dw_pipeline.py
[2026-08-09T06:41:25.503+0000] {logging_mixin.py:188} INFO - [2026-08-09T06:41:25.503+0000] {dag.py:3089} INFO - Sync 1 DAGs
[2026-08-09T06:41:25.516+0000] {logging_mixin.py:188} INFO - [2026-08-09T06:41:25.516+0000] {dag.py:3947} INFO - Setting next_dagrun for hospital_dw_batch_pipeline to None, run_after=None
[2026-08-09T06:41:25.536+0000] {processor.py:183} INFO - Processing /opt/airflow/dags/hospital_dw_pipeline.py took 0.162 seconds
[2026-08-09T06:41:55.706+0000] {processor.py:161} INFO - Started process (PID=522) to work on /opt/airflow/dags/hospital_dw_pipeline.py
[2026-08-09T06:41:55.707+0000] {processor.py:830} INFO - Processing file /opt/airflow/dags/hospital_dw_pipeline.py for tasks to queue
[2026-08-09T06:41:55.710+0000] {logging_mixin.py:188} INFO - [2026-08-09T06:41:55.710+0000] {dagbag.py:545} INFO - Filling up the DagBag from /opt/airflow/dags/hospital_dw_pipeline.py
[2026-08-09T06:41:55.829+0000] {processor.py:840} INFO - DAG(s) 'hospital_dw_batch_pipeline' retrieved from /opt/airflow/dags/hospital_dw_pipeline.py
[2026-08-09T06:41:55.865+0000] {logging_mixin.py:188} INFO - [2026-08-09T06:41:55.864+0000] {dag.py:3089} INFO - Sync 1 DAGs
[2026-08-09T06:41:55.875+0000] {logging_mixin.py:188} INFO - [2026-08-09T06:41:55.875+0000] {dag.py:3947} INFO - Setting next_dagrun for hospital_dw_batch_pipeline to None, run_after=None
[2026-08-09T06:41:55.894+0000] {processor.py:183} INFO - Processing /opt/airflow/dags/hospital_dw_pipeline.py took 0.197 seconds
[2026-08-09T06:42:26.063+0000] {processor.py:161} INFO - Started process (PID=527) to work on /opt/airflow/dags/hospital_dw_pipeline.py
[2026-08-09T06:42:26.064+0000] {processor.py:830} INFO - Processing file /opt/airflow/dags/hospital_dw_pipeline.py for tasks to queue
[2026-08-09T06:42:26.066+0000] {logging_mixin.py:188} INFO - [2026-08-09T06:42:26.066+0000] {dagbag.py:545} INFO - Filling up the DagBag from /opt/airflow/dags/hospital_dw_pipeline.py
[2026-08-09T06:42:26.130+0000] {processor.py:840} INFO - DAG(s) 'hospital_dw_batch_pipeline' retrieved from /opt/airflow/dags/hospital_dw_pipeline.py
[2026-08-09T06:42:26.153+0000] {logging_mixin.py:188} INFO - [2026-08-09T06:42:26.153+0000] {dag.py:3089} INFO - Sync 1 DAGs
[2026-08-09T06:42:26.166+0000] {logging_mixin.py:188} INFO - [2026-08-09T06:42:26.165+0000] {dag.py:3947} INFO - Setting next_dagrun for hospital_dw_batch_pipeline to None, run_after=None
[2026-08-09T06:42:26.199+0000] {processor.py:183} INFO - Processing /opt/airflow/dags/hospital_dw_pipeline.py took 0.140 seconds
[2026-08-09T06:42:56.472+0000] {processor.py:161} INFO - Started process (PID=532) to work on /opt/airflow/dags/hospital_dw_pipeline.py
[2026-08-09T06:42:56.474+0000] {processor.py:830} INFO - Processing file /opt/airflow/dags/hospital_dw_pipeline.py for tasks to queue
[2026-08-09T06:42:56.478+0000] {logging_mixin.py:188} INFO - [2026-08-09T06:42:56.478+0000] {dagbag.py:545} INFO - Filling up the DagBag from /opt/airflow/dags/hospital_dw_pipeline.py
[2026-08-09T06:42:56.576+0000] {processor.py:840} INFO - DAG(s) 'hospital_dw_batch_pipeline' retrieved from /opt/airflow/dags/hospital_dw_pipeline.py
[2026-08-09T06:42:56.597+0000] {logging_mixin.py:188} INFO - [2026-08-09T06:42:56.596+0000] {dag.py:3089} INFO - Sync 1 DAGs
[2026-08-09T06:42:56.606+0000] {logging_mixin.py:188} INFO - [2026-08-09T06:42:56.606+0000] {dag.py:3947} INFO - Setting next_dagrun for hospital_dw_batch_pipeline to None, run_after=None
[2026-08-09T06:42:56.620+0000] {processor.py:183} INFO - Processing /opt/airflow/dags/hospital_dw_pipeline.py took 0.157 seconds
[2026-08-09T06:43:26.811+0000] {processor.py:161} INFO - Started process (PID=537) to work on /opt/airflow/dags/hospital_dw_pipeline.py
[2026-08-09T06:43:26.813+0000] {processor.py:830} INFO - Processing file /opt/airflow/dags/hospital_dw_pipeline.py for tasks to queue
[2026-08-09T06:43:26.819+0000] {logging_mixin.py:188} INFO - [2026-08-09T06:43:26.819+0000] {dagbag.py:545} INFO - Filling up the DagBag from /opt/airflow/dags/hospital_dw_pipeline.py
[2026-08-09T06:43:26.968+0000] {processor.py:840} INFO - DAG(s) 'hospital_dw_batch_pipeline' retrieved from /opt/airflow/dags/hospital_dw_pipeline.py
[2026-08-09T06:43:27.010+0000] {logging_mixin.py:188} INFO - [2026-08-09T06:43:27.010+0000] {dag.py:3089} INFO - Sync 1 DAGs
[2026-08-09T06:43:27.020+0000] {logging_mixin.py:188} INFO - [2026-08-09T06:43:27.020+0000] {dag.py:3947} INFO - Setting next_dagrun for hospital_dw_batch_pipeline to None, run_after=None
[2026-08-09T06:43:27.041+0000] {processor.py:183} INFO - Processing /opt/airflow/dags/hospital_dw_pipeline.py took 0.235 seconds
[2026-08-09T06:43:57.142+0000] {processor.py:161} INFO - Started process (PID=542) to work on /opt/airflow/dags/hospital_dw_pipeline.py
[2026-08-09T06:43:57.143+0000] {processor.py:830} INFO - Processing file /opt/airflow/dags/hospital_dw_pipeline.py for tasks to queue
[2026-08-09T06:43:57.147+0000] {logging_mixin.py:188} INFO - [2026-08-09T06:43:57.147+0000] {dagbag.py:545} INFO - Filling up the DagBag from /opt/airflow/dags/hospital_dw_pipeline.py
[2026-08-09T06:43:57.245+0000] {processor.py:840} INFO - DAG(s) 'hospital_dw_batch_pipeline' retrieved from /opt/airflow/dags/hospital_dw_pipeline.py
[2026-08-09T06:43:57.270+0000] {logging_mixin.py:188} INFO - [2026-08-09T06:43:57.270+0000] {dag.py:3089} INFO - Sync 1 DAGs
[2026-08-09T06:43:57.285+0000] {logging_mixin.py:188} INFO - [2026-08-09T06:43:57.284+0000] {dag.py:3947} INFO - Setting next_dagrun for hospital_dw_batch_pipeline to None, run_after=None
[2026-08-09T06:43:57.310+0000] {processor.py:183} INFO - Processing /opt/airflow/dags/hospital_dw_pipeline.py took 0.177 seconds
[2026-08-09T06:44:27.649+0000] {processor.py:161} INFO - Started process (PID=547) to work on /opt/airflow/dags/hospital_dw_pipeline.py
[2026-08-09T06:44:27.651+0000] {processor.py:830} INFO - Processing file /opt/airflow/dags/hospital_dw_pipeline.py for tasks to queue
[2026-08-09T06:44:27.654+0000] {logging_mixin.py:188} INFO - [2026-08-09T06:44:27.654+0000] {dagbag.py:545} INFO - Filling up the DagBag from /opt/airflow/dags/hospital_dw_pipeline.py
[2026-08-09T06:44:27.753+0000] {processor.py:840} INFO - DAG(s) 'hospital_dw_batch_pipeline' retrieved from /opt/airflow/dags/hospital_dw_pipeline.py
[2026-08-09T06:44:27.790+0000] {logging_mixin.py:188} INFO - [2026-08-09T06:44:27.789+0000] {dag.py:3089} INFO - Sync 1 DAGs
[2026-08-09T06:44:27.804+0000] {logging_mixin.py:188} INFO - [2026-08-09T06:44:27.803+0000] {dag.py:3947} INFO - Setting next_dagrun for hospital_dw_batch_pipeline to None, run_after=None
[2026-08-09T06:44:27.834+0000] {processor.py:183} INFO - Processing /opt/airflow/dags/hospital_dw_pipeline.py took 0.194 seconds
[2026-08-09T06:44:57.932+0000] {processor.py:161} INFO - Started process (PID=552) to work on /opt/airflow/dags/hospital_dw_pipeline.py
[2026-08-09T06:44:57.934+0000] {processor.py:830} INFO - Processing file /opt/airflow/dags/hospital_dw_pipeline.py for tasks to queue
[2026-08-09T06:44:57.938+0000] {logging_mixin.py:188} INFO - [2026-08-09T06:44:57.937+0000] {dagbag.py:545} INFO - Filling up the DagBag from /opt/airflow/dags/hospital_dw_pipeline.py
[2026-08-09T06:44:58.267+0000] {processor.py:840} INFO - DAG(s) 'hospital_dw_batch_pipeline' retrieved from /opt/airflow/dags/hospital_dw_pipeline.py
[2026-08-09T06:44:58.322+0000] {logging_mixin.py:188} INFO - [2026-08-09T06:44:58.321+0000] {dag.py:3089} INFO - Sync 1 DAGs
[2026-08-09T06:44:58.341+0000] {logging_mixin.py:188} INFO - [2026-08-09T06:44:58.341+0000] {dag.py:3947} INFO - Setting next_dagrun for hospital_dw_batch_pipeline to None, run_after=None
[2026-08-09T06:44:58.367+0000] {processor.py:183} INFO - Processing /opt/airflow/dags/hospital_dw_pipeline.py took 0.445 seconds
[2026-08-09T06:45:28.649+0000] {processor.py:161} INFO - Started process (PID=557) to work on /opt/airflow/dags/hospital_dw_pipeline.py
[2026-08-09T06:45:28.651+0000] {processor.py:830} INFO - Processing file /opt/airflow/dags/hospital_dw_pipeline.py for tasks to queue
[2026-08-09T06:45:28.654+0000] {logging_mixin.py:188} INFO - [2026-08-09T06:45:28.654+0000] {dagbag.py:545} INFO - Filling up the DagBag from /opt/airflow/dags/hospital_dw_pipeline.py
[2026-08-09T06:45:28.740+0000] {processor.py:840} INFO - DAG(s) 'hospital_dw_batch_pipeline' retrieved from /opt/airflow/dags/hospital_dw_pipeline.py
[2026-08-09T06:45:28.765+0000] {logging_mixin.py:188} INFO - [2026-08-09T06:45:28.765+0000] {dag.py:3089} INFO - Sync 1 DAGs
[2026-08-09T06:45:28.776+0000] {logging_mixin.py:188} INFO - [2026-08-09T06:45:28.776+0000] {dag.py:3947} INFO - Setting next_dagrun for hospital_dw_batch_pipeline to None, run_after=None
[2026-08-09T06:45:28.791+0000] {processor.py:183} INFO - Processing /opt/airflow/dags/hospital_dw_pipeline.py took 0.152 seconds
[2026-08-09T06:45:58.891+0000] {processor.py:161} INFO - Started process (PID=562) to work on /opt/airflow/dags/hospital_dw_pipeline.py
[2026-08-09T06:45:58.893+0000] {processor.py:830} INFO - Processing file /opt/airflow/dags/hospital_dw_pipeline.py for tasks to queue
[2026-08-09T06:45:58.897+0000] {logging_mixin.py:188} INFO - [2026-08-09T06:45:58.896+0000] {dagbag.py:545} INFO - Filling up the DagBag from /opt/airflow/dags/hospital_dw_pipeline.py
[2026-08-09T06:45:59.018+0000] {processor.py:840} INFO - DAG(s) 'hospital_dw_batch_pipeline' retrieved from /opt/airflow/dags/hospital_dw_pipeline.py
[2026-08-09T06:45:59.039+0000] {logging_mixin.py:188} INFO - [2026-08-09T06:45:59.039+0000] {dag.py:3089} INFO - Sync 1 DAGs
[2026-08-09T06:45:59.048+0000] {logging_mixin.py:188} INFO - [2026-08-09T06:45:59.048+0000] {dag.py:3947} INFO - Setting next_dagrun for hospital_dw_batch_pipeline to None, run_after=None
[2026-08-09T06:45:59.064+0000] {processor.py:183} INFO - Processing /opt/airflow/dags/hospital_dw_pipeline.py took 0.183 seconds
[2026-08-09T06:46:29.331+0000] {processor.py:161} INFO - Started process (PID=567) to work on /opt/airflow/dags/hospital_dw_pipeline.py
[2026-08-09T06:46:29.332+0000] {processor.py:830} INFO - Processing file /opt/airflow/dags/hospital_dw_pipeline.py for tasks to queue
[2026-08-09T06:46:29.334+0000] {logging_mixin.py:188} INFO - [2026-08-09T06:46:29.333+0000] {dagbag.py:545} INFO - Filling up the DagBag from /opt/airflow/dags/hospital_dw_pipeline.py
[2026-08-09T06:46:29.404+0000] {processor.py:840} INFO - DAG(s) 'hospital_dw_batch_pipeline' retrieved from /opt/airflow/dags/hospital_dw_pipeline.py
[2026-08-09T06:46:29.426+0000] {logging_mixin.py:188} INFO - [2026-08-09T06:46:29.426+0000] {dag.py:3089} INFO - Sync 1 DAGs
[2026-08-09T06:46:29.437+0000] {logging_mixin.py:188} INFO - [2026-08-09T06:46:29.437+0000] {dag.py:3947} INFO - Setting next_dagrun for hospital_dw_batch_pipeline to None, run_after=None
[2026-08-09T06:46:29.453+0000] {processor.py:183} INFO - Processing /opt/airflow/dags/hospital_dw_pipeline.py took 0.127 seconds
[2026-08-09T06:46:59.607+0000] {processor.py:161} INFO - Started process (PID=572) to work on /opt/airflow/dags/hospital_dw_pipeline.py
[2026-08-09T06:46:59.608+0000] {processor.py:830} INFO - Processing file /opt/airflow/dags/hospital_dw_pipeline.py for tasks to queue
[2026-08-09T06:46:59.611+0000] {logging_mixin.py:188} INFO - [2026-08-09T06:46:59.611+0000] {dagbag.py:545} INFO - Filling up the DagBag from /opt/airflow/dags/hospital_dw_pipeline.py
[2026-08-09T06:46:59.731+0000] {processor.py:840} INFO - DAG(s) 'hospital_dw_batch_pipeline' retrieved from /opt/airflow/dags/hospital_dw_pipeline.py
[2026-08-09T06:46:59.756+0000] {logging_mixin.py:188} INFO - [2026-08-09T06:46:59.756+0000] {dag.py:3089} INFO - Sync 1 DAGs
[2026-08-09T06:46:59.774+0000] {logging_mixin.py:188} INFO - [2026-08-09T06:46:59.774+0000] {dag.py:3947} INFO - Setting next_dagrun for hospital_dw_batch_pipeline to None, run_after=None
[2026-08-09T06:46:59.831+0000] {processor.py:183} INFO - Processing /opt/airflow/dags/hospital_dw_pipeline.py took 0.232 seconds
[2026-08-09T06:47:29.958+0000] {processor.py:161} INFO - Started process (PID=577) to work on /opt/airflow/dags/hospital_dw_pipeline.py
[2026-08-09T06:47:29.960+0000] {processor.py:830} INFO - Processing file /opt/airflow/dags/hospital_dw_pipeline.py for tasks to queue
[2026-08-09T06:47:29.965+0000] {logging_mixin.py:188} INFO - [2026-08-09T06:47:29.964+0000] {dagbag.py:545} INFO - Filling up the DagBag from /opt/airflow/dags/hospital_dw_pipeline.py
[2026-08-09T06:47:30.092+0000] {processor.py:840} INFO - DAG(s) 'hospital_dw_batch_pipeline' retrieved from /opt/airflow/dags/hospital_dw_pipeline.py
[2026-08-09T06:47:30.133+0000] {logging_mixin.py:188} INFO - [2026-08-09T06:47:30.133+0000] {dag.py:3089} INFO - Sync 1 DAGs
[2026-08-09T06:47:30.143+0000] {logging_mixin.py:188} INFO - [2026-08-09T06:47:30.143+0000] {dag.py:3947} INFO - Setting next_dagrun for hospital_dw_batch_pipeline to None, run_after=None
[2026-08-09T06:47:30.177+0000] {processor.py:183} INFO - Processing /opt/airflow/dags/hospital_dw_pipeline.py took 0.232 seconds
[2026-08-09T06:48:00.347+0000] {processor.py:161} INFO - Started process (PID=582) to work on /opt/airflow/dags/hospital_dw_pipeline.py
[2026-08-09T06:48:00.349+0000] {processor.py:830} INFO - Processing file /opt/airflow/dags/hospital_dw_pipeline.py for tasks to queue
[2026-08-09T06:48:00.352+0000] {logging_mixin.py:188} INFO - [2026-08-09T06:48:00.351+0000] {dagbag.py:545} INFO - Filling up the DagBag from /opt/airflow/dags/hospital_dw_pipeline.py
[2026-08-09T06:48:00.436+0000] {processor.py:840} INFO - DAG(s) 'hospital_dw_batch_pipeline' retrieved from /opt/airflow/dags/hospital_dw_pipeline.py
[2026-08-09T06:48:00.458+0000] {logging_mixin.py:188} INFO - [2026-08-09T06:48:00.457+0000] {dag.py:3089} INFO - Sync 1 DAGs
[2026-08-09T06:48:00.469+0000] {logging_mixin.py:188} INFO - [2026-08-09T06:48:00.469+0000] {dag.py:3947} INFO - Setting next_dagrun for hospital_dw_batch_pipeline to None, run_after=None
[2026-08-09T06:48:00.485+0000] {processor.py:183} INFO - Processing /opt/airflow/dags/hospital_dw_pipeline.py took 0.145 seconds
[2026-08-09T06:48:30.740+0000] {processor.py:161} INFO - Started process (PID=587) to work on /opt/airflow/dags/hospital_dw_pipeline.py
[2026-08-09T06:48:30.742+0000] {processor.py:830} INFO - Processing file /opt/airflow/dags/hospital_dw_pipeline.py for tasks to queue
[2026-08-09T06:48:30.745+0000] {logging_mixin.py:188} INFO - [2026-08-09T06:48:30.745+0000] {dagbag.py:545} INFO - Filling up the DagBag from /opt/airflow/dags/hospital_dw_pipeline.py
[2026-08-09T06:48:30.895+0000] {processor.py:840} INFO - DAG(s) 'hospital_dw_batch_pipeline' retrieved from /opt/airflow/dags/hospital_dw_pipeline.py
[2026-08-09T06:48:30.922+0000] {logging_mixin.py:188} INFO - [2026-08-09T06:48:30.922+0000] {dag.py:3089} INFO - Sync 1 DAGs
[2026-08-09T06:48:30.931+0000] {logging_mixin.py:188} INFO - [2026-08-09T06:48:30.931+0000] {dag.py:3947} INFO - Setting next_dagrun for hospital_dw_batch_pipeline to None, run_after=None
[2026-08-09T06:48:30.948+0000] {processor.py:183} INFO - Processing /opt/airflow/dags/hospital_dw_pipeline.py took 0.215 seconds
[2026-08-09T06:49:01.027+0000] {processor.py:161} INFO - Started process (PID=592) to work on /opt/airflow/dags/hospital_dw_pipeline.py
[2026-08-09T06:49:01.029+0000] {processor.py:830} INFO - Processing file /opt/airflow/dags/hospital_dw_pipeline.py for tasks to queue
[2026-08-09T06:49:01.032+0000] {logging_mixin.py:188} INFO - [2026-08-09T06:49:01.032+0000] {dagbag.py:545} INFO - Filling up the DagBag from /opt/airflow/dags/hospital_dw_pipeline.py
[2026-08-09T06:49:01.152+0000] {processor.py:840} INFO - DAG(s) 'hospital_dw_batch_pipeline' retrieved from /opt/airflow/dags/hospital_dw_pipeline.py
[2026-08-09T06:49:01.180+0000] {logging_mixin.py:188} INFO - [2026-08-09T06:49:01.180+0000] {dag.py:3089} INFO - Sync 1 DAGs
[2026-08-09T06:49:01.190+0000] {logging_mixin.py:188} INFO - [2026-08-09T06:49:01.190+0000] {dag.py:3947} INFO - Setting next_dagrun for hospital_dw_batch_pipeline to None, run_after=None
[2026-08-09T06:49:01.205+0000] {processor.py:183} INFO - Processing /opt/airflow/dags/hospital_dw_pipeline.py took 0.189 seconds
[2026-08-09T06:49:31.604+0000] {processor.py:161} INFO - Started process (PID=597) to work on /opt/airflow/dags/hospital_dw_pipeline.py
[2026-08-09T06:49:31.605+0000] {processor.py:830} INFO - Processing file /opt/airflow/dags/hospital_dw_pipeline.py for tasks to queue
[2026-08-09T06:49:31.606+0000] {logging_mixin.py:188} INFO - [2026-08-09T06:49:31.606+0000] {dagbag.py:545} INFO - Filling up the DagBag from /opt/airflow/dags/hospital_dw_pipeline.py
[2026-08-09T06:49:31.696+0000] {processor.py:840} INFO - DAG(s) 'hospital_dw_batch_pipeline' retrieved from /opt/airflow/dags/hospital_dw_pipeline.py
[2026-08-09T06:49:31.716+0000] {logging_mixin.py:188} INFO - [2026-08-09T06:49:31.716+0000] {dag.py:3089} INFO - Sync 1 DAGs
[2026-08-09T06:49:31.727+0000] {logging_mixin.py:188} INFO - [2026-08-09T06:49:31.727+0000] {dag.py:3947} INFO - Setting next_dagrun for hospital_dw_batch_pipeline to None, run_after=None
[2026-08-09T06:49:31.742+0000] {processor.py:183} INFO - Processing /opt/airflow/dags/hospital_dw_pipeline.py took 0.142 seconds
[2026-08-09T06:50:01.863+0000] {processor.py:161} INFO - Started process (PID=602) to work on /opt/airflow/dags/hospital_dw_pipeline.py
[2026-08-09T06:50:01.866+0000] {processor.py:830} INFO - Processing file /opt/airflow/dags/hospital_dw_pipeline.py for tasks to queue
[2026-08-09T06:50:01.870+0000] {logging_mixin.py:188} INFO - [2026-08-09T06:50:01.870+0000] {dagbag.py:545} INFO - Filling up the DagBag from /opt/airflow/dags/hospital_dw_pipeline.py
[2026-08-09T06:50:01.973+0000] {processor.py:840} INFO - DAG(s) 'hospital_dw_batch_pipeline' retrieved from /opt/airflow/dags/hospital_dw_pipeline.py
[2026-08-09T06:50:01.995+0000] {logging_mixin.py:188} INFO - [2026-08-09T06:50:01.995+0000] {dag.py:3089} INFO - Sync 1 DAGs
[2026-08-09T06:50:02.005+0000] {logging_mixin.py:188} INFO - [2026-08-09T06:50:02.005+0000] {dag.py:3947} INFO - Setting next_dagrun for hospital_dw_batch_pipeline to None, run_after=None
[2026-08-09T06:50:02.023+0000] {processor.py:183} INFO - Processing /opt/airflow/dags/hospital_dw_pipeline.py took 0.169 seconds
[2026-08-09T06:50:32.268+0000] {processor.py:161} INFO - Started process (PID=607) to work on /opt/airflow/dags/hospital_dw_pipeline.py
[2026-08-09T06:50:32.271+0000] {processor.py:830} INFO - Processing file /opt/airflow/dags/hospital_dw_pipeline.py for tasks to queue
[2026-08-09T06:50:32.277+0000] {logging_mixin.py:188} INFO - [2026-08-09T06:50:32.276+0000] {dagbag.py:545} INFO - Filling up the DagBag from /opt/airflow/dags/hospital_dw_pipeline.py
[2026-08-09T06:50:32.397+0000] {processor.py:840} INFO - DAG(s) 'hospital_dw_batch_pipeline' retrieved from /opt/airflow/dags/hospital_dw_pipeline.py
[2026-08-09T06:50:32.435+0000] {logging_mixin.py:188} INFO - [2026-08-09T06:50:32.435+0000] {dag.py:3089} INFO - Sync 1 DAGs
[2026-08-09T06:50:32.446+0000] {logging_mixin.py:188} INFO - [2026-08-09T06:50:32.446+0000] {dag.py:3947} INFO - Setting next_dagrun for hospital_dw_batch_pipeline to None, run_after=None
[2026-08-09T06:50:32.463+0000] {processor.py:183} INFO - Processing /opt/airflow/dags/hospital_dw_pipeline.py took 0.212 seconds
[2026-08-09T06:51:02.678+0000] {processor.py:161} INFO - Started process (PID=614) to work on /opt/airflow/dags/hospital_dw_pipeline.py
[2026-08-09T06:51:02.680+0000] {processor.py:830} INFO - Processing file /opt/airflow/dags/hospital_dw_pipeline.py for tasks to queue
[2026-08-09T06:51:02.682+0000] {logging_mixin.py:188} INFO - [2026-08-09T06:51:02.682+0000] {dagbag.py:545} INFO - Filling up the DagBag from /opt/airflow/dags/hospital_dw_pipeline.py
[2026-08-09T06:51:02.760+0000] {processor.py:840} INFO - DAG(s) 'hospital_dw_batch_pipeline' retrieved from /opt/airflow/dags/hospital_dw_pipeline.py
[2026-08-09T06:51:02.789+0000] {logging_mixin.py:188} INFO - [2026-08-09T06:51:02.789+0000] {dag.py:3089} INFO - Sync 1 DAGs
[2026-08-09T06:51:02.801+0000] {logging_mixin.py:188} INFO - [2026-08-09T06:51:02.801+0000] {dag.py:3947} INFO - Setting next_dagrun for hospital_dw_batch_pipeline to None, run_after=None
[2026-08-09T06:51:02.820+0000] {processor.py:183} INFO - Processing /opt/airflow/dags/hospital_dw_pipeline.py took 0.149 seconds
[2026-08-09T06:51:32.999+0000] {processor.py:161} INFO - Started process (PID=619) to work on /opt/airflow/dags/hospital_dw_pipeline.py
[2026-08-09T06:51:33.001+0000] {processor.py:830} INFO - Processing file /opt/airflow/dags/hospital_dw_pipeline.py for tasks to queue
[2026-08-09T06:51:33.005+0000] {logging_mixin.py:188} INFO - [2026-08-09T06:51:33.004+0000] {dagbag.py:545} INFO - Filling up the DagBag from /opt/airflow/dags/hospital_dw_pipeline.py
[2026-08-09T06:51:33.107+0000] {processor.py:840} INFO - DAG(s) 'hospital_dw_batch_pipeline' retrieved from /opt/airflow/dags/hospital_dw_pipeline.py
[2026-08-09T06:51:33.141+0000] {logging_mixin.py:188} INFO - [2026-08-09T06:51:33.141+0000] {dag.py:3089} INFO - Sync 1 DAGs
[2026-08-09T06:51:33.153+0000] {logging_mixin.py:188} INFO - [2026-08-09T06:51:33.152+0000] {dag.py:3947} INFO - Setting next_dagrun for hospital_dw_batch_pipeline to None, run_after=None
[2026-08-09T06:51:33.175+0000] {processor.py:183} INFO - Processing /opt/airflow/dags/hospital_dw_pipeline.py took 0.185 seconds
[2026-08-09T06:52:03.348+0000] {processor.py:161} INFO - Started process (PID=626) to work on /opt/airflow/dags/hospital_dw_pipeline.py
[2026-08-09T06:52:03.349+0000] {processor.py:830} INFO - Processing file /opt/airflow/dags/hospital_dw_pipeline.py for tasks to queue
[2026-08-09T06:52:03.352+0000] {logging_mixin.py:188} INFO - [2026-08-09T06:52:03.351+0000] {dagbag.py:545} INFO - Filling up the DagBag from /opt/airflow/dags/hospital_dw_pipeline.py
[2026-08-09T06:52:03.438+0000] {processor.py:840} INFO - DAG(s) 'hospital_dw_batch_pipeline' retrieved from /opt/airflow/dags/hospital_dw_pipeline.py
[2026-08-09T06:52:03.508+0000] {logging_mixin.py:188} INFO - [2026-08-09T06:52:03.508+0000] {dag.py:3089} INFO - Sync 1 DAGs
[2026-08-09T06:52:03.532+0000] {logging_mixin.py:188} INFO - [2026-08-09T06:52:03.532+0000] {dag.py:3947} INFO - Setting next_dagrun for hospital_dw_batch_pipeline to None, run_after=None
[2026-08-09T06:52:03.563+0000] {processor.py:183} INFO - Processing /opt/airflow/dags/hospital_dw_pipeline.py took 0.220 seconds
[2026-08-09T06:52:33.810+0000] {processor.py:161} INFO - Started process (PID=631) to work on /opt/airflow/dags/hospital_dw_pipeline.py
[2026-08-09T06:52:33.813+0000] {processor.py:830} INFO - Processing file /opt/airflow/dags/hospital_dw_pipeline.py for tasks to queue
[2026-08-09T06:52:33.818+0000] {logging_mixin.py:188} INFO - [2026-08-09T06:52:33.817+0000] {dagbag.py:545} INFO - Filling up the DagBag from /opt/airflow/dags/hospital_dw_pipeline.py
[2026-08-09T06:52:33.930+0000] {processor.py:840} INFO - DAG(s) 'hospital_dw_batch_pipeline' retrieved from /opt/airflow/dags/hospital_dw_pipeline.py
[2026-08-09T06:52:33.959+0000] {logging_mixin.py:188} INFO - [2026-08-09T06:52:33.958+0000] {dag.py:3089} INFO - Sync 1 DAGs
[2026-08-09T06:52:33.977+0000] {logging_mixin.py:188} INFO - [2026-08-09T06:52:33.977+0000] {dag.py:3947} INFO - Setting next_dagrun for hospital_dw_batch_pipeline to None, run_after=None
[2026-08-09T06:52:33.993+0000] {processor.py:183} INFO - Processing /opt/airflow/dags/hospital_dw_pipeline.py took 0.192 seconds
[2026-08-09T06:53:04.088+0000] {processor.py:161} INFO - Started process (PID=636) to work on /opt/airflow/dags/hospital_dw_pipeline.py
[2026-08-09T06:53:04.090+0000] {processor.py:830} INFO - Processing file /opt/airflow/dags/hospital_dw_pipeline.py for tasks to queue
[2026-08-09T06:53:04.097+0000] {logging_mixin.py:188} INFO - [2026-08-09T06:53:04.096+0000] {dagbag.py:545} INFO - Filling up the DagBag from /opt/airflow/dags/hospital_dw_pipeline.py
[2026-08-09T06:53:04.252+0000] {processor.py:840} INFO - DAG(s) 'hospital_dw_batch_pipeline' retrieved from /opt/airflow/dags/hospital_dw_pipeline.py
[2026-08-09T06:53:04.297+0000] {logging_mixin.py:188} INFO - [2026-08-09T06:53:04.297+0000] {dag.py:3089} INFO - Sync 1 DAGs
[2026-08-09T06:53:04.321+0000] {logging_mixin.py:188} INFO - [2026-08-09T06:53:04.321+0000] {dag.py:3947} INFO - Setting next_dagrun for hospital_dw_batch_pipeline to None, run_after=None
[2026-08-09T06:53:04.357+0000] {processor.py:183} INFO - Processing /opt/airflow/dags/hospital_dw_pipeline.py took 0.283 seconds
[2026-08-09T06:53:34.547+0000] {processor.py:161} INFO - Started process (PID=641) to work on /opt/airflow/dags/hospital_dw_pipeline.py
[2026-08-09T06:53:34.549+0000] {processor.py:830} INFO - Processing file /opt/airflow/dags/hospital_dw_pipeline.py for tasks to queue
[2026-08-09T06:53:34.555+0000] {logging_mixin.py:188} INFO - [2026-08-09T06:53:34.554+0000] {dagbag.py:545} INFO - Filling up the DagBag from /opt/airflow/dags/hospital_dw_pipeline.py
[2026-08-09T06:53:34.679+0000] {processor.py:840} INFO - DAG(s) 'hospital_dw_batch_pipeline' retrieved from /opt/airflow/dags/hospital_dw_pipeline.py
[2026-08-09T06:53:34.703+0000] {logging_mixin.py:188} INFO - [2026-08-09T06:53:34.703+0000] {dag.py:3089} INFO - Sync 1 DAGs
[2026-08-09T06:53:34.714+0000] {logging_mixin.py:188} INFO - [2026-08-09T06:53:34.713+0000] {dag.py:3947} INFO - Setting next_dagrun for hospital_dw_batch_pipeline to None, run_after=None
[2026-08-09T06:53:34.728+0000] {processor.py:183} INFO - Processing /opt/airflow/dags/hospital_dw_pipeline.py took 0.193 seconds
[2026-08-09T06:54:04.896+0000] {processor.py:161} INFO - Started process (PID=646) to work on /opt/airflow/dags/hospital_dw_pipeline.py
[2026-08-09T06:54:04.898+0000] {processor.py:830} INFO - Processing file /opt/airflow/dags/hospital_dw_pipeline.py for tasks to queue
[2026-08-09T06:54:04.902+0000] {logging_mixin.py:188} INFO - [2026-08-09T06:54:04.902+0000] {dagbag.py:545} INFO - Filling up the DagBag from /opt/airflow/dags/hospital_dw_pipeline.py
[2026-08-09T06:54:05.018+0000] {processor.py:840} INFO - DAG(s) 'hospital_dw_batch_pipeline' retrieved from /opt/airflow/dags/hospital_dw_pipeline.py
[2026-08-09T06:54:05.062+0000] {logging_mixin.py:188} INFO - [2026-08-09T06:54:05.062+0000] {dag.py:3089} INFO - Sync 1 DAGs
[2026-08-09T06:54:05.082+0000] {logging_mixin.py:188} INFO - [2026-08-09T06:54:05.082+0000] {dag.py:3947} INFO - Setting next_dagrun for hospital_dw_batch_pipeline to None, run_after=None
[2026-08-09T06:54:05.115+0000] {processor.py:183} INFO - Processing /opt/airflow/dags/hospital_dw_pipeline.py took 0.230 seconds
[2026-08-09T06:54:35.321+0000] {processor.py:161} INFO - Started process (PID=651) to work on /opt/airflow/dags/hospital_dw_pipeline.py
[2026-08-09T06:54:35.324+0000] {processor.py:830} INFO - Processing file /opt/airflow/dags/hospital_dw_pipeline.py for tasks to queue
[2026-08-09T06:54:35.329+0000] {logging_mixin.py:188} INFO - [2026-08-09T06:54:35.328+0000] {dagbag.py:545} INFO - Filling up the DagBag from /opt/airflow/dags/hospital_dw_pipeline.py
[2026-08-09T06:54:35.457+0000] {processor.py:840} INFO - DAG(s) 'hospital_dw_batch_pipeline' retrieved from /opt/airflow/dags/hospital_dw_pipeline.py
[2026-08-09T06:54:35.494+0000] {logging_mixin.py:188} INFO - [2026-08-09T06:54:35.493+0000] {dag.py:3089} INFO - Sync 1 DAGs
[2026-08-09T06:54:35.517+0000] {logging_mixin.py:188} INFO - [2026-08-09T06:54:35.517+0000] {dag.py:3947} INFO - Setting next_dagrun for hospital_dw_batch_pipeline to None, run_after=None
[2026-08-09T06:54:35.548+0000] {processor.py:183} INFO - Processing /opt/airflow/dags/hospital_dw_pipeline.py took 0.239 seconds
[2026-08-09T06:55:05.650+0000] {processor.py:161} INFO - Started process (PID=656) to work on /opt/airflow/dags/hospital_dw_pipeline.py
[2026-08-09T06:55:05.653+0000] {processor.py:830} INFO - Processing file /opt/airflow/dags/hospital_dw_pipeline.py for tasks to queue
[2026-08-09T06:55:05.657+0000] {logging_mixin.py:188} INFO - [2026-08-09T06:55:05.656+0000] {dagbag.py:545} INFO - Filling up the DagBag from /opt/airflow/dags/hospital_dw_pipeline.py
[2026-08-09T06:55:05.798+0000] {processor.py:840} INFO - DAG(s) 'hospital_dw_batch_pipeline' retrieved from /opt/airflow/dags/hospital_dw_pipeline.py
[2026-08-09T06:55:05.827+0000] {logging_mixin.py:188} INFO - [2026-08-09T06:55:05.827+0000] {dag.py:3089} INFO - Sync 1 DAGs
[2026-08-09T06:55:05.838+0000] {logging_mixin.py:188} INFO - [2026-08-09T06:55:05.838+0000] {dag.py:3947} INFO - Setting next_dagrun for hospital_dw_batch_pipeline to None, run_after=None
[2026-08-09T06:55:05.898+0000] {processor.py:183} INFO - Processing /opt/airflow/dags/hospital_dw_pipeline.py took 0.257 seconds
[2026-08-09T06:55:36.236+0000] {processor.py:161} INFO - Started process (PID=661) to work on /opt/airflow/dags/hospital_dw_pipeline.py
[2026-08-09T06:55:36.238+0000] {processor.py:830} INFO - Processing file /opt/airflow/dags/hospital_dw_pipeline.py for tasks to queue
[2026-08-09T06:55:36.242+0000] {logging_mixin.py:188} INFO - [2026-08-09T06:55:36.241+0000] {dagbag.py:545} INFO - Filling up the DagBag from /opt/airflow/dags/hospital_dw_pipeline.py
[2026-08-09T06:55:36.334+0000] {processor.py:840} INFO - DAG(s) 'hospital_dw_batch_pipeline' retrieved from /opt/airflow/dags/hospital_dw_pipeline.py
[2026-08-09T06:55:36.368+0000] {logging_mixin.py:188} INFO - [2026-08-09T06:55:36.368+0000] {dag.py:3089} INFO - Sync 1 DAGs
[2026-08-09T06:55:36.380+0000] {logging_mixin.py:188} INFO - [2026-08-09T06:55:36.380+0000] {dag.py:3947} INFO - Setting next_dagrun for hospital_dw_batch_pipeline to None, run_after=None
[2026-08-09T06:55:36.396+0000] {processor.py:183} INFO - Processing /opt/airflow/dags/hospital_dw_pipeline.py took 0.171 seconds
[2026-08-09T06:56:06.494+0000] {processor.py:161} INFO - Started process (PID=666) to work on /opt/airflow/dags/hospital_dw_pipeline.py
[2026-08-09T06:56:06.496+0000] {processor.py:830} INFO - Processing file /opt/airflow/dags/hospital_dw_pipeline.py for tasks to queue
[2026-08-09T06:56:06.500+0000] {logging_mixin.py:188} INFO - [2026-08-09T06:56:06.500+0000] {dagbag.py:545} INFO - Filling up the DagBag from /opt/airflow/dags/hospital_dw_pipeline.py
[2026-08-09T06:56:06.605+0000] {processor.py:840} INFO - DAG(s) 'hospital_dw_batch_pipeline' retrieved from /opt/airflow/dags/hospital_dw_pipeline.py
[2026-08-09T06:56:06.648+0000] {logging_mixin.py:188} INFO - [2026-08-09T06:56:06.647+0000] {dag.py:3089} INFO - Sync 1 DAGs
[2026-08-09T06:56:06.670+0000] {logging_mixin.py:188} INFO - [2026-08-09T06:56:06.670+0000] {dag.py:3947} INFO - Setting next_dagrun for hospital_dw_batch_pipeline to None, run_after=None
[2026-08-09T06:56:06.708+0000] {processor.py:183} INFO - Processing /opt/airflow/dags/hospital_dw_pipeline.py took 0.227 seconds
[2026-08-09T06:56:36.886+0000] {processor.py:161} INFO - Started process (PID=671) to work on /opt/airflow/dags/hospital_dw_pipeline.py
[2026-08-09T06:56:36.888+0000] {processor.py:830} INFO - Processing file /opt/airflow/dags/hospital_dw_pipeline.py for tasks to queue
[2026-08-09T06:56:36.891+0000] {logging_mixin.py:188} INFO - [2026-08-09T06:56:36.891+0000] {dagbag.py:545} INFO - Filling up the DagBag from /opt/airflow/dags/hospital_dw_pipeline.py
[2026-08-09T06:56:36.988+0000] {processor.py:840} INFO - DAG(s) 'hospital_dw_batch_pipeline' retrieved from /opt/airflow/dags/hospital_dw_pipeline.py
[2026-08-09T06:56:37.017+0000] {logging_mixin.py:188} INFO - [2026-08-09T06:56:37.017+0000] {dag.py:3089} INFO - Sync 1 DAGs
[2026-08-09T06:56:37.026+0000] {logging_mixin.py:188} INFO - [2026-08-09T06:56:37.026+0000] {dag.py:3947} INFO - Setting next_dagrun for hospital_dw_batch_pipeline to None, run_after=None
[2026-08-09T06:56:37.040+0000] {processor.py:183} INFO - Processing /opt/airflow/dags/hospital_dw_pipeline.py took 0.162 seconds
[2026-08-09T06:57:07.260+0000] {processor.py:161} INFO - Started process (PID=676) to work on /opt/airflow/dags/hospital_dw_pipeline.py
[2026-08-09T06:57:07.262+0000] {processor.py:830} INFO - Processing file /opt/airflow/dags/hospital_dw_pipeline.py for tasks to queue
[2026-08-09T06:57:07.265+0000] {logging_mixin.py:188} INFO - [2026-08-09T06:57:07.264+0000] {dagbag.py:545} INFO - Filling up the DagBag from /opt/airflow/dags/hospital_dw_pipeline.py
[2026-08-09T06:57:07.396+0000] {processor.py:840} INFO - DAG(s) 'hospital_dw_batch_pipeline' retrieved from /opt/airflow/dags/hospital_dw_pipeline.py
[2026-08-09T06:57:07.431+0000] {logging_mixin.py:188} INFO - [2026-08-09T06:57:07.431+0000] {dag.py:3089} INFO - Sync 1 DAGs
[2026-08-09T06:57:07.447+0000] {logging_mixin.py:188} INFO - [2026-08-09T06:57:07.447+0000] {dag.py:3947} INFO - Setting next_dagrun for hospital_dw_batch_pipeline to None, run_after=None
[2026-08-09T06:57:07.489+0000] {processor.py:183} INFO - Processing /opt/airflow/dags/hospital_dw_pipeline.py took 0.234 seconds
[2026-08-09T06:57:37.775+0000] {processor.py:161} INFO - Started process (PID=681) to work on /opt/airflow/dags/hospital_dw_pipeline.py
[2026-08-09T06:57:37.776+0000] {processor.py:830} INFO - Processing file /opt/airflow/dags/hospital_dw_pipeline.py for tasks to queue
[2026-08-09T06:57:37.778+0000] {logging_mixin.py:188} INFO - [2026-08-09T06:57:37.778+0000] {dagbag.py:545} INFO - Filling up the DagBag from /opt/airflow/dags/hospital_dw_pipeline.py
[2026-08-09T06:57:37.842+0000] {processor.py:840} INFO - DAG(s) 'hospital_dw_batch_pipeline' retrieved from /opt/airflow/dags/hospital_dw_pipeline.py
[2026-08-09T06:57:37.865+0000] {logging_mixin.py:188} INFO - [2026-08-09T06:57:37.864+0000] {dag.py:3089} INFO - Sync 1 DAGs
[2026-08-09T06:57:37.874+0000] {logging_mixin.py:188} INFO - [2026-08-09T06:57:37.874+0000] {dag.py:3947} INFO - Setting next_dagrun for hospital_dw_batch_pipeline to None, run_after=None
[2026-08-09T06:57:37.888+0000] {processor.py:183} INFO - Processing /opt/airflow/dags/hospital_dw_pipeline.py took 0.118 seconds
[2026-08-09T06:58:08.073+0000] {processor.py:161} INFO - Started process (PID=686) to work on /opt/airflow/dags/hospital_dw_pipeline.py
[2026-08-09T06:58:08.076+0000] {processor.py:830} INFO - Processing file /opt/airflow/dags/hospital_dw_pipeline.py for tasks to queue
[2026-08-09T06:58:08.082+0000] {logging_mixin.py:188} INFO - [2026-08-09T06:58:08.081+0000] {dagbag.py:545} INFO - Filling up the DagBag from /opt/airflow/dags/hospital_dw_pipeline.py
[2026-08-09T06:58:08.235+0000] {processor.py:840} INFO - DAG(s) 'hospital_dw_batch_pipeline' retrieved from /opt/airflow/dags/hospital_dw_pipeline.py
[2026-08-09T06:58:08.264+0000] {logging_mixin.py:188} INFO - [2026-08-09T06:58:08.264+0000] {dag.py:3089} INFO - Sync 1 DAGs
[2026-08-09T06:58:08.283+0000] {logging_mixin.py:188} INFO - [2026-08-09T06:58:08.282+0000] {dag.py:3947} INFO - Setting next_dagrun for hospital_dw_batch_pipeline to None, run_after=None
[2026-08-09T06:58:08.318+0000] {processor.py:183} INFO - Processing /opt/airflow/dags/hospital_dw_pipeline.py took 0.257 seconds
[2026-08-09T06:58:38.632+0000] {processor.py:161} INFO - Started process (PID=691) to work on /opt/airflow/dags/hospital_dw_pipeline.py
[2026-08-09T06:58:38.634+0000] {processor.py:830} INFO - Processing file /opt/airflow/dags/hospital_dw_pipeline.py for tasks to queue
[2026-08-09T06:58:38.636+0000] {logging_mixin.py:188} INFO - [2026-08-09T06:58:38.636+0000] {dagbag.py:545} INFO - Filling up the DagBag from /opt/airflow/dags/hospital_dw_pipeline.py
[2026-08-09T06:58:38.731+0000] {processor.py:840} INFO - DAG(s) 'hospital_dw_batch_pipeline' retrieved from /opt/airflow/dags/hospital_dw_pipeline.py
[2026-08-09T06:58:38.818+0000] {logging_mixin.py:188} INFO - [2026-08-09T06:58:38.818+0000] {dag.py:3089} INFO - Sync 1 DAGs
[2026-08-09T06:58:38.851+0000] {logging_mixin.py:188} INFO - [2026-08-09T06:58:38.850+0000] {dag.py:3947} INFO - Setting next_dagrun for hospital_dw_batch_pipeline to None, run_after=None
[2026-08-09T06:58:38.875+0000] {processor.py:183} INFO - Processing /opt/airflow/dags/hospital_dw_pipeline.py took 0.250 seconds
[2026-08-09T06:59:09.170+0000] {processor.py:161} INFO - Started process (PID=696) to work on /opt/airflow/dags/hospital_dw_pipeline.py
[2026-08-09T06:59:09.172+0000] {processor.py:830} INFO - Processing file /opt/airflow/dags/hospital_dw_pipeline.py for tasks to queue
[2026-08-09T06:59:09.176+0000] {logging_mixin.py:188} INFO - [2026-08-09T06:59:09.175+0000] {dagbag.py:545} INFO - Filling up the DagBag from /opt/airflow/dags/hospital_dw_pipeline.py
[2026-08-09T06:59:09.255+0000] {processor.py:840} INFO - DAG(s) 'hospital_dw_batch_pipeline' retrieved from /opt/airflow/dags/hospital_dw_pipeline.py
[2026-08-09T06:59:09.279+0000] {logging_mixin.py:188} INFO - [2026-08-09T06:59:09.279+0000] {dag.py:3089} INFO - Sync 1 DAGs
[2026-08-09T06:59:09.289+0000] {logging_mixin.py:188} INFO - [2026-08-09T06:59:09.289+0000] {dag.py:3947} INFO - Setting next_dagrun for hospital_dw_batch_pipeline to None, run_after=None
[2026-08-09T06:59:09.304+0000] {processor.py:183} INFO - Processing /opt/airflow/dags/hospital_dw_pipeline.py took 0.144 seconds
[2026-08-09T06:59:39.522+0000] {processor.py:161} INFO - Started process (PID=701) to work on /opt/airflow/dags/hospital_dw_pipeline.py
[2026-08-09T06:59:39.525+0000] {processor.py:830} INFO - Processing file /opt/airflow/dags/hospital_dw_pipeline.py for tasks to queue
[2026-08-09T06:59:39.532+0000] {logging_mixin.py:188} INFO - [2026-08-09T06:59:39.531+0000] {dagbag.py:545} INFO - Filling up the DagBag from /opt/airflow/dags/hospital_dw_pipeline.py
[2026-08-09T06:59:39.659+0000] {processor.py:840} INFO - DAG(s) 'hospital_dw_batch_pipeline' retrieved from /opt/airflow/dags/hospital_dw_pipeline.py
[2026-08-09T06:59:39.686+0000] {logging_mixin.py:188} INFO - [2026-08-09T06:59:39.686+0000] {dag.py:3089} INFO - Sync 1 DAGs
[2026-08-09T06:59:39.699+0000] {logging_mixin.py:188} INFO - [2026-08-09T06:59:39.699+0000] {dag.py:3947} INFO - Setting next_dagrun for hospital_dw_batch_pipeline to None, run_after=None
[2026-08-09T06:59:39.724+0000] {processor.py:183} INFO - Processing /opt/airflow/dags/hospital_dw_pipeline.py took 0.215 seconds
[2026-08-09T07:00:09.853+0000] {processor.py:161} INFO - Started process (PID=706) to work on /opt/airflow/dags/hospital_dw_pipeline.py
[2026-08-09T07:00:09.856+0000] {processor.py:830} INFO - Processing file /opt/airflow/dags/hospital_dw_pipeline.py for tasks to queue
[2026-08-09T07:00:09.861+0000] {logging_mixin.py:188} INFO - [2026-08-09T07:00:09.861+0000] {dagbag.py:545} INFO - Filling up the DagBag from /opt/airflow/dags/hospital_dw_pipeline.py
[2026-08-09T07:00:09.977+0000] {processor.py:840} INFO - DAG(s) 'hospital_dw_batch_pipeline' retrieved from /opt/airflow/dags/hospital_dw_pipeline.py
[2026-08-09T07:00:10.010+0000] {logging_mixin.py:188} INFO - [2026-08-09T07:00:10.010+0000] {dag.py:3089} INFO - Sync 1 DAGs
[2026-08-09T07:00:10.023+0000] {logging_mixin.py:188} INFO - [2026-08-09T07:00:10.023+0000] {dag.py:3947} INFO - Setting next_dagrun for hospital_dw_batch_pipeline to None, run_after=None
[2026-08-09T07:00:10.040+0000] {processor.py:183} INFO - Processing /opt/airflow/dags/hospital_dw_pipeline.py took 0.194 seconds
[2026-08-09T07:00:40.279+0000] {processor.py:161} INFO - Started process (PID=711) to work on /opt/airflow/dags/hospital_dw_pipeline.py
[2026-08-09T07:00:40.281+0000] {processor.py:830} INFO - Processing file /opt/airflow/dags/hospital_dw_pipeline.py for tasks to queue
[2026-08-09T07:00:40.289+0000] {logging_mixin.py:188} INFO - [2026-08-09T07:00:40.289+0000] {dagbag.py:545} INFO - Filling up the DagBag from /opt/airflow/dags/hospital_dw_pipeline.py
[2026-08-09T07:00:40.411+0000] {processor.py:840} INFO - DAG(s) 'hospital_dw_batch_pipeline' retrieved from /opt/airflow/dags/hospital_dw_pipeline.py
[2026-08-09T07:00:40.442+0000] {logging_mixin.py:188} INFO - [2026-08-09T07:00:40.442+0000] {dag.py:3089} INFO - Sync 1 DAGs
[2026-08-09T07:00:40.456+0000] {logging_mixin.py:188} INFO - [2026-08-09T07:00:40.456+0000] {dag.py:3947} INFO - Setting next_dagrun for hospital_dw_batch_pipeline to None, run_after=None
[2026-08-09T07:00:40.482+0000] {processor.py:183} INFO - Processing /opt/airflow/dags/hospital_dw_pipeline.py took 0.211 seconds
[2026-08-09T07:01:10.678+0000] {processor.py:161} INFO - Started process (PID=716) to work on /opt/airflow/dags/hospital_dw_pipeline.py
[2026-08-09T07:01:10.681+0000] {processor.py:830} INFO - Processing file /opt/airflow/dags/hospital_dw_pipeline.py for tasks to queue
[2026-08-09T07:01:10.685+0000] {logging_mixin.py:188} INFO - [2026-08-09T07:01:10.684+0000] {dagbag.py:545} INFO - Filling up the DagBag from /opt/airflow/dags/hospital_dw_pipeline.py
[2026-08-09T07:01:10.764+0000] {processor.py:840} INFO - DAG(s) 'hospital_dw_batch_pipeline' retrieved from /opt/airflow/dags/hospital_dw_pipeline.py
[2026-08-09T07:01:10.789+0000] {logging_mixin.py:188} INFO - [2026-08-09T07:01:10.788+0000] {dag.py:3089} INFO - Sync 1 DAGs
[2026-08-09T07:01:10.800+0000] {logging_mixin.py:188} INFO - [2026-08-09T07:01:10.800+0000] {dag.py:3947} INFO - Setting next_dagrun for hospital_dw_batch_pipeline to None, run_after=None
[2026-08-09T07:01:10.821+0000] {processor.py:183} INFO - Processing /opt/airflow/dags/hospital_dw_pipeline.py took 0.157 seconds
[2026-08-09T07:01:41.087+0000] {processor.py:161} INFO - Started process (PID=721) to work on /opt/airflow/dags/hospital_dw_pipeline.py
[2026-08-09T07:01:41.089+0000] {processor.py:830} INFO - Processing file /opt/airflow/dags/hospital_dw_pipeline.py for tasks to queue
[2026-08-09T07:01:41.096+0000] {logging_mixin.py:188} INFO - [2026-08-09T07:01:41.096+0000] {dagbag.py:545} INFO - Filling up the DagBag from /opt/airflow/dags/hospital_dw_pipeline.py
[2026-08-09T07:01:41.257+0000] {processor.py:840} INFO - DAG(s) 'hospital_dw_batch_pipeline' retrieved from /opt/airflow/dags/hospital_dw_pipeline.py
[2026-08-09T07:01:41.289+0000] {logging_mixin.py:188} INFO - [2026-08-09T07:01:41.288+0000] {dag.py:3089} INFO - Sync 1 DAGs
[2026-08-09T07:01:41.303+0000] {logging_mixin.py:188} INFO - [2026-08-09T07:01:41.302+0000] {dag.py:3947} INFO - Setting next_dagrun for hospital_dw_batch_pipeline to None, run_after=None
[2026-08-09T07:01:41.325+0000] {processor.py:183} INFO - Processing /opt/airflow/dags/hospital_dw_pipeline.py took 0.248 seconds
[2026-08-09T07:02:11.685+0000] {processor.py:161} INFO - Started process (PID=726) to work on /opt/airflow/dags/hospital_dw_pipeline.py
[2026-08-09T07:02:11.688+0000] {processor.py:830} INFO - Processing file /opt/airflow/dags/hospital_dw_pipeline.py for tasks to queue
[2026-08-09T07:02:11.695+0000] {logging_mixin.py:188} INFO - [2026-08-09T07:02:11.694+0000] {dagbag.py:545} INFO - Filling up the DagBag from /opt/airflow/dags/hospital_dw_pipeline.py
[2026-08-09T07:02:11.834+0000] {processor.py:840} INFO - DAG(s) 'hospital_dw_batch_pipeline' retrieved from /opt/airflow/dags/hospital_dw_pipeline.py
[2026-08-09T07:02:11.861+0000] {logging_mixin.py:188} INFO - [2026-08-09T07:02:11.861+0000] {dag.py:3089} INFO - Sync 1 DAGs
[2026-08-09T07:02:11.873+0000] {logging_mixin.py:188} INFO - [2026-08-09T07:02:11.873+0000] {dag.py:3947} INFO - Setting next_dagrun for hospital_dw_batch_pipeline to None, run_after=None
[2026-08-09T07:02:11.901+0000] {processor.py:183} INFO - Processing /opt/airflow/dags/hospital_dw_pipeline.py took 0.231 seconds
[2026-08-09T07:02:42.185+0000] {processor.py:161} INFO - Started process (PID=731) to work on /opt/airflow/dags/hospital_dw_pipeline.py
[2026-08-09T07:02:42.188+0000] {processor.py:830} INFO - Processing file /opt/airflow/dags/hospital_dw_pipeline.py for tasks to queue
[2026-08-09T07:02:42.193+0000] {logging_mixin.py:188} INFO - [2026-08-09T07:02:42.193+0000] {dagbag.py:545} INFO - Filling up the DagBag from /opt/airflow/dags/hospital_dw_pipeline.py
[2026-08-09T07:02:42.310+0000] {processor.py:840} INFO - DAG(s) 'hospital_dw_batch_pipeline' retrieved from /opt/airflow/dags/hospital_dw_pipeline.py
[2026-08-09T07:02:42.339+0000] {logging_mixin.py:188} INFO - [2026-08-09T07:02:42.339+0000] {dag.py:3089} INFO - Sync 1 DAGs
[2026-08-09T07:02:42.353+0000] {logging_mixin.py:188} INFO - [2026-08-09T07:02:42.353+0000] {dag.py:3947} INFO - Setting next_dagrun for hospital_dw_batch_pipeline to None, run_after=None
[2026-08-09T07:02:42.381+0000] {processor.py:183} INFO - Processing /opt/airflow/dags/hospital_dw_pipeline.py took 0.212 seconds
[2026-08-09T07:03:12.666+0000] {processor.py:161} INFO - Started process (PID=736) to work on /opt/airflow/dags/hospital_dw_pipeline.py
[2026-08-09T07:03:12.670+0000] {processor.py:830} INFO - Processing file /opt/airflow/dags/hospital_dw_pipeline.py for tasks to queue
[2026-08-09T07:03:12.676+0000] {logging_mixin.py:188} INFO - [2026-08-09T07:03:12.675+0000] {dagbag.py:545} INFO - Filling up the DagBag from /opt/airflow/dags/hospital_dw_pipeline.py
[2026-08-09T07:03:12.787+0000] {processor.py:840} INFO - DAG(s) 'hospital_dw_batch_pipeline' retrieved from /opt/airflow/dags/hospital_dw_pipeline.py
[2026-08-09T07:03:12.812+0000] {logging_mixin.py:188} INFO - [2026-08-09T07:03:12.812+0000] {dag.py:3089} INFO - Sync 1 DAGs
[2026-08-09T07:03:12.823+0000] {logging_mixin.py:188} INFO - [2026-08-09T07:03:12.823+0000] {dag.py:3947} INFO - Setting next_dagrun for hospital_dw_batch_pipeline to None, run_after=None
[2026-08-09T07:03:12.844+0000] {processor.py:183} INFO - Processing /opt/airflow/dags/hospital_dw_pipeline.py took 0.192 seconds
[2026-08-09T07:03:43.097+0000] {processor.py:161} INFO - Started process (PID=741) to work on /opt/airflow/dags/hospital_dw_pipeline.py
[2026-08-09T07:03:43.100+0000] {processor.py:830} INFO - Processing file /opt/airflow/dags/hospital_dw_pipeline.py for tasks to queue
[2026-08-09T07:03:43.105+0000] {logging_mixin.py:188} INFO - [2026-08-09T07:03:43.104+0000] {dagbag.py:545} INFO - Filling up the DagBag from /opt/airflow/dags/hospital_dw_pipeline.py
[2026-08-09T07:03:43.231+0000] {processor.py:840} INFO - DAG(s) 'hospital_dw_batch_pipeline' retrieved from /opt/airflow/dags/hospital_dw_pipeline.py
[2026-08-09T07:03:43.257+0000] {logging_mixin.py:188} INFO - [2026-08-09T07:03:43.257+0000] {dag.py:3089} INFO - Sync 1 DAGs
[2026-08-09T07:03:43.269+0000] {logging_mixin.py:188} INFO - [2026-08-09T07:03:43.268+0000] {dag.py:3947} INFO - Setting next_dagrun for hospital_dw_batch_pipeline to None, run_after=None
[2026-08-09T07:03:43.288+0000] {processor.py:183} INFO - Processing /opt/airflow/dags/hospital_dw_pipeline.py took 0.203 seconds
[2026-08-09T07:04:13.371+0000] {processor.py:161} INFO - Started process (PID=746) to work on /opt/airflow/dags/hospital_dw_pipeline.py
[2026-08-09T07:04:13.373+0000] {processor.py:830} INFO - Processing file /opt/airflow/dags/hospital_dw_pipeline.py for tasks to queue
[2026-08-09T07:04:13.377+0000] {logging_mixin.py:188} INFO - [2026-08-09T07:04:13.376+0000] {dagbag.py:545} INFO - Filling up the DagBag from /opt/airflow/dags/hospital_dw_pipeline.py
[2026-08-09T07:04:13.516+0000] {processor.py:840} INFO - DAG(s) 'hospital_dw_batch_pipeline' retrieved from /opt/airflow/dags/hospital_dw_pipeline.py
[2026-08-09T07:04:13.564+0000] {logging_mixin.py:188} INFO - [2026-08-09T07:04:13.564+0000] {dag.py:3089} INFO - Sync 1 DAGs
[2026-08-09T07:04:13.584+0000] {logging_mixin.py:188} INFO - [2026-08-09T07:04:13.583+0000] {dag.py:3947} INFO - Setting next_dagrun for hospital_dw_batch_pipeline to None, run_after=None
[2026-08-09T07:04:13.628+0000] {processor.py:183} INFO - Processing /opt/airflow/dags/hospital_dw_pipeline.py took 0.268 seconds
[2026-08-09T07:04:43.777+0000] {processor.py:161} INFO - Started process (PID=751) to work on /opt/airflow/dags/hospital_dw_pipeline.py
[2026-08-09T07:04:43.778+0000] {processor.py:830} INFO - Processing file /opt/airflow/dags/hospital_dw_pipeline.py for tasks to queue
[2026-08-09T07:04:43.780+0000] {logging_mixin.py:188} INFO - [2026-08-09T07:04:43.780+0000] {dagbag.py:545} INFO - Filling up the DagBag from /opt/airflow/dags/hospital_dw_pipeline.py
[2026-08-09T07:04:43.858+0000] {processor.py:840} INFO - DAG(s) 'hospital_dw_batch_pipeline' retrieved from /opt/airflow/dags/hospital_dw_pipeline.py
[2026-08-09T07:04:43.881+0000] {logging_mixin.py:188} INFO - [2026-08-09T07:04:43.881+0000] {dag.py:3089} INFO - Sync 1 DAGs
[2026-08-09T07:04:43.893+0000] {logging_mixin.py:188} INFO - [2026-08-09T07:04:43.893+0000] {dag.py:3947} INFO - Setting next_dagrun for hospital_dw_batch_pipeline to None, run_after=None
[2026-08-09T07:04:43.910+0000] {processor.py:183} INFO - Processing /opt/airflow/dags/hospital_dw_pipeline.py took 0.139 seconds
[2026-08-09T07:05:14.071+0000] {processor.py:161} INFO - Started process (PID=756) to work on /opt/airflow/dags/hospital_dw_pipeline.py
[2026-08-09T07:05:14.072+0000] {processor.py:830} INFO - Processing file /opt/airflow/dags/hospital_dw_pipeline.py for tasks to queue
[2026-08-09T07:05:14.074+0000] {logging_mixin.py:188} INFO - [2026-08-09T07:05:14.074+0000] {dagbag.py:545} INFO - Filling up the DagBag from /opt/airflow/dags/hospital_dw_pipeline.py
[2026-08-09T07:05:14.164+0000] {processor.py:840} INFO - DAG(s) 'hospital_dw_batch_pipeline' retrieved from /opt/airflow/dags/hospital_dw_pipeline.py
[2026-08-09T07:05:14.189+0000] {logging_mixin.py:188} INFO - [2026-08-09T07:05:14.189+0000] {dag.py:3089} INFO - Sync 1 DAGs
[2026-08-09T07:05:14.201+0000] {logging_mixin.py:188} INFO - [2026-08-09T07:05:14.201+0000] {dag.py:3947} INFO - Setting next_dagrun for hospital_dw_batch_pipeline to None, run_after=None
[2026-08-09T07:05:14.227+0000] {processor.py:183} INFO - Processing /opt/airflow/dags/hospital_dw_pipeline.py took 0.161 seconds
[2026-08-09T07:05:44.371+0000] {processor.py:161} INFO - Started process (PID=761) to work on /opt/airflow/dags/hospital_dw_pipeline.py
[2026-08-09T07:05:44.377+0000] {processor.py:830} INFO - Processing file /opt/airflow/dags/hospital_dw_pipeline.py for tasks to queue
[2026-08-09T07:05:44.386+0000] {logging_mixin.py:188} INFO - [2026-08-09T07:05:44.385+0000] {dagbag.py:545} INFO - Filling up the DagBag from /opt/airflow/dags/hospital_dw_pipeline.py
[2026-08-09T07:05:44.501+0000] {processor.py:840} INFO - DAG(s) 'hospital_dw_batch_pipeline' retrieved from /opt/airflow/dags/hospital_dw_pipeline.py
[2026-08-09T07:05:44.533+0000] {logging_mixin.py:188} INFO - [2026-08-09T07:05:44.533+0000] {dag.py:3089} INFO - Sync 1 DAGs
[2026-08-09T07:05:44.552+0000] {logging_mixin.py:188} INFO - [2026-08-09T07:05:44.552+0000] {dag.py:3947} INFO - Setting next_dagrun for hospital_dw_batch_pipeline to None, run_after=None
[2026-08-09T07:05:44.588+0000] {processor.py:183} INFO - Processing /opt/airflow/dags/hospital_dw_pipeline.py took 0.229 seconds
[2026-08-09T07:06:14.676+0000] {processor.py:161} INFO - Started process (PID=766) to work on /opt/airflow/dags/hospital_dw_pipeline.py
[2026-08-09T07:06:14.678+0000] {processor.py:830} INFO - Processing file /opt/airflow/dags/hospital_dw_pipeline.py for tasks to queue
[2026-08-09T07:06:14.680+0000] {logging_mixin.py:188} INFO - [2026-08-09T07:06:14.680+0000] {dagbag.py:545} INFO - Filling up the DagBag from /opt/airflow/dags/hospital_dw_pipeline.py
[2026-08-09T07:06:14.777+0000] {processor.py:840} INFO - DAG(s) 'hospital_dw_batch_pipeline' retrieved from /opt/airflow/dags/hospital_dw_pipeline.py
[2026-08-09T07:06:14.802+0000] {logging_mixin.py:188} INFO - [2026-08-09T07:06:14.801+0000] {dag.py:3089} INFO - Sync 1 DAGs
[2026-08-09T07:06:14.813+0000] {logging_mixin.py:188} INFO - [2026-08-09T07:06:14.813+0000] {dag.py:3947} INFO - Setting next_dagrun for hospital_dw_batch_pipeline to None, run_after=None
[2026-08-09T07:06:14.834+0000] {processor.py:183} INFO - Processing /opt/airflow/dags/hospital_dw_pipeline.py took 0.165 seconds
[2026-08-09T07:06:45.135+0000] {processor.py:161} INFO - Started process (PID=771) to work on /opt/airflow/dags/hospital_dw_pipeline.py
[2026-08-09T07:06:45.137+0000] {processor.py:830} INFO - Processing file /opt/airflow/dags/hospital_dw_pipeline.py for tasks to queue
[2026-08-09T07:06:45.140+0000] {logging_mixin.py:188} INFO - [2026-08-09T07:06:45.140+0000] {dagbag.py:545} INFO - Filling up the DagBag from /opt/airflow/dags/hospital_dw_pipeline.py
[2026-08-09T07:06:45.246+0000] {processor.py:840} INFO - DAG(s) 'hospital_dw_batch_pipeline' retrieved from /opt/airflow/dags/hospital_dw_pipeline.py
[2026-08-09T07:06:45.269+0000] {logging_mixin.py:188} INFO - [2026-08-09T07:06:45.269+0000] {dag.py:3089} INFO - Sync 1 DAGs
[2026-08-09T07:06:45.280+0000] {logging_mixin.py:188} INFO - [2026-08-09T07:06:45.280+0000] {dag.py:3947} INFO - Setting next_dagrun for hospital_dw_batch_pipeline to None, run_after=None
[2026-08-09T07:06:45.295+0000] {processor.py:183} INFO - Processing /opt/airflow/dags/hospital_dw_pipeline.py took 0.170 seconds
[2026-08-09T07:07:15.398+0000] {processor.py:161} INFO - Started process (PID=776) to work on /opt/airflow/dags/hospital_dw_pipeline.py
[2026-08-09T07:07:15.401+0000] {processor.py:830} INFO - Processing file /opt/airflow/dags/hospital_dw_pipeline.py for tasks to queue
[2026-08-09T07:07:15.410+0000] {logging_mixin.py:188} INFO - [2026-08-09T07:07:15.409+0000] {dagbag.py:545} INFO - Filling up the DagBag from /opt/airflow/dags/hospital_dw_pipeline.py
[2026-08-09T07:07:15.524+0000] {processor.py:840} INFO - DAG(s) 'hospital_dw_batch_pipeline' retrieved from /opt/airflow/dags/hospital_dw_pipeline.py
[2026-08-09T07:07:15.547+0000] {logging_mixin.py:188} INFO - [2026-08-09T07:07:15.547+0000] {dag.py:3089} INFO - Sync 1 DAGs
[2026-08-09T07:07:15.558+0000] {logging_mixin.py:188} INFO - [2026-08-09T07:07:15.557+0000] {dag.py:3947} INFO - Setting next_dagrun for hospital_dw_batch_pipeline to None, run_after=None
[2026-08-09T07:07:15.579+0000] {processor.py:183} INFO - Processing /opt/airflow/dags/hospital_dw_pipeline.py took 0.193 seconds
[2026-08-09T07:07:45.826+0000] {processor.py:161} INFO - Started process (PID=781) to work on /opt/airflow/dags/hospital_dw_pipeline.py
[2026-08-09T07:07:45.829+0000] {processor.py:830} INFO - Processing file /opt/airflow/dags/hospital_dw_pipeline.py for tasks to queue
[2026-08-09T07:07:45.833+0000] {logging_mixin.py:188} INFO - [2026-08-09T07:07:45.833+0000] {dagbag.py:545} INFO - Filling up the DagBag from /opt/airflow/dags/hospital_dw_pipeline.py
[2026-08-09T07:07:45.930+0000] {processor.py:840} INFO - DAG(s) 'hospital_dw_batch_pipeline' retrieved from /opt/airflow/dags/hospital_dw_pipeline.py
[2026-08-09T07:07:45.958+0000] {logging_mixin.py:188} INFO - [2026-08-09T07:07:45.958+0000] {dag.py:3089} INFO - Sync 1 DAGs
[2026-08-09T07:07:45.971+0000] {logging_mixin.py:188} INFO - [2026-08-09T07:07:45.971+0000] {dag.py:3947} INFO - Setting next_dagrun for hospital_dw_batch_pipeline to None, run_after=None
[2026-08-09T07:07:45.994+0000] {processor.py:183} INFO - Processing /opt/airflow/dags/hospital_dw_pipeline.py took 0.174 seconds
[2026-08-09T07:08:16.112+0000] {processor.py:161} INFO - Started process (PID=786) to work on /opt/airflow/dags/hospital_dw_pipeline.py
[2026-08-09T07:08:16.116+0000] {processor.py:830} INFO - Processing file /opt/airflow/dags/hospital_dw_pipeline.py for tasks to queue
[2026-08-09T07:08:16.123+0000] {logging_mixin.py:188} INFO - [2026-08-09T07:08:16.122+0000] {dagbag.py:545} INFO - Filling up the DagBag from /opt/airflow/dags/hospital_dw_pipeline.py
[2026-08-09T07:08:16.227+0000] {processor.py:840} INFO - DAG(s) 'hospital_dw_batch_pipeline' retrieved from /opt/airflow/dags/hospital_dw_pipeline.py
[2026-08-09T07:08:16.256+0000] {logging_mixin.py:188} INFO - [2026-08-09T07:08:16.256+0000] {dag.py:3089} INFO - Sync 1 DAGs
[2026-08-09T07:08:16.269+0000] {logging_mixin.py:188} INFO - [2026-08-09T07:08:16.269+0000] {dag.py:3947} INFO - Setting next_dagrun for hospital_dw_batch_pipeline to None, run_after=None
[2026-08-09T07:08:16.299+0000] {processor.py:183} INFO - Processing /opt/airflow/dags/hospital_dw_pipeline.py took 0.201 seconds
[2026-08-09T07:08:46.458+0000] {processor.py:161} INFO - Started process (PID=791) to work on /opt/airflow/dags/hospital_dw_pipeline.py
[2026-08-09T07:08:46.459+0000] {processor.py:830} INFO - Processing file /opt/airflow/dags/hospital_dw_pipeline.py for tasks to queue
[2026-08-09T07:08:46.461+0000] {logging_mixin.py:188} INFO - [2026-08-09T07:08:46.461+0000] {dagbag.py:545} INFO - Filling up the DagBag from /opt/airflow/dags/hospital_dw_pipeline.py
[2026-08-09T07:08:46.546+0000] {processor.py:840} INFO - DAG(s) 'hospital_dw_batch_pipeline' retrieved from /opt/airflow/dags/hospital_dw_pipeline.py
[2026-08-09T07:08:46.574+0000] {logging_mixin.py:188} INFO - [2026-08-09T07:08:46.573+0000] {dag.py:3089} INFO - Sync 1 DAGs
[2026-08-09T07:08:46.589+0000] {logging_mixin.py:188} INFO - [2026-08-09T07:08:46.589+0000] {dag.py:3947} INFO - Setting next_dagrun for hospital_dw_batch_pipeline to None, run_after=None
[2026-08-09T07:08:46.628+0000] {processor.py:183} INFO - Processing /opt/airflow/dags/hospital_dw_pipeline.py took 0.175 seconds
[2026-08-09T07:09:16.835+0000] {processor.py:161} INFO - Started process (PID=796) to work on /opt/airflow/dags/hospital_dw_pipeline.py
[2026-08-09T07:09:16.837+0000] {processor.py:830} INFO - Processing file /opt/airflow/dags/hospital_dw_pipeline.py for tasks to queue
[2026-08-09T07:09:16.842+0000] {logging_mixin.py:188} INFO - [2026-08-09T07:09:16.841+0000] {dagbag.py:545} INFO - Filling up the DagBag from /opt/airflow/dags/hospital_dw_pipeline.py
[2026-08-09T07:09:16.976+0000] {processor.py:840} INFO - DAG(s) 'hospital_dw_batch_pipeline' retrieved from /opt/airflow/dags/hospital_dw_pipeline.py
[2026-08-09T07:09:17.011+0000] {logging_mixin.py:188} INFO - [2026-08-09T07:09:17.011+0000] {dag.py:3089} INFO - Sync 1 DAGs
[2026-08-09T07:09:17.023+0000] {logging_mixin.py:188} INFO - [2026-08-09T07:09:17.022+0000] {dag.py:3947} INFO - Setting next_dagrun for hospital_dw_batch_pipeline to None, run_after=None
[2026-08-09T07:09:17.044+0000] {processor.py:183} INFO - Processing /opt/airflow/dags/hospital_dw_pipeline.py took 0.220 seconds
[2026-08-09T07:09:47.269+0000] {processor.py:161} INFO - Started process (PID=801) to work on /opt/airflow/dags/hospital_dw_pipeline.py
[2026-08-09T07:09:47.270+0000] {processor.py:830} INFO - Processing file /opt/airflow/dags/hospital_dw_pipeline.py for tasks to queue
[2026-08-09T07:09:47.273+0000] {logging_mixin.py:188} INFO - [2026-08-09T07:09:47.273+0000] {dagbag.py:545} INFO - Filling up the DagBag from /opt/airflow/dags/hospital_dw_pipeline.py
[2026-08-09T07:09:47.394+0000] {processor.py:840} INFO - DAG(s) 'hospital_dw_batch_pipeline' retrieved from /opt/airflow/dags/hospital_dw_pipeline.py
[2026-08-09T07:09:47.429+0000] {logging_mixin.py:188} INFO - [2026-08-09T07:09:47.429+0000] {dag.py:3089} INFO - Sync 1 DAGs
[2026-08-09T07:09:47.440+0000] {logging_mixin.py:188} INFO - [2026-08-09T07:09:47.440+0000] {dag.py:3947} INFO - Setting next_dagrun for hospital_dw_batch_pipeline to None, run_after=None
[2026-08-09T07:09:47.465+0000] {processor.py:183} INFO - Processing /opt/airflow/dags/hospital_dw_pipeline.py took 0.205 seconds
[2026-08-09T07:10:17.747+0000] {processor.py:161} INFO - Started process (PID=806) to work on /opt/airflow/dags/hospital_dw_pipeline.py
[2026-08-09T07:10:17.750+0000] {processor.py:830} INFO - Processing file /opt/airflow/dags/hospital_dw_pipeline.py for tasks to queue
[2026-08-09T07:10:17.756+0000] {logging_mixin.py:188} INFO - [2026-08-09T07:10:17.755+0000] {dagbag.py:545} INFO - Filling up the DagBag from /opt/airflow/dags/hospital_dw_pipeline.py
[2026-08-09T07:10:17.875+0000] {processor.py:840} INFO - DAG(s) 'hospital_dw_batch_pipeline' retrieved from /opt/airflow/dags/hospital_dw_pipeline.py
[2026-08-09T07:10:17.903+0000] {logging_mixin.py:188} INFO - [2026-08-09T07:10:17.903+0000] {dag.py:3089} INFO - Sync 1 DAGs
[2026-08-09T07:10:17.916+0000] {logging_mixin.py:188} INFO - [2026-08-09T07:10:17.916+0000] {dag.py:3947} INFO - Setting next_dagrun for hospital_dw_batch_pipeline to None, run_after=None
[2026-08-09T07:10:17.932+0000] {processor.py:183} INFO - Processing /opt/airflow/dags/hospital_dw_pipeline.py took 0.201 seconds
[2026-08-09T07:10:48.182+0000] {processor.py:161} INFO - Started process (PID=811) to work on /opt/airflow/dags/hospital_dw_pipeline.py
[2026-08-09T07:10:48.184+0000] {processor.py:830} INFO - Processing file /opt/airflow/dags/hospital_dw_pipeline.py for tasks to queue
[2026-08-09T07:10:48.190+0000] {logging_mixin.py:188} INFO - [2026-08-09T07:10:48.189+0000] {dagbag.py:545} INFO - Filling up the DagBag from /opt/airflow/dags/hospital_dw_pipeline.py
[2026-08-09T07:10:48.315+0000] {processor.py:840} INFO - DAG(s) 'hospital_dw_batch_pipeline' retrieved from /opt/airflow/dags/hospital_dw_pipeline.py
[2026-08-09T07:10:48.345+0000] {logging_mixin.py:188} INFO - [2026-08-09T07:10:48.344+0000] {dag.py:3089} INFO - Sync 1 DAGs
[2026-08-09T07:10:48.356+0000] {logging_mixin.py:188} INFO - [2026-08-09T07:10:48.356+0000] {dag.py:3947} INFO - Setting next_dagrun for hospital_dw_batch_pipeline to None, run_after=None
[2026-08-09T07:10:48.377+0000] {processor.py:183} INFO - Processing /opt/airflow/dags/hospital_dw_pipeline.py took 0.206 seconds
[2026-08-09T07:11:18.522+0000] {processor.py:161} INFO - Started process (PID=816) to work on /opt/airflow/dags/hospital_dw_pipeline.py
[2026-08-09T07:11:18.525+0000] {processor.py:830} INFO - Processing file /opt/airflow/dags/hospital_dw_pipeline.py for tasks to queue
[2026-08-09T07:11:18.533+0000] {logging_mixin.py:188} INFO - [2026-08-09T07:11:18.533+0000] {dagbag.py:545} INFO - Filling up the DagBag from /opt/airflow/dags/hospital_dw_pipeline.py
[2026-08-09T07:11:18.661+0000] {processor.py:840} INFO - DAG(s) 'hospital_dw_batch_pipeline' retrieved from /opt/airflow/dags/hospital_dw_pipeline.py
[2026-08-09T07:11:18.684+0000] {logging_mixin.py:188} INFO - [2026-08-09T07:11:18.684+0000] {dag.py:3089} INFO - Sync 1 DAGs
[2026-08-09T07:11:18.696+0000] {logging_mixin.py:188} INFO - [2026-08-09T07:11:18.696+0000] {dag.py:3947} INFO - Setting next_dagrun for hospital_dw_batch_pipeline to None, run_after=None
[2026-08-09T07:11:18.720+0000] {processor.py:183} INFO - Processing /opt/airflow/dags/hospital_dw_pipeline.py took 0.209 seconds
[2026-08-09T07:11:48.878+0000] {processor.py:161} INFO - Started process (PID=821) to work on /opt/airflow/dags/hospital_dw_pipeline.py
[2026-08-09T07:11:48.879+0000] {processor.py:830} INFO - Processing file /opt/airflow/dags/hospital_dw_pipeline.py for tasks to queue
[2026-08-09T07:11:48.882+0000] {logging_mixin.py:188} INFO - [2026-08-09T07:11:48.881+0000] {dagbag.py:545} INFO - Filling up the DagBag from /opt/airflow/dags/hospital_dw_pipeline.py
[2026-08-09T07:11:48.969+0000] {processor.py:840} INFO - DAG(s) 'hospital_dw_batch_pipeline' retrieved from /opt/airflow/dags/hospital_dw_pipeline.py
[2026-08-09T07:11:49.000+0000] {logging_mixin.py:188} INFO - [2026-08-09T07:11:48.999+0000] {dag.py:3089} INFO - Sync 1 DAGs
[2026-08-09T07:11:49.012+0000] {logging_mixin.py:188} INFO - [2026-08-09T07:11:49.012+0000] {dag.py:3947} INFO - Setting next_dagrun for hospital_dw_batch_pipeline to None, run_after=None
[2026-08-09T07:11:49.030+0000] {processor.py:183} INFO - Processing /opt/airflow/dags/hospital_dw_pipeline.py took 0.157 seconds
[2026-08-09T07:12:19.266+0000] {processor.py:161} INFO - Started process (PID=826) to work on /opt/airflow/dags/hospital_dw_pipeline.py
[2026-08-09T07:12:19.268+0000] {processor.py:830} INFO - Processing file /opt/airflow/dags/hospital_dw_pipeline.py for tasks to queue
[2026-08-09T07:12:19.271+0000] {logging_mixin.py:188} INFO - [2026-08-09T07:12:19.271+0000] {dagbag.py:545} INFO - Filling up the DagBag from /opt/airflow/dags/hospital_dw_pipeline.py
[2026-08-09T07:12:19.381+0000] {processor.py:840} INFO - DAG(s) 'hospital_dw_batch_pipeline' retrieved from /opt/airflow/dags/hospital_dw_pipeline.py
[2026-08-09T07:12:19.405+0000] {logging_mixin.py:188} INFO - [2026-08-09T07:12:19.405+0000] {dag.py:3089} INFO - Sync 1 DAGs
[2026-08-09T07:12:19.422+0000] {logging_mixin.py:188} INFO - [2026-08-09T07:12:19.422+0000] {dag.py:3947} INFO - Setting next_dagrun for hospital_dw_batch_pipeline to None, run_after=None
[2026-08-09T07:12:19.456+0000] {processor.py:183} INFO - Processing /opt/airflow/dags/hospital_dw_pipeline.py took 0.196 seconds
[2026-08-09T07:12:49.736+0000] {processor.py:161} INFO - Started process (PID=831) to work on /opt/airflow/dags/hospital_dw_pipeline.py
[2026-08-09T07:12:49.738+0000] {processor.py:830} INFO - Processing file /opt/airflow/dags/hospital_dw_pipeline.py for tasks to queue
[2026-08-09T07:12:49.740+0000] {logging_mixin.py:188} INFO - [2026-08-09T07:12:49.740+0000] {dagbag.py:545} INFO - Filling up the DagBag from /opt/airflow/dags/hospital_dw_pipeline.py
[2026-08-09T07:12:49.856+0000] {processor.py:840} INFO - DAG(s) 'hospital_dw_batch_pipeline' retrieved from /opt/airflow/dags/hospital_dw_pipeline.py
[2026-08-09T07:12:49.882+0000] {logging_mixin.py:188} INFO - [2026-08-09T07:12:49.882+0000] {dag.py:3089} INFO - Sync 1 DAGs
[2026-08-09T07:12:49.897+0000] {logging_mixin.py:188} INFO - [2026-08-09T07:12:49.896+0000] {dag.py:3947} INFO - Setting next_dagrun for hospital_dw_batch_pipeline to None, run_after=None
[2026-08-09T07:12:49.929+0000] {processor.py:183} INFO - Processing /opt/airflow/dags/hospital_dw_pipeline.py took 0.207 seconds
[2026-08-09T07:13:20.263+0000] {processor.py:161} INFO - Started process (PID=836) to work on /opt/airflow/dags/hospital_dw_pipeline.py
[2026-08-09T07:13:20.269+0000] {processor.py:830} INFO - Processing file /opt/airflow/dags/hospital_dw_pipeline.py for tasks to queue
[2026-08-09T07:13:20.276+0000] {logging_mixin.py:188} INFO - [2026-08-09T07:13:20.275+0000] {dagbag.py:545} INFO - Filling up the DagBag from /opt/airflow/dags/hospital_dw_pipeline.py
[2026-08-09T07:13:20.515+0000] {processor.py:840} INFO - DAG(s) 'hospital_dw_batch_pipeline' retrieved from /opt/airflow/dags/hospital_dw_pipeline.py
[2026-08-09T07:13:20.581+0000] {logging_mixin.py:188} INFO - [2026-08-09T07:13:20.580+0000] {dag.py:3089} INFO - Sync 1 DAGs
[2026-08-09T07:13:20.613+0000] {logging_mixin.py:188} INFO - [2026-08-09T07:13:20.613+0000] {dag.py:3947} INFO - Setting next_dagrun for hospital_dw_batch_pipeline to None, run_after=None
[2026-08-09T07:13:20.660+0000] {processor.py:183} INFO - Processing /opt/airflow/dags/hospital_dw_pipeline.py took 0.422 seconds
[2026-08-09T07:13:50.961+0000] {processor.py:161} INFO - Started process (PID=841) to work on /opt/airflow/dags/hospital_dw_pipeline.py
[2026-08-09T07:13:50.963+0000] {processor.py:830} INFO - Processing file /opt/airflow/dags/hospital_dw_pipeline.py for tasks to queue
[2026-08-09T07:13:50.968+0000] {logging_mixin.py:188} INFO - [2026-08-09T07:13:50.967+0000] {dagbag.py:545} INFO - Filling up the DagBag from /opt/airflow/dags/hospital_dw_pipeline.py
[2026-08-09T07:13:51.068+0000] {processor.py:840} INFO - DAG(s) 'hospital_dw_batch_pipeline' retrieved from /opt/airflow/dags/hospital_dw_pipeline.py
[2026-08-09T07:13:51.096+0000] {logging_mixin.py:188} INFO - [2026-08-09T07:13:51.096+0000] {dag.py:3089} INFO - Sync 1 DAGs
[2026-08-09T07:13:51.107+0000] {logging_mixin.py:188} INFO - [2026-08-09T07:13:51.106+0000] {dag.py:3947} INFO - Setting next_dagrun for hospital_dw_batch_pipeline to None, run_after=None
[2026-08-09T07:13:51.123+0000] {processor.py:183} INFO - Processing /opt/airflow/dags/hospital_dw_pipeline.py took 0.172 seconds
[2026-08-09T07:14:21.249+0000] {processor.py:161} INFO - Started process (PID=846) to work on /opt/airflow/dags/hospital_dw_pipeline.py
[2026-08-09T07:14:21.251+0000] {processor.py:830} INFO - Processing file /opt/airflow/dags/hospital_dw_pipeline.py for tasks to queue
[2026-08-09T07:14:21.255+0000] {logging_mixin.py:188} INFO - [2026-08-09T07:14:21.255+0000] {dagbag.py:545} INFO - Filling up the DagBag from /opt/airflow/dags/hospital_dw_pipeline.py
[2026-08-09T07:14:21.336+0000] {processor.py:840} INFO - DAG(s) 'hospital_dw_batch_pipeline' retrieved from /opt/airflow/dags/hospital_dw_pipeline.py
[2026-08-09T07:14:21.362+0000] {logging_mixin.py:188} INFO - [2026-08-09T07:14:21.361+0000] {dag.py:3089} INFO - Sync 1 DAGs
[2026-08-09T07:14:21.372+0000] {logging_mixin.py:188} INFO - [2026-08-09T07:14:21.372+0000] {dag.py:3947} INFO - Setting next_dagrun for hospital_dw_batch_pipeline to None, run_after=None
[2026-08-09T07:14:21.387+0000] {processor.py:183} INFO - Processing /opt/airflow/dags/hospital_dw_pipeline.py took 0.148 seconds
[2026-08-09T07:14:51.630+0000] {processor.py:161} INFO - Started process (PID=851) to work on /opt/airflow/dags/hospital_dw_pipeline.py
[2026-08-09T07:14:51.631+0000] {processor.py:830} INFO - Processing file /opt/airflow/dags/hospital_dw_pipeline.py for tasks to queue
[2026-08-09T07:14:51.634+0000] {logging_mixin.py:188} INFO - [2026-08-09T07:14:51.633+0000] {dagbag.py:545} INFO - Filling up the DagBag from /opt/airflow/dags/hospital_dw_pipeline.py
[2026-08-09T07:14:51.760+0000] {processor.py:840} INFO - DAG(s) 'hospital_dw_batch_pipeline' retrieved from /opt/airflow/dags/hospital_dw_pipeline.py
[2026-08-09T07:14:51.789+0000] {logging_mixin.py:188} INFO - [2026-08-09T07:14:51.789+0000] {dag.py:3089} INFO - Sync 1 DAGs
[2026-08-09T07:14:51.800+0000] {logging_mixin.py:188} INFO - [2026-08-09T07:14:51.800+0000] {dag.py:3947} INFO - Setting next_dagrun for hospital_dw_batch_pipeline to None, run_after=None
[2026-08-09T07:14:51.824+0000] {processor.py:183} INFO - Processing /opt/airflow/dags/hospital_dw_pipeline.py took 0.203 seconds
[2026-08-09T07:15:21.889+0000] {processor.py:161} INFO - Started process (PID=856) to work on /opt/airflow/dags/hospital_dw_pipeline.py
[2026-08-09T07:15:21.890+0000] {processor.py:830} INFO - Processing file /opt/airflow/dags/hospital_dw_pipeline.py for tasks to queue
[2026-08-09T07:15:21.896+0000] {logging_mixin.py:188} INFO - [2026-08-09T07:15:21.896+0000] {dagbag.py:545} INFO - Filling up the DagBag from /opt/airflow/dags/hospital_dw_pipeline.py
[2026-08-09T07:15:21.999+0000] {processor.py:840} INFO - DAG(s) 'hospital_dw_batch_pipeline' retrieved from /opt/airflow/dags/hospital_dw_pipeline.py
[2026-08-09T07:15:22.024+0000] {logging_mixin.py:188} INFO - [2026-08-09T07:15:22.023+0000] {dag.py:3089} INFO - Sync 1 DAGs
[2026-08-09T07:15:22.034+0000] {logging_mixin.py:188} INFO - [2026-08-09T07:15:22.034+0000] {dag.py:3947} INFO - Setting next_dagrun for hospital_dw_batch_pipeline to None, run_after=None
[2026-08-09T07:15:22.057+0000] {processor.py:183} INFO - Processing /opt/airflow/dags/hospital_dw_pipeline.py took 0.173 seconds
[2026-08-09T07:15:52.335+0000] {processor.py:161} INFO - Started process (PID=861) to work on /opt/airflow/dags/hospital_dw_pipeline.py
[2026-08-09T07:15:52.336+0000] {processor.py:830} INFO - Processing file /opt/airflow/dags/hospital_dw_pipeline.py for tasks to queue
[2026-08-09T07:15:52.338+0000] {logging_mixin.py:188} INFO - [2026-08-09T07:15:52.338+0000] {dagbag.py:545} INFO - Filling up the DagBag from /opt/airflow/dags/hospital_dw_pipeline.py
[2026-08-09T07:15:52.432+0000] {processor.py:840} INFO - DAG(s) 'hospital_dw_batch_pipeline' retrieved from /opt/airflow/dags/hospital_dw_pipeline.py
[2026-08-09T07:15:52.457+0000] {logging_mixin.py:188} INFO - [2026-08-09T07:15:52.456+0000] {dag.py:3089} INFO - Sync 1 DAGs
[2026-08-09T07:15:52.468+0000] {logging_mixin.py:188} INFO - [2026-08-09T07:15:52.468+0000] {dag.py:3947} INFO - Setting next_dagrun for hospital_dw_batch_pipeline to None, run_after=None
[2026-08-09T07:15:52.498+0000] {processor.py:183} INFO - Processing /opt/airflow/dags/hospital_dw_pipeline.py took 0.171 seconds
[2026-08-09T07:16:22.570+0000] {processor.py:161} INFO - Started process (PID=866) to work on /opt/airflow/dags/hospital_dw_pipeline.py
[2026-08-09T07:16:22.573+0000] {processor.py:830} INFO - Processing file /opt/airflow/dags/hospital_dw_pipeline.py for tasks to queue
[2026-08-09T07:16:22.577+0000] {logging_mixin.py:188} INFO - [2026-08-09T07:16:22.577+0000] {dagbag.py:545} INFO - Filling up the DagBag from /opt/airflow/dags/hospital_dw_pipeline.py
[2026-08-09T07:16:22.664+0000] {processor.py:840} INFO - DAG(s) 'hospital_dw_batch_pipeline' retrieved from /opt/airflow/dags/hospital_dw_pipeline.py
[2026-08-09T07:16:22.689+0000] {logging_mixin.py:188} INFO - [2026-08-09T07:16:22.689+0000] {dag.py:3089} INFO - Sync 1 DAGs
[2026-08-09T07:16:22.701+0000] {logging_mixin.py:188} INFO - [2026-08-09T07:16:22.701+0000] {dag.py:3947} INFO - Setting next_dagrun for hospital_dw_batch_pipeline to None, run_after=None
[2026-08-09T07:16:22.719+0000] {processor.py:183} INFO - Processing /opt/airflow/dags/hospital_dw_pipeline.py took 0.162 seconds
[2026-08-09T07:16:53.001+0000] {processor.py:161} INFO - Started process (PID=871) to work on /opt/airflow/dags/hospital_dw_pipeline.py
[2026-08-09T07:16:53.003+0000] {processor.py:830} INFO - Processing file /opt/airflow/dags/hospital_dw_pipeline.py for tasks to queue
[2026-08-09T07:16:53.006+0000] {logging_mixin.py:188} INFO - [2026-08-09T07:16:53.005+0000] {dagbag.py:545} INFO - Filling up the DagBag from /opt/airflow/dags/hospital_dw_pipeline.py
[2026-08-09T07:16:53.097+0000] {processor.py:840} INFO - DAG(s) 'hospital_dw_batch_pipeline' retrieved from /opt/airflow/dags/hospital_dw_pipeline.py
[2026-08-09T07:16:53.120+0000] {logging_mixin.py:188} INFO - [2026-08-09T07:16:53.120+0000] {dag.py:3089} INFO - Sync 1 DAGs
[2026-08-09T07:16:53.130+0000] {logging_mixin.py:188} INFO - [2026-08-09T07:16:53.130+0000] {dag.py:3947} INFO - Setting next_dagrun for hospital_dw_batch_pipeline to None, run_after=None
[2026-08-09T07:16:53.148+0000] {processor.py:183} INFO - Processing /opt/airflow/dags/hospital_dw_pipeline.py took 0.152 seconds
[2026-08-09T07:17:23.256+0000] {processor.py:161} INFO - Started process (PID=876) to work on /opt/airflow/dags/hospital_dw_pipeline.py
[2026-08-09T07:17:23.257+0000] {processor.py:830} INFO - Processing file /opt/airflow/dags/hospital_dw_pipeline.py for tasks to queue
[2026-08-09T07:17:23.260+0000] {logging_mixin.py:188} INFO - [2026-08-09T07:17:23.260+0000] {dagbag.py:545} INFO - Filling up the DagBag from /opt/airflow/dags/hospital_dw_pipeline.py
[2026-08-09T07:17:23.349+0000] {processor.py:840} INFO - DAG(s) 'hospital_dw_batch_pipeline' retrieved from /opt/airflow/dags/hospital_dw_pipeline.py
[2026-08-09T07:17:23.373+0000] {logging_mixin.py:188} INFO - [2026-08-09T07:17:23.373+0000] {dag.py:3089} INFO - Sync 1 DAGs
[2026-08-09T07:17:23.384+0000] {logging_mixin.py:188} INFO - [2026-08-09T07:17:23.384+0000] {dag.py:3947} INFO - Setting next_dagrun for hospital_dw_batch_pipeline to None, run_after=None
[2026-08-09T07:17:23.402+0000] {processor.py:183} INFO - Processing /opt/airflow/dags/hospital_dw_pipeline.py took 0.152 seconds
[2026-08-09T07:17:53.642+0000] {processor.py:161} INFO - Started process (PID=881) to work on /opt/airflow/dags/hospital_dw_pipeline.py
[2026-08-09T07:17:53.645+0000] {processor.py:830} INFO - Processing file /opt/airflow/dags/hospital_dw_pipeline.py for tasks to queue
[2026-08-09T07:17:53.650+0000] {logging_mixin.py:188} INFO - [2026-08-09T07:17:53.650+0000] {dagbag.py:545} INFO - Filling up the DagBag from /opt/airflow/dags/hospital_dw_pipeline.py
[2026-08-09T07:17:53.774+0000] {processor.py:840} INFO - DAG(s) 'hospital_dw_batch_pipeline' retrieved from /opt/airflow/dags/hospital_dw_pipeline.py
[2026-08-09T07:17:53.797+0000] {logging_mixin.py:188} INFO - [2026-08-09T07:17:53.797+0000] {dag.py:3089} INFO - Sync 1 DAGs
[2026-08-09T07:17:53.806+0000] {logging_mixin.py:188} INFO - [2026-08-09T07:17:53.806+0000] {dag.py:3947} INFO - Setting next_dagrun for hospital_dw_batch_pipeline to None, run_after=None
[2026-08-09T07:17:53.823+0000] {processor.py:183} INFO - Processing /opt/airflow/dags/hospital_dw_pipeline.py took 0.190 seconds
[2026-08-09T07:18:23.911+0000] {processor.py:161} INFO - Started process (PID=886) to work on /opt/airflow/dags/hospital_dw_pipeline.py
[2026-08-09T07:18:23.913+0000] {processor.py:830} INFO - Processing file /opt/airflow/dags/hospital_dw_pipeline.py for tasks to queue
[2026-08-09T07:18:23.917+0000] {logging_mixin.py:188} INFO - [2026-08-09T07:18:23.916+0000] {dagbag.py:545} INFO - Filling up the DagBag from /opt/airflow/dags/hospital_dw_pipeline.py
[2026-08-09T07:18:24.034+0000] {processor.py:840} INFO - DAG(s) 'hospital_dw_batch_pipeline' retrieved from /opt/airflow/dags/hospital_dw_pipeline.py
[2026-08-09T07:18:24.064+0000] {logging_mixin.py:188} INFO - [2026-08-09T07:18:24.064+0000] {dag.py:3089} INFO - Sync 1 DAGs
[2026-08-09T07:18:24.076+0000] {logging_mixin.py:188} INFO - [2026-08-09T07:18:24.076+0000] {dag.py:3947} INFO - Setting next_dagrun for hospital_dw_batch_pipeline to None, run_after=None
[2026-08-09T07:18:24.092+0000] {processor.py:183} INFO - Processing /opt/airflow/dags/hospital_dw_pipeline.py took 0.191 seconds
[2026-08-09T07:18:54.354+0000] {processor.py:161} INFO - Started process (PID=891) to work on /opt/airflow/dags/hospital_dw_pipeline.py
[2026-08-09T07:18:54.356+0000] {processor.py:830} INFO - Processing file /opt/airflow/dags/hospital_dw_pipeline.py for tasks to queue
[2026-08-09T07:18:54.360+0000] {logging_mixin.py:188} INFO - [2026-08-09T07:18:54.359+0000] {dagbag.py:545} INFO - Filling up the DagBag from /opt/airflow/dags/hospital_dw_pipeline.py
[2026-08-09T07:18:54.478+0000] {processor.py:840} INFO - DAG(s) 'hospital_dw_batch_pipeline' retrieved from /opt/airflow/dags/hospital_dw_pipeline.py
[2026-08-09T07:18:54.499+0000] {logging_mixin.py:188} INFO - [2026-08-09T07:18:54.499+0000] {dag.py:3089} INFO - Sync 1 DAGs
[2026-08-09T07:18:54.509+0000] {logging_mixin.py:188} INFO - [2026-08-09T07:18:54.509+0000] {dag.py:3947} INFO - Setting next_dagrun for hospital_dw_batch_pipeline to None, run_after=None
[2026-08-09T07:18:54.539+0000] {processor.py:183} INFO - Processing /opt/airflow/dags/hospital_dw_pipeline.py took 0.195 seconds
[2026-08-09T07:19:24.697+0000] {processor.py:161} INFO - Started process (PID=896) to work on /opt/airflow/dags/hospital_dw_pipeline.py
[2026-08-09T07:19:24.699+0000] {processor.py:830} INFO - Processing file /opt/airflow/dags/hospital_dw_pipeline.py for tasks to queue
[2026-08-09T07:19:24.704+0000] {logging_mixin.py:188} INFO - [2026-08-09T07:19:24.703+0000] {dagbag.py:545} INFO - Filling up the DagBag from /opt/airflow/dags/hospital_dw_pipeline.py
[2026-08-09T07:19:24.807+0000] {processor.py:840} INFO - DAG(s) 'hospital_dw_batch_pipeline' retrieved from /opt/airflow/dags/hospital_dw_pipeline.py
[2026-08-09T07:19:24.839+0000] {logging_mixin.py:188} INFO - [2026-08-09T07:19:24.839+0000] {dag.py:3089} INFO - Sync 1 DAGs
[2026-08-09T07:19:24.851+0000] {logging_mixin.py:188} INFO - [2026-08-09T07:19:24.851+0000] {dag.py:3947} INFO - Setting next_dagrun for hospital_dw_batch_pipeline to None, run_after=None
[2026-08-09T07:19:24.873+0000] {processor.py:183} INFO - Processing /opt/airflow/dags/hospital_dw_pipeline.py took 0.185 seconds
[2026-08-09T07:19:55.085+0000] {processor.py:161} INFO - Started process (PID=901) to work on /opt/airflow/dags/hospital_dw_pipeline.py
[2026-08-09T07:19:55.087+0000] {processor.py:830} INFO - Processing file /opt/airflow/dags/hospital_dw_pipeline.py for tasks to queue
[2026-08-09T07:19:55.091+0000] {logging_mixin.py:188} INFO - [2026-08-09T07:19:55.091+0000] {dagbag.py:545} INFO - Filling up the DagBag from /opt/airflow/dags/hospital_dw_pipeline.py
[2026-08-09T07:19:55.217+0000] {processor.py:840} INFO - DAG(s) 'hospital_dw_batch_pipeline' retrieved from /opt/airflow/dags/hospital_dw_pipeline.py
[2026-08-09T07:19:55.241+0000] {logging_mixin.py:188} INFO - [2026-08-09T07:19:55.240+0000] {dag.py:3089} INFO - Sync 1 DAGs
[2026-08-09T07:19:55.251+0000] {logging_mixin.py:188} INFO - [2026-08-09T07:19:55.251+0000] {dag.py:3947} INFO - Setting next_dagrun for hospital_dw_batch_pipeline to None, run_after=None
[2026-08-09T07:19:55.270+0000] {processor.py:183} INFO - Processing /opt/airflow/dags/hospital_dw_pipeline.py took 0.193 seconds
[2026-08-09T07:20:25.381+0000] {processor.py:161} INFO - Started process (PID=906) to work on /opt/airflow/dags/hospital_dw_pipeline.py
[2026-08-09T07:20:25.382+0000] {processor.py:830} INFO - Processing file /opt/airflow/dags/hospital_dw_pipeline.py for tasks to queue
[2026-08-09T07:20:25.385+0000] {logging_mixin.py:188} INFO - [2026-08-09T07:20:25.385+0000] {dagbag.py:545} INFO - Filling up the DagBag from /opt/airflow/dags/hospital_dw_pipeline.py
[2026-08-09T07:20:25.499+0000] {processor.py:840} INFO - DAG(s) 'hospital_dw_batch_pipeline' retrieved from /opt/airflow/dags/hospital_dw_pipeline.py
[2026-08-09T07:20:25.526+0000] {logging_mixin.py:188} INFO - [2026-08-09T07:20:25.526+0000] {dag.py:3089} INFO - Sync 1 DAGs
[2026-08-09T07:20:25.544+0000] {logging_mixin.py:188} INFO - [2026-08-09T07:20:25.544+0000] {dag.py:3947} INFO - Setting next_dagrun for hospital_dw_batch_pipeline to None, run_after=None
[2026-08-09T07:20:25.573+0000] {processor.py:183} INFO - Processing /opt/airflow/dags/hospital_dw_pipeline.py took 0.201 seconds
[2026-08-09T07:20:55.789+0000] {processor.py:161} INFO - Started process (PID=911) to work on /opt/airflow/dags/hospital_dw_pipeline.py
[2026-08-09T07:20:55.791+0000] {processor.py:830} INFO - Processing file /opt/airflow/dags/hospital_dw_pipeline.py for tasks to queue
[2026-08-09T07:20:55.796+0000] {logging_mixin.py:188} INFO - [2026-08-09T07:20:55.795+0000] {dagbag.py:545} INFO - Filling up the DagBag from /opt/airflow/dags/hospital_dw_pipeline.py
[2026-08-09T07:20:55.912+0000] {processor.py:840} INFO - DAG(s) 'hospital_dw_batch_pipeline' retrieved from /opt/airflow/dags/hospital_dw_pipeline.py
[2026-08-09T07:20:55.966+0000] {logging_mixin.py:188} INFO - [2026-08-09T07:20:55.966+0000] {dag.py:3089} INFO - Sync 1 DAGs
[2026-08-09T07:20:55.984+0000] {logging_mixin.py:188} INFO - [2026-08-09T07:20:55.984+0000] {dag.py:3947} INFO - Setting next_dagrun for hospital_dw_batch_pipeline to None, run_after=None
[2026-08-09T07:20:56.044+0000] {processor.py:183} INFO - Processing /opt/airflow/dags/hospital_dw_pipeline.py took 0.265 seconds
[2026-08-09T07:21:26.339+0000] {processor.py:161} INFO - Started process (PID=916) to work on /opt/airflow/dags/hospital_dw_pipeline.py
[2026-08-09T07:21:26.342+0000] {processor.py:830} INFO - Processing file /opt/airflow/dags/hospital_dw_pipeline.py for tasks to queue
[2026-08-09T07:21:26.346+0000] {logging_mixin.py:188} INFO - [2026-08-09T07:21:26.345+0000] {dagbag.py:545} INFO - Filling up the DagBag from /opt/airflow/dags/hospital_dw_pipeline.py
[2026-08-09T07:21:26.443+0000] {processor.py:840} INFO - DAG(s) 'hospital_dw_batch_pipeline' retrieved from /opt/airflow/dags/hospital_dw_pipeline.py
[2026-08-09T07:21:26.464+0000] {logging_mixin.py:188} INFO - [2026-08-09T07:21:26.464+0000] {dag.py:3089} INFO - Sync 1 DAGs
[2026-08-09T07:21:26.473+0000] {logging_mixin.py:188} INFO - [2026-08-09T07:21:26.473+0000] {dag.py:3947} INFO - Setting next_dagrun for hospital_dw_batch_pipeline to None, run_after=None
[2026-08-09T07:21:26.488+0000] {processor.py:183} INFO - Processing /opt/airflow/dags/hospital_dw_pipeline.py took 0.160 seconds
[2026-08-09T07:21:56.591+0000] {processor.py:161} INFO - Started process (PID=921) to work on /opt/airflow/dags/hospital_dw_pipeline.py
[2026-08-09T07:21:56.593+0000] {processor.py:830} INFO - Processing file /opt/airflow/dags/hospital_dw_pipeline.py for tasks to queue
[2026-08-09T07:21:56.598+0000] {logging_mixin.py:188} INFO - [2026-08-09T07:21:56.597+0000] {dagbag.py:545} INFO - Filling up the DagBag from /opt/airflow/dags/hospital_dw_pipeline.py
[2026-08-09T07:21:56.694+0000] {processor.py:840} INFO - DAG(s) 'hospital_dw_batch_pipeline' retrieved from /opt/airflow/dags/hospital_dw_pipeline.py
[2026-08-09T07:21:56.716+0000] {logging_mixin.py:188} INFO - [2026-08-09T07:21:56.716+0000] {dag.py:3089} INFO - Sync 1 DAGs
[2026-08-09T07:21:56.726+0000] {logging_mixin.py:188} INFO - [2026-08-09T07:21:56.726+0000] {dag.py:3947} INFO - Setting next_dagrun for hospital_dw_batch_pipeline to None, run_after=None
[2026-08-09T07:21:56.749+0000] {processor.py:183} INFO - Processing /opt/airflow/dags/hospital_dw_pipeline.py took 0.167 seconds
[2026-08-09T07:22:26.956+0000] {processor.py:161} INFO - Started process (PID=926) to work on /opt/airflow/dags/hospital_dw_pipeline.py
[2026-08-09T07:22:26.957+0000] {processor.py:830} INFO - Processing file /opt/airflow/dags/hospital_dw_pipeline.py for tasks to queue
[2026-08-09T07:22:26.959+0000] {logging_mixin.py:188} INFO - [2026-08-09T07:22:26.959+0000] {dagbag.py:545} INFO - Filling up the DagBag from /opt/airflow/dags/hospital_dw_pipeline.py
[2026-08-09T07:22:27.044+0000] {processor.py:840} INFO - DAG(s) 'hospital_dw_batch_pipeline' retrieved from /opt/airflow/dags/hospital_dw_pipeline.py
[2026-08-09T07:22:27.081+0000] {logging_mixin.py:188} INFO - [2026-08-09T07:22:27.081+0000] {dag.py:3089} INFO - Sync 1 DAGs
[2026-08-09T07:22:27.095+0000] {logging_mixin.py:188} INFO - [2026-08-09T07:22:27.095+0000] {dag.py:3947} INFO - Setting next_dagrun for hospital_dw_batch_pipeline to None, run_after=None
[2026-08-09T07:22:27.123+0000] {processor.py:183} INFO - Processing /opt/airflow/dags/hospital_dw_pipeline.py took 0.171 seconds
[2026-08-09T07:22:57.273+0000] {processor.py:161} INFO - Started process (PID=931) to work on /opt/airflow/dags/hospital_dw_pipeline.py
[2026-08-09T07:22:57.276+0000] {processor.py:830} INFO - Processing file /opt/airflow/dags/hospital_dw_pipeline.py for tasks to queue
[2026-08-09T07:22:57.281+0000] {logging_mixin.py:188} INFO - [2026-08-09T07:22:57.281+0000] {dagbag.py:545} INFO - Filling up the DagBag from /opt/airflow/dags/hospital_dw_pipeline.py
[2026-08-09T07:22:57.410+0000] {processor.py:840} INFO - DAG(s) 'hospital_dw_batch_pipeline' retrieved from /opt/airflow/dags/hospital_dw_pipeline.py
[2026-08-09T07:22:57.463+0000] {logging_mixin.py:188} INFO - [2026-08-09T07:22:57.463+0000] {dag.py:3089} INFO - Sync 1 DAGs
[2026-08-09T07:22:57.483+0000] {logging_mixin.py:188} INFO - [2026-08-09T07:22:57.483+0000] {dag.py:3947} INFO - Setting next_dagrun for hospital_dw_batch_pipeline to None, run_after=None
[2026-08-09T07:22:57.523+0000] {processor.py:183} INFO - Processing /opt/airflow/dags/hospital_dw_pipeline.py took 0.263 seconds
[2026-08-09T07:23:27.646+0000] {processor.py:161} INFO - Started process (PID=936) to work on /opt/airflow/dags/hospital_dw_pipeline.py
[2026-08-09T07:23:27.648+0000] {processor.py:830} INFO - Processing file /opt/airflow/dags/hospital_dw_pipeline.py for tasks to queue
[2026-08-09T07:23:27.652+0000] {logging_mixin.py:188} INFO - [2026-08-09T07:23:27.652+0000] {dagbag.py:545} INFO - Filling up the DagBag from /opt/airflow/dags/hospital_dw_pipeline.py
[2026-08-09T07:23:27.760+0000] {processor.py:840} INFO - DAG(s) 'hospital_dw_batch_pipeline' retrieved from /opt/airflow/dags/hospital_dw_pipeline.py
[2026-08-09T07:23:27.786+0000] {logging_mixin.py:188} INFO - [2026-08-09T07:23:27.786+0000] {dag.py:3089} INFO - Sync 1 DAGs
[2026-08-09T07:23:27.799+0000] {logging_mixin.py:188} INFO - [2026-08-09T07:23:27.799+0000] {dag.py:3947} INFO - Setting next_dagrun for hospital_dw_batch_pipeline to None, run_after=None
[2026-08-09T07:23:27.828+0000] {processor.py:183} INFO - Processing /opt/airflow/dags/hospital_dw_pipeline.py took 0.192 seconds
[2026-08-09T07:23:58.101+0000] {processor.py:161} INFO - Started process (PID=941) to work on /opt/airflow/dags/hospital_dw_pipeline.py
[2026-08-09T07:23:58.104+0000] {processor.py:830} INFO - Processing file /opt/airflow/dags/hospital_dw_pipeline.py for tasks to queue
[2026-08-09T07:23:58.109+0000] {logging_mixin.py:188} INFO - [2026-08-09T07:23:58.109+0000] {dagbag.py:545} INFO - Filling up the DagBag from /opt/airflow/dags/hospital_dw_pipeline.py
[2026-08-09T07:23:58.244+0000] {processor.py:840} INFO - DAG(s) 'hospital_dw_batch_pipeline' retrieved from /opt/airflow/dags/hospital_dw_pipeline.py
[2026-08-09T07:23:58.273+0000] {logging_mixin.py:188} INFO - [2026-08-09T07:23:58.273+0000] {dag.py:3089} INFO - Sync 1 DAGs
[2026-08-09T07:23:58.288+0000] {logging_mixin.py:188} INFO - [2026-08-09T07:23:58.288+0000] {dag.py:3947} INFO - Setting next_dagrun for hospital_dw_batch_pipeline to None, run_after=None
[2026-08-09T07:23:58.321+0000] {processor.py:183} INFO - Processing /opt/airflow/dags/hospital_dw_pipeline.py took 0.234 seconds
[2026-08-09T07:24:28.469+0000] {processor.py:161} INFO - Started process (PID=946) to work on /opt/airflow/dags/hospital_dw_pipeline.py
[2026-08-09T07:24:28.471+0000] {processor.py:830} INFO - Processing file /opt/airflow/dags/hospital_dw_pipeline.py for tasks to queue
[2026-08-09T07:24:28.473+0000] {logging_mixin.py:188} INFO - [2026-08-09T07:24:28.473+0000] {dagbag.py:545} INFO - Filling up the DagBag from /opt/airflow/dags/hospital_dw_pipeline.py
[2026-08-09T07:24:28.592+0000] {processor.py:840} INFO - DAG(s) 'hospital_dw_batch_pipeline' retrieved from /opt/airflow/dags/hospital_dw_pipeline.py
[2026-08-09T07:24:28.624+0000] {logging_mixin.py:188} INFO - [2026-08-09T07:24:28.624+0000] {dag.py:3089} INFO - Sync 1 DAGs
[2026-08-09T07:24:28.637+0000] {logging_mixin.py:188} INFO - [2026-08-09T07:24:28.636+0000] {dag.py:3947} INFO - Setting next_dagrun for hospital_dw_batch_pipeline to None, run_after=None
[2026-08-09T07:24:28.657+0000] {processor.py:183} INFO - Processing /opt/airflow/dags/hospital_dw_pipeline.py took 0.192 seconds
[2026-08-09T07:24:58.913+0000] {processor.py:161} INFO - Started process (PID=951) to work on /opt/airflow/dags/hospital_dw_pipeline.py
[2026-08-09T07:24:58.915+0000] {processor.py:830} INFO - Processing file /opt/airflow/dags/hospital_dw_pipeline.py for tasks to queue
[2026-08-09T07:24:58.919+0000] {logging_mixin.py:188} INFO - [2026-08-09T07:24:58.918+0000] {dagbag.py:545} INFO - Filling up the DagBag from /opt/airflow/dags/hospital_dw_pipeline.py
[2026-08-09T07:24:59.018+0000] {processor.py:840} INFO - DAG(s) 'hospital_dw_batch_pipeline' retrieved from /opt/airflow/dags/hospital_dw_pipeline.py
[2026-08-09T07:24:59.042+0000] {logging_mixin.py:188} INFO - [2026-08-09T07:24:59.042+0000] {dag.py:3089} INFO - Sync 1 DAGs
[2026-08-09T07:24:59.056+0000] {logging_mixin.py:188} INFO - [2026-08-09T07:24:59.056+0000] {dag.py:3947} INFO - Setting next_dagrun for hospital_dw_batch_pipeline to None, run_after=None
[2026-08-09T07:24:59.086+0000] {processor.py:183} INFO - Processing /opt/airflow/dags/hospital_dw_pipeline.py took 0.183 seconds
[2026-08-09T07:25:29.202+0000] {processor.py:161} INFO - Started process (PID=956) to work on /opt/airflow/dags/hospital_dw_pipeline.py
[2026-08-09T07:25:29.203+0000] {processor.py:830} INFO - Processing file /opt/airflow/dags/hospital_dw_pipeline.py for tasks to queue
[2026-08-09T07:25:29.205+0000] {logging_mixin.py:188} INFO - [2026-08-09T07:25:29.205+0000] {dagbag.py:545} INFO - Filling up the DagBag from /opt/airflow/dags/hospital_dw_pipeline.py
[2026-08-09T07:25:29.289+0000] {processor.py:840} INFO - DAG(s) 'hospital_dw_batch_pipeline' retrieved from /opt/airflow/dags/hospital_dw_pipeline.py
[2026-08-09T07:25:29.325+0000] {logging_mixin.py:188} INFO - [2026-08-09T07:25:29.325+0000] {dag.py:3089} INFO - Sync 1 DAGs
[2026-08-09T07:25:29.337+0000] {logging_mixin.py:188} INFO - [2026-08-09T07:25:29.337+0000] {dag.py:3947} INFO - Setting next_dagrun for hospital_dw_batch_pipeline to None, run_after=None
[2026-08-09T07:25:29.355+0000] {processor.py:183} INFO - Processing /opt/airflow/dags/hospital_dw_pipeline.py took 0.157 seconds
[2026-08-09T07:25:59.598+0000] {processor.py:161} INFO - Started process (PID=961) to work on /opt/airflow/dags/hospital_dw_pipeline.py
[2026-08-09T07:25:59.599+0000] {processor.py:830} INFO - Processing file /opt/airflow/dags/hospital_dw_pipeline.py for tasks to queue
[2026-08-09T07:25:59.603+0000] {logging_mixin.py:188} INFO - [2026-08-09T07:25:59.603+0000] {dagbag.py:545} INFO - Filling up the DagBag from /opt/airflow/dags/hospital_dw_pipeline.py
[2026-08-09T07:25:59.695+0000] {processor.py:840} INFO - DAG(s) 'hospital_dw_batch_pipeline' retrieved from /opt/airflow/dags/hospital_dw_pipeline.py
[2026-08-09T07:25:59.733+0000] {logging_mixin.py:188} INFO - [2026-08-09T07:25:59.733+0000] {dag.py:3089} INFO - Sync 1 DAGs
[2026-08-09T07:25:59.746+0000] {logging_mixin.py:188} INFO - [2026-08-09T07:25:59.746+0000] {dag.py:3947} INFO - Setting next_dagrun for hospital_dw_batch_pipeline to None, run_after=None
[2026-08-09T07:25:59.765+0000] {processor.py:183} INFO - Processing /opt/airflow/dags/hospital_dw_pipeline.py took 0.173 seconds
[2026-08-09T07:26:29.865+0000] {processor.py:161} INFO - Started process (PID=966) to work on /opt/airflow/dags/hospital_dw_pipeline.py
[2026-08-09T07:26:29.867+0000] {processor.py:830} INFO - Processing file /opt/airflow/dags/hospital_dw_pipeline.py for tasks to queue
[2026-08-09T07:26:29.872+0000] {logging_mixin.py:188} INFO - [2026-08-09T07:26:29.872+0000] {dagbag.py:545} INFO - Filling up the DagBag from /opt/airflow/dags/hospital_dw_pipeline.py
[2026-08-09T07:26:29.978+0000] {processor.py:840} INFO - DAG(s) 'hospital_dw_batch_pipeline' retrieved from /opt/airflow/dags/hospital_dw_pipeline.py
[2026-08-09T07:26:30.009+0000] {logging_mixin.py:188} INFO - [2026-08-09T07:26:30.009+0000] {dag.py:3089} INFO - Sync 1 DAGs
[2026-08-09T07:26:30.024+0000] {logging_mixin.py:188} INFO - [2026-08-09T07:26:30.023+0000] {dag.py:3947} INFO - Setting next_dagrun for hospital_dw_batch_pipeline to None, run_after=None
[2026-08-09T07:26:30.044+0000] {processor.py:183} INFO - Processing /opt/airflow/dags/hospital_dw_pipeline.py took 0.190 seconds
[2026-08-09T07:27:00.289+0000] {processor.py:161} INFO - Started process (PID=971) to work on /opt/airflow/dags/hospital_dw_pipeline.py
[2026-08-09T07:27:00.299+0000] {processor.py:830} INFO - Processing file /opt/airflow/dags/hospital_dw_pipeline.py for tasks to queue
[2026-08-09T07:27:00.305+0000] {logging_mixin.py:188} INFO - [2026-08-09T07:27:00.304+0000] {dagbag.py:545} INFO - Filling up the DagBag from /opt/airflow/dags/hospital_dw_pipeline.py
[2026-08-09T07:27:00.443+0000] {processor.py:840} INFO - DAG(s) 'hospital_dw_batch_pipeline' retrieved from /opt/airflow/dags/hospital_dw_pipeline.py
[2026-08-09T07:27:00.473+0000] {logging_mixin.py:188} INFO - [2026-08-09T07:27:00.472+0000] {dag.py:3089} INFO - Sync 1 DAGs
[2026-08-09T07:27:00.495+0000] {logging_mixin.py:188} INFO - [2026-08-09T07:27:00.495+0000] {dag.py:3947} INFO - Setting next_dagrun for hospital_dw_batch_pipeline to None, run_after=None
[2026-08-09T07:27:00.524+0000] {processor.py:183} INFO - Processing /opt/airflow/dags/hospital_dw_pipeline.py took 0.245 seconds
[2026-08-09T07:27:30.839+0000] {processor.py:161} INFO - Started process (PID=976) to work on /opt/airflow/dags/hospital_dw_pipeline.py
[2026-08-09T07:27:30.841+0000] {processor.py:830} INFO - Processing file /opt/airflow/dags/hospital_dw_pipeline.py for tasks to queue
[2026-08-09T07:27:30.846+0000] {logging_mixin.py:188} INFO - [2026-08-09T07:27:30.845+0000] {dagbag.py:545} INFO - Filling up the DagBag from /opt/airflow/dags/hospital_dw_pipeline.py
[2026-08-09T07:27:30.977+0000] {processor.py:840} INFO - DAG(s) 'hospital_dw_batch_pipeline' retrieved from /opt/airflow/dags/hospital_dw_pipeline.py
[2026-08-09T07:27:31.004+0000] {logging_mixin.py:188} INFO - [2026-08-09T07:27:31.003+0000] {dag.py:3089} INFO - Sync 1 DAGs
[2026-08-09T07:27:31.025+0000] {logging_mixin.py:188} INFO - [2026-08-09T07:27:31.025+0000] {dag.py:3947} INFO - Setting next_dagrun for hospital_dw_batch_pipeline to None, run_after=None
[2026-08-09T07:27:31.061+0000] {processor.py:183} INFO - Processing /opt/airflow/dags/hospital_dw_pipeline.py took 0.233 seconds
[2026-08-09T07:28:01.367+0000] {processor.py:161} INFO - Started process (PID=981) to work on /opt/airflow/dags/hospital_dw_pipeline.py
[2026-08-09T07:28:01.370+0000] {processor.py:830} INFO - Processing file /opt/airflow/dags/hospital_dw_pipeline.py for tasks to queue
[2026-08-09T07:28:01.374+0000] {logging_mixin.py:188} INFO - [2026-08-09T07:28:01.373+0000] {dagbag.py:545} INFO - Filling up the DagBag from /opt/airflow/dags/hospital_dw_pipeline.py
[2026-08-09T07:28:01.496+0000] {processor.py:840} INFO - DAG(s) 'hospital_dw_batch_pipeline' retrieved from /opt/airflow/dags/hospital_dw_pipeline.py
[2026-08-09T07:28:01.543+0000] {logging_mixin.py:188} INFO - [2026-08-09T07:28:01.543+0000] {dag.py:3089} INFO - Sync 1 DAGs
[2026-08-09T07:28:01.558+0000] {logging_mixin.py:188} INFO - [2026-08-09T07:28:01.558+0000] {dag.py:3947} INFO - Setting next_dagrun for hospital_dw_batch_pipeline to None, run_after=None
[2026-08-09T07:28:01.585+0000] {processor.py:183} INFO - Processing /opt/airflow/dags/hospital_dw_pipeline.py took 0.229 seconds
[2026-08-09T07:28:31.910+0000] {processor.py:161} INFO - Started process (PID=986) to work on /opt/airflow/dags/hospital_dw_pipeline.py
[2026-08-09T07:28:31.912+0000] {processor.py:830} INFO - Processing file /opt/airflow/dags/hospital_dw_pipeline.py for tasks to queue
[2026-08-09T07:28:31.916+0000] {logging_mixin.py:188} INFO - [2026-08-09T07:28:31.916+0000] {dagbag.py:545} INFO - Filling up the DagBag from /opt/airflow/dags/hospital_dw_pipeline.py
[2026-08-09T07:28:32.050+0000] {processor.py:840} INFO - DAG(s) 'hospital_dw_batch_pipeline' retrieved from /opt/airflow/dags/hospital_dw_pipeline.py
[2026-08-09T07:28:32.088+0000] {logging_mixin.py:188} INFO - [2026-08-09T07:28:32.088+0000] {dag.py:3089} INFO - Sync 1 DAGs
[2026-08-09T07:28:32.100+0000] {logging_mixin.py:188} INFO - [2026-08-09T07:28:32.100+0000] {dag.py:3947} INFO - Setting next_dagrun for hospital_dw_batch_pipeline to None, run_after=None
[2026-08-09T07:28:32.116+0000] {processor.py:183} INFO - Processing /opt/airflow/dags/hospital_dw_pipeline.py took 0.216 seconds
[2026-08-09T07:29:02.398+0000] {processor.py:161} INFO - Started process (PID=991) to work on /opt/airflow/dags/hospital_dw_pipeline.py
[2026-08-09T07:29:02.400+0000] {processor.py:830} INFO - Processing file /opt/airflow/dags/hospital_dw_pipeline.py for tasks to queue
[2026-08-09T07:29:02.403+0000] {logging_mixin.py:188} INFO - [2026-08-09T07:29:02.402+0000] {dagbag.py:545} INFO - Filling up the DagBag from /opt/airflow/dags/hospital_dw_pipeline.py
[2026-08-09T07:29:02.510+0000] {processor.py:840} INFO - DAG(s) 'hospital_dw_batch_pipeline' retrieved from /opt/airflow/dags/hospital_dw_pipeline.py
[2026-08-09T07:29:02.560+0000] {logging_mixin.py:188} INFO - [2026-08-09T07:29:02.560+0000] {dag.py:3089} INFO - Sync 1 DAGs
[2026-08-09T07:29:02.572+0000] {logging_mixin.py:188} INFO - [2026-08-09T07:29:02.572+0000] {dag.py:3947} INFO - Setting next_dagrun for hospital_dw_batch_pipeline to None, run_after=None
[2026-08-09T07:29:02.588+0000] {processor.py:183} INFO - Processing /opt/airflow/dags/hospital_dw_pipeline.py took 0.201 seconds
[2026-08-09T07:29:32.753+0000] {processor.py:161} INFO - Started process (PID=996) to work on /opt/airflow/dags/hospital_dw_pipeline.py
[2026-08-09T07:29:32.755+0000] {processor.py:830} INFO - Processing file /opt/airflow/dags/hospital_dw_pipeline.py for tasks to queue
[2026-08-09T07:29:32.758+0000] {logging_mixin.py:188} INFO - [2026-08-09T07:29:32.758+0000] {dagbag.py:545} INFO - Filling up the DagBag from /opt/airflow/dags/hospital_dw_pipeline.py
[2026-08-09T07:29:32.898+0000] {processor.py:840} INFO - DAG(s) 'hospital_dw_batch_pipeline' retrieved from /opt/airflow/dags/hospital_dw_pipeline.py
[2026-08-09T07:29:32.928+0000] {logging_mixin.py:188} INFO - [2026-08-09T07:29:32.927+0000] {dag.py:3089} INFO - Sync 1 DAGs
[2026-08-09T07:29:32.946+0000] {logging_mixin.py:188} INFO - [2026-08-09T07:29:32.945+0000] {dag.py:3947} INFO - Setting next_dagrun for hospital_dw_batch_pipeline to None, run_after=None
[2026-08-09T07:29:32.984+0000] {processor.py:183} INFO - Processing /opt/airflow/dags/hospital_dw_pipeline.py took 0.240 seconds
[2026-08-09T07:30:03.140+0000] {processor.py:161} INFO - Started process (PID=1001) to work on /opt/airflow/dags/hospital_dw_pipeline.py
[2026-08-09T07:30:03.142+0000] {processor.py:830} INFO - Processing file /opt/airflow/dags/hospital_dw_pipeline.py for tasks to queue
[2026-08-09T07:30:03.146+0000] {logging_mixin.py:188} INFO - [2026-08-09T07:30:03.145+0000] {dagbag.py:545} INFO - Filling up the DagBag from /opt/airflow/dags/hospital_dw_pipeline.py
[2026-08-09T07:30:03.268+0000] {processor.py:840} INFO - DAG(s) 'hospital_dw_batch_pipeline' retrieved from /opt/airflow/dags/hospital_dw_pipeline.py
[2026-08-09T07:30:03.305+0000] {logging_mixin.py:188} INFO - [2026-08-09T07:30:03.305+0000] {dag.py:3089} INFO - Sync 1 DAGs
[2026-08-09T07:30:03.320+0000] {logging_mixin.py:188} INFO - [2026-08-09T07:30:03.319+0000] {dag.py:3947} INFO - Setting next_dagrun for hospital_dw_batch_pipeline to None, run_after=None
[2026-08-09T07:30:03.347+0000] {processor.py:183} INFO - Processing /opt/airflow/dags/hospital_dw_pipeline.py took 0.217 seconds
[2026-08-09T07:30:33.545+0000] {processor.py:161} INFO - Started process (PID=1006) to work on /opt/airflow/dags/hospital_dw_pipeline.py
[2026-08-09T07:30:33.548+0000] {processor.py:830} INFO - Processing file /opt/airflow/dags/hospital_dw_pipeline.py for tasks to queue
[2026-08-09T07:30:33.553+0000] {logging_mixin.py:188} INFO - [2026-08-09T07:30:33.552+0000] {dagbag.py:545} INFO - Filling up the DagBag from /opt/airflow/dags/hospital_dw_pipeline.py
[2026-08-09T07:30:33.645+0000] {processor.py:840} INFO - DAG(s) 'hospital_dw_batch_pipeline' retrieved from /opt/airflow/dags/hospital_dw_pipeline.py
[2026-08-09T07:30:33.671+0000] {logging_mixin.py:188} INFO - [2026-08-09T07:30:33.671+0000] {dag.py:3089} INFO - Sync 1 DAGs
[2026-08-09T07:30:33.685+0000] {logging_mixin.py:188} INFO - [2026-08-09T07:30:33.684+0000] {dag.py:3947} INFO - Setting next_dagrun for hospital_dw_batch_pipeline to None, run_after=None
[2026-08-09T07:30:33.703+0000] {processor.py:183} INFO - Processing /opt/airflow/dags/hospital_dw_pipeline.py took 0.168 seconds
[2026-08-09T07:31:03.878+0000] {processor.py:161} INFO - Started process (PID=1011) to work on /opt/airflow/dags/hospital_dw_pipeline.py
[2026-08-09T07:31:03.879+0000] {processor.py:830} INFO - Processing file /opt/airflow/dags/hospital_dw_pipeline.py for tasks to queue
[2026-08-09T07:31:03.882+0000] {logging_mixin.py:188} INFO - [2026-08-09T07:31:03.881+0000] {dagbag.py:545} INFO - Filling up the DagBag from /opt/airflow/dags/hospital_dw_pipeline.py
[2026-08-09T07:31:03.967+0000] {processor.py:840} INFO - DAG(s) 'hospital_dw_batch_pipeline' retrieved from /opt/airflow/dags/hospital_dw_pipeline.py
[2026-08-09T07:31:03.991+0000] {logging_mixin.py:188} INFO - [2026-08-09T07:31:03.990+0000] {dag.py:3089} INFO - Sync 1 DAGs
[2026-08-09T07:31:04.002+0000] {logging_mixin.py:188} INFO - [2026-08-09T07:31:04.002+0000] {dag.py:3947} INFO - Setting next_dagrun for hospital_dw_batch_pipeline to None, run_after=None
[2026-08-09T07:31:04.020+0000] {processor.py:183} INFO - Processing /opt/airflow/dags/hospital_dw_pipeline.py took 0.152 seconds
[2026-08-09T07:31:34.183+0000] {processor.py:161} INFO - Started process (PID=1016) to work on /opt/airflow/dags/hospital_dw_pipeline.py
[2026-08-09T07:31:34.184+0000] {processor.py:830} INFO - Processing file /opt/airflow/dags/hospital_dw_pipeline.py for tasks to queue
[2026-08-09T07:31:34.186+0000] {logging_mixin.py:188} INFO - [2026-08-09T07:31:34.185+0000] {dagbag.py:545} INFO - Filling up the DagBag from /opt/airflow/dags/hospital_dw_pipeline.py
[2026-08-09T07:31:34.246+0000] {processor.py:840} INFO - DAG(s) 'hospital_dw_batch_pipeline' retrieved from /opt/airflow/dags/hospital_dw_pipeline.py
[2026-08-09T07:31:34.269+0000] {logging_mixin.py:188} INFO - [2026-08-09T07:31:34.269+0000] {dag.py:3089} INFO - Sync 1 DAGs
[2026-08-09T07:31:34.283+0000] {logging_mixin.py:188} INFO - [2026-08-09T07:31:34.283+0000] {dag.py:3947} INFO - Setting next_dagrun for hospital_dw_batch_pipeline to None, run_after=None
[2026-08-09T07:31:34.300+0000] {processor.py:183} INFO - Processing /opt/airflow/dags/hospital_dw_pipeline.py took 0.121 seconds
[2026-08-09T07:32:04.544+0000] {processor.py:161} INFO - Started process (PID=1021) to work on /opt/airflow/dags/hospital_dw_pipeline.py
[2026-08-09T07:32:04.545+0000] {processor.py:830} INFO - Processing file /opt/airflow/dags/hospital_dw_pipeline.py for tasks to queue
[2026-08-09T07:32:04.548+0000] {logging_mixin.py:188} INFO - [2026-08-09T07:32:04.547+0000] {dagbag.py:545} INFO - Filling up the DagBag from /opt/airflow/dags/hospital_dw_pipeline.py
[2026-08-09T07:32:04.654+0000] {processor.py:840} INFO - DAG(s) 'hospital_dw_batch_pipeline' retrieved from /opt/airflow/dags/hospital_dw_pipeline.py
[2026-08-09T07:32:04.683+0000] {logging_mixin.py:188} INFO - [2026-08-09T07:32:04.683+0000] {dag.py:3089} INFO - Sync 1 DAGs
[2026-08-09T07:32:04.698+0000] {logging_mixin.py:188} INFO - [2026-08-09T07:32:04.698+0000] {dag.py:3947} INFO - Setting next_dagrun for hospital_dw_batch_pipeline to None, run_after=None
[2026-08-09T07:32:04.715+0000] {processor.py:183} INFO - Processing /opt/airflow/dags/hospital_dw_pipeline.py took 0.179 seconds
[2026-08-09T07:32:34.833+0000] {processor.py:161} INFO - Started process (PID=1026) to work on /opt/airflow/dags/hospital_dw_pipeline.py
[2026-08-09T07:32:34.835+0000] {processor.py:830} INFO - Processing file /opt/airflow/dags/hospital_dw_pipeline.py for tasks to queue
[2026-08-09T07:32:34.839+0000] {logging_mixin.py:188} INFO - [2026-08-09T07:32:34.838+0000] {dagbag.py:545} INFO - Filling up the DagBag from /opt/airflow/dags/hospital_dw_pipeline.py
[2026-08-09T07:32:34.933+0000] {processor.py:840} INFO - DAG(s) 'hospital_dw_batch_pipeline' retrieved from /opt/airflow/dags/hospital_dw_pipeline.py
[2026-08-09T07:32:34.958+0000] {logging_mixin.py:188} INFO - [2026-08-09T07:32:34.957+0000] {dag.py:3089} INFO - Sync 1 DAGs
[2026-08-09T07:32:34.969+0000] {logging_mixin.py:188} INFO - [2026-08-09T07:32:34.969+0000] {dag.py:3947} INFO - Setting next_dagrun for hospital_dw_batch_pipeline to None, run_after=None
[2026-08-09T07:32:34.983+0000] {processor.py:183} INFO - Processing /opt/airflow/dags/hospital_dw_pipeline.py took 0.158 seconds
[2026-08-09T07:33:05.231+0000] {processor.py:161} INFO - Started process (PID=1031) to work on /opt/airflow/dags/hospital_dw_pipeline.py
[2026-08-09T07:33:05.232+0000] {processor.py:830} INFO - Processing file /opt/airflow/dags/hospital_dw_pipeline.py for tasks to queue
[2026-08-09T07:33:05.235+0000] {logging_mixin.py:188} INFO - [2026-08-09T07:33:05.234+0000] {dagbag.py:545} INFO - Filling up the DagBag from /opt/airflow/dags/hospital_dw_pipeline.py
[2026-08-09T07:33:05.350+0000] {processor.py:840} INFO - DAG(s) 'hospital_dw_batch_pipeline' retrieved from /opt/airflow/dags/hospital_dw_pipeline.py
[2026-08-09T07:33:05.383+0000] {logging_mixin.py:188} INFO - [2026-08-09T07:33:05.383+0000] {dag.py:3089} INFO - Sync 1 DAGs
[2026-08-09T07:33:05.405+0000] {logging_mixin.py:188} INFO - [2026-08-09T07:33:05.404+0000] {dag.py:3947} INFO - Setting next_dagrun for hospital_dw_batch_pipeline to None, run_after=None
[2026-08-09T07:33:05.440+0000] {processor.py:183} INFO - Processing /opt/airflow/dags/hospital_dw_pipeline.py took 0.215 seconds
[2026-08-09T07:33:35.515+0000] {processor.py:161} INFO - Started process (PID=1036) to work on /opt/airflow/dags/hospital_dw_pipeline.py
[2026-08-09T07:33:35.517+0000] {processor.py:830} INFO - Processing file /opt/airflow/dags/hospital_dw_pipeline.py for tasks to queue
[2026-08-09T07:33:35.521+0000] {logging_mixin.py:188} INFO - [2026-08-09T07:33:35.520+0000] {dagbag.py:545} INFO - Filling up the DagBag from /opt/airflow/dags/hospital_dw_pipeline.py
[2026-08-09T07:33:35.633+0000] {processor.py:840} INFO - DAG(s) 'hospital_dw_batch_pipeline' retrieved from /opt/airflow/dags/hospital_dw_pipeline.py
[2026-08-09T07:33:35.660+0000] {logging_mixin.py:188} INFO - [2026-08-09T07:33:35.660+0000] {dag.py:3089} INFO - Sync 1 DAGs
[2026-08-09T07:33:35.672+0000] {logging_mixin.py:188} INFO - [2026-08-09T07:33:35.672+0000] {dag.py:3947} INFO - Setting next_dagrun for hospital_dw_batch_pipeline to None, run_after=None
[2026-08-09T07:33:35.695+0000] {processor.py:183} INFO - Processing /opt/airflow/dags/hospital_dw_pipeline.py took 0.189 seconds
[2026-08-09T07:34:05.958+0000] {processor.py:161} INFO - Started process (PID=1041) to work on /opt/airflow/dags/hospital_dw_pipeline.py
[2026-08-09T07:34:05.960+0000] {processor.py:830} INFO - Processing file /opt/airflow/dags/hospital_dw_pipeline.py for tasks to queue
[2026-08-09T07:34:05.965+0000] {logging_mixin.py:188} INFO - [2026-08-09T07:34:05.964+0000] {dagbag.py:545} INFO - Filling up the DagBag from /opt/airflow/dags/hospital_dw_pipeline.py
[2026-08-09T07:34:06.051+0000] {processor.py:840} INFO - DAG(s) 'hospital_dw_batch_pipeline' retrieved from /opt/airflow/dags/hospital_dw_pipeline.py
[2026-08-09T07:34:06.082+0000] {logging_mixin.py:188} INFO - [2026-08-09T07:34:06.082+0000] {dag.py:3089} INFO - Sync 1 DAGs
[2026-08-09T07:34:06.106+0000] {logging_mixin.py:188} INFO - [2026-08-09T07:34:06.105+0000] {dag.py:3947} INFO - Setting next_dagrun for hospital_dw_batch_pipeline to None, run_after=None
[2026-08-09T07:34:06.131+0000] {processor.py:183} INFO - Processing /opt/airflow/dags/hospital_dw_pipeline.py took 0.182 seconds
[2026-08-09T07:34:36.258+0000] {processor.py:161} INFO - Started process (PID=1046) to work on /opt/airflow/dags/hospital_dw_pipeline.py
[2026-08-09T07:34:36.259+0000] {processor.py:830} INFO - Processing file /opt/airflow/dags/hospital_dw_pipeline.py for tasks to queue
[2026-08-09T07:34:36.262+0000] {logging_mixin.py:188} INFO - [2026-08-09T07:34:36.262+0000] {dagbag.py:545} INFO - Filling up the DagBag from /opt/airflow/dags/hospital_dw_pipeline.py
[2026-08-09T07:34:36.340+0000] {processor.py:840} INFO - DAG(s) 'hospital_dw_batch_pipeline' retrieved from /opt/airflow/dags/hospital_dw_pipeline.py
[2026-08-09T07:34:36.392+0000] {logging_mixin.py:188} INFO - [2026-08-09T07:34:36.391+0000] {dag.py:3089} INFO - Sync 1 DAGs
[2026-08-09T07:34:36.406+0000] {logging_mixin.py:188} INFO - [2026-08-09T07:34:36.406+0000] {dag.py:3947} INFO - Setting next_dagrun for hospital_dw_batch_pipeline to None, run_after=None
[2026-08-09T07:34:36.430+0000] {processor.py:183} INFO - Processing /opt/airflow/dags/hospital_dw_pipeline.py took 0.177 seconds
[2026-08-09T07:35:06.640+0000] {processor.py:161} INFO - Started process (PID=1051) to work on /opt/airflow/dags/hospital_dw_pipeline.py
[2026-08-09T07:35:06.641+0000] {processor.py:830} INFO - Processing file /opt/airflow/dags/hospital_dw_pipeline.py for tasks to queue
[2026-08-09T07:35:06.643+0000] {logging_mixin.py:188} INFO - [2026-08-09T07:35:06.643+0000] {dagbag.py:545} INFO - Filling up the DagBag from /opt/airflow/dags/hospital_dw_pipeline.py
[2026-08-09T07:35:06.708+0000] {processor.py:840} INFO - DAG(s) 'hospital_dw_batch_pipeline' retrieved from /opt/airflow/dags/hospital_dw_pipeline.py
[2026-08-09T07:35:06.732+0000] {logging_mixin.py:188} INFO - [2026-08-09T07:35:06.732+0000] {dag.py:3089} INFO - Sync 1 DAGs
[2026-08-09T07:35:06.743+0000] {logging_mixin.py:188} INFO - [2026-08-09T07:35:06.743+0000] {dag.py:3947} INFO - Setting next_dagrun for hospital_dw_batch_pipeline to None, run_after=None
[2026-08-09T07:35:06.760+0000] {processor.py:183} INFO - Processing /opt/airflow/dags/hospital_dw_pipeline.py took 0.124 seconds
[2026-08-09T07:35:36.989+0000] {processor.py:161} INFO - Started process (PID=1056) to work on /opt/airflow/dags/hospital_dw_pipeline.py
[2026-08-09T07:35:36.992+0000] {processor.py:830} INFO - Processing file /opt/airflow/dags/hospital_dw_pipeline.py for tasks to queue
[2026-08-09T07:35:36.997+0000] {logging_mixin.py:188} INFO - [2026-08-09T07:35:36.996+0000] {dagbag.py:545} INFO - Filling up the DagBag from /opt/airflow/dags/hospital_dw_pipeline.py
[2026-08-09T07:35:37.074+0000] {processor.py:840} INFO - DAG(s) 'hospital_dw_batch_pipeline' retrieved from /opt/airflow/dags/hospital_dw_pipeline.py
[2026-08-09T07:35:37.097+0000] {logging_mixin.py:188} INFO - [2026-08-09T07:35:37.097+0000] {dag.py:3089} INFO - Sync 1 DAGs
[2026-08-09T07:35:37.108+0000] {logging_mixin.py:188} INFO - [2026-08-09T07:35:37.108+0000] {dag.py:3947} INFO - Setting next_dagrun for hospital_dw_batch_pipeline to None, run_after=None
[2026-08-09T07:35:37.123+0000] {processor.py:183} INFO - Processing /opt/airflow/dags/hospital_dw_pipeline.py took 0.145 seconds
[2026-08-09T07:36:07.305+0000] {processor.py:161} INFO - Started process (PID=1061) to work on /opt/airflow/dags/hospital_dw_pipeline.py
[2026-08-09T07:36:07.307+0000] {processor.py:830} INFO - Processing file /opt/airflow/dags/hospital_dw_pipeline.py for tasks to queue
[2026-08-09T07:36:07.310+0000] {logging_mixin.py:188} INFO - [2026-08-09T07:36:07.310+0000] {dagbag.py:545} INFO - Filling up the DagBag from /opt/airflow/dags/hospital_dw_pipeline.py
[2026-08-09T07:36:07.412+0000] {processor.py:840} INFO - DAG(s) 'hospital_dw_batch_pipeline' retrieved from /opt/airflow/dags/hospital_dw_pipeline.py
[2026-08-09T07:36:07.437+0000] {logging_mixin.py:188} INFO - [2026-08-09T07:36:07.437+0000] {dag.py:3089} INFO - Sync 1 DAGs
[2026-08-09T07:36:07.450+0000] {logging_mixin.py:188} INFO - [2026-08-09T07:36:07.449+0000] {dag.py:3947} INFO - Setting next_dagrun for hospital_dw_batch_pipeline to None, run_after=None
[2026-08-09T07:36:07.467+0000] {processor.py:183} INFO - Processing /opt/airflow/dags/hospital_dw_pipeline.py took 0.170 seconds
[2026-08-09T07:36:37.656+0000] {processor.py:161} INFO - Started process (PID=1066) to work on /opt/airflow/dags/hospital_dw_pipeline.py
[2026-08-09T07:36:37.658+0000] {processor.py:830} INFO - Processing file /opt/airflow/dags/hospital_dw_pipeline.py for tasks to queue
[2026-08-09T07:36:37.665+0000] {logging_mixin.py:188} INFO - [2026-08-09T07:36:37.664+0000] {dagbag.py:545} INFO - Filling up the DagBag from /opt/airflow/dags/hospital_dw_pipeline.py
[2026-08-09T07:36:37.780+0000] {processor.py:840} INFO - DAG(s) 'hospital_dw_batch_pipeline' retrieved from /opt/airflow/dags/hospital_dw_pipeline.py
[2026-08-09T07:36:37.807+0000] {logging_mixin.py:188} INFO - [2026-08-09T07:36:37.806+0000] {dag.py:3089} INFO - Sync 1 DAGs
[2026-08-09T07:36:37.823+0000] {logging_mixin.py:188} INFO - [2026-08-09T07:36:37.822+0000] {dag.py:3947} INFO - Setting next_dagrun for hospital_dw_batch_pipeline to None, run_after=None
[2026-08-09T07:36:37.845+0000] {processor.py:183} INFO - Processing /opt/airflow/dags/hospital_dw_pipeline.py took 0.199 seconds
[2026-08-09T07:37:07.985+0000] {processor.py:161} INFO - Started process (PID=1071) to work on /opt/airflow/dags/hospital_dw_pipeline.py
[2026-08-09T07:37:07.987+0000] {processor.py:830} INFO - Processing file /opt/airflow/dags/hospital_dw_pipeline.py for tasks to queue
[2026-08-09T07:37:07.991+0000] {logging_mixin.py:188} INFO - [2026-08-09T07:37:07.991+0000] {dagbag.py:545} INFO - Filling up the DagBag from /opt/airflow/dags/hospital_dw_pipeline.py
[2026-08-09T07:37:08.116+0000] {processor.py:840} INFO - DAG(s) 'hospital_dw_batch_pipeline' retrieved from /opt/airflow/dags/hospital_dw_pipeline.py
[2026-08-09T07:37:08.147+0000] {logging_mixin.py:188} INFO - [2026-08-09T07:37:08.146+0000] {dag.py:3089} INFO - Sync 1 DAGs
[2026-08-09T07:37:08.161+0000] {logging_mixin.py:188} INFO - [2026-08-09T07:37:08.160+0000] {dag.py:3947} INFO - Setting next_dagrun for hospital_dw_batch_pipeline to None, run_after=None
[2026-08-09T07:37:08.184+0000] {processor.py:183} INFO - Processing /opt/airflow/dags/hospital_dw_pipeline.py took 0.209 seconds
[2026-08-09T07:37:38.360+0000] {processor.py:161} INFO - Started process (PID=1076) to work on /opt/airflow/dags/hospital_dw_pipeline.py
[2026-08-09T07:37:38.362+0000] {processor.py:830} INFO - Processing file /opt/airflow/dags/hospital_dw_pipeline.py for tasks to queue
[2026-08-09T07:37:38.365+0000] {logging_mixin.py:188} INFO - [2026-08-09T07:37:38.365+0000] {dagbag.py:545} INFO - Filling up the DagBag from /opt/airflow/dags/hospital_dw_pipeline.py
[2026-08-09T07:37:38.485+0000] {processor.py:840} INFO - DAG(s) 'hospital_dw_batch_pipeline' retrieved from /opt/airflow/dags/hospital_dw_pipeline.py
[2026-08-09T07:37:38.510+0000] {logging_mixin.py:188} INFO - [2026-08-09T07:37:38.510+0000] {dag.py:3089} INFO - Sync 1 DAGs
[2026-08-09T07:37:38.522+0000] {logging_mixin.py:188} INFO - [2026-08-09T07:37:38.522+0000] {dag.py:3947} INFO - Setting next_dagrun for hospital_dw_batch_pipeline to None, run_after=None
[2026-08-09T07:37:38.540+0000] {processor.py:183} INFO - Processing /opt/airflow/dags/hospital_dw_pipeline.py took 0.188 seconds
[2026-08-09T07:38:08.662+0000] {processor.py:161} INFO - Started process (PID=1081) to work on /opt/airflow/dags/hospital_dw_pipeline.py
[2026-08-09T07:38:08.663+0000] {processor.py:830} INFO - Processing file /opt/airflow/dags/hospital_dw_pipeline.py for tasks to queue
[2026-08-09T07:38:08.665+0000] {logging_mixin.py:188} INFO - [2026-08-09T07:38:08.665+0000] {dagbag.py:545} INFO - Filling up the DagBag from /opt/airflow/dags/hospital_dw_pipeline.py
[2026-08-09T07:38:08.735+0000] {processor.py:840} INFO - DAG(s) 'hospital_dw_batch_pipeline' retrieved from /opt/airflow/dags/hospital_dw_pipeline.py
[2026-08-09T07:38:08.761+0000] {logging_mixin.py:188} INFO - [2026-08-09T07:38:08.761+0000] {dag.py:3089} INFO - Sync 1 DAGs
[2026-08-09T07:38:08.774+0000] {logging_mixin.py:188} INFO - [2026-08-09T07:38:08.773+0000] {dag.py:3947} INFO - Setting next_dagrun for hospital_dw_batch_pipeline to None, run_after=None
[2026-08-09T07:38:08.800+0000] {processor.py:183} INFO - Processing /opt/airflow/dags/hospital_dw_pipeline.py took 0.143 seconds
[2026-08-09T07:38:39.064+0000] {processor.py:161} INFO - Started process (PID=1086) to work on /opt/airflow/dags/hospital_dw_pipeline.py
[2026-08-09T07:38:39.065+0000] {processor.py:830} INFO - Processing file /opt/airflow/dags/hospital_dw_pipeline.py for tasks to queue
[2026-08-09T07:38:39.068+0000] {logging_mixin.py:188} INFO - [2026-08-09T07:38:39.068+0000] {dagbag.py:545} INFO - Filling up the DagBag from /opt/airflow/dags/hospital_dw_pipeline.py
[2026-08-09T07:38:39.170+0000] {processor.py:840} INFO - DAG(s) 'hospital_dw_batch_pipeline' retrieved from /opt/airflow/dags/hospital_dw_pipeline.py
[2026-08-09T07:38:39.195+0000] {logging_mixin.py:188} INFO - [2026-08-09T07:38:39.195+0000] {dag.py:3089} INFO - Sync 1 DAGs
[2026-08-09T07:38:39.206+0000] {logging_mixin.py:188} INFO - [2026-08-09T07:38:39.206+0000] {dag.py:3947} INFO - Setting next_dagrun for hospital_dw_batch_pipeline to None, run_after=None
[2026-08-09T07:38:39.222+0000] {processor.py:183} INFO - Processing /opt/airflow/dags/hospital_dw_pipeline.py took 0.165 seconds
[2026-08-09T07:39:09.348+0000] {processor.py:161} INFO - Started process (PID=1091) to work on /opt/airflow/dags/hospital_dw_pipeline.py
[2026-08-09T07:39:09.353+0000] {processor.py:830} INFO - Processing file /opt/airflow/dags/hospital_dw_pipeline.py for tasks to queue
[2026-08-09T07:39:09.359+0000] {logging_mixin.py:188} INFO - [2026-08-09T07:39:09.358+0000] {dagbag.py:545} INFO - Filling up the DagBag from /opt/airflow/dags/hospital_dw_pipeline.py
[2026-08-09T07:39:09.464+0000] {processor.py:840} INFO - DAG(s) 'hospital_dw_batch_pipeline' retrieved from /opt/airflow/dags/hospital_dw_pipeline.py
[2026-08-09T07:39:09.507+0000] {logging_mixin.py:188} INFO - [2026-08-09T07:39:09.507+0000] {dag.py:3089} INFO - Sync 1 DAGs
[2026-08-09T07:39:09.530+0000] {logging_mixin.py:188} INFO - [2026-08-09T07:39:09.529+0000] {dag.py:3947} INFO - Setting next_dagrun for hospital_dw_batch_pipeline to None, run_after=None
[2026-08-09T07:39:09.562+0000] {processor.py:183} INFO - Processing /opt/airflow/dags/hospital_dw_pipeline.py took 0.228 seconds
[2026-08-09T07:39:39.793+0000] {processor.py:161} INFO - Started process (PID=1096) to work on /opt/airflow/dags/hospital_dw_pipeline.py
[2026-08-09T07:39:39.794+0000] {processor.py:830} INFO - Processing file /opt/airflow/dags/hospital_dw_pipeline.py for tasks to queue
[2026-08-09T07:39:39.797+0000] {logging_mixin.py:188} INFO - [2026-08-09T07:39:39.796+0000] {dagbag.py:545} INFO - Filling up the DagBag from /opt/airflow/dags/hospital_dw_pipeline.py
[2026-08-09T07:39:39.923+0000] {processor.py:840} INFO - DAG(s) 'hospital_dw_batch_pipeline' retrieved from /opt/airflow/dags/hospital_dw_pipeline.py
[2026-08-09T07:39:39.968+0000] {logging_mixin.py:188} INFO - [2026-08-09T07:39:39.968+0000] {dag.py:3089} INFO - Sync 1 DAGs
[2026-08-09T07:39:39.993+0000] {logging_mixin.py:188} INFO - [2026-08-09T07:39:39.992+0000] {dag.py:3947} INFO - Setting next_dagrun for hospital_dw_batch_pipeline to None, run_after=None
[2026-08-09T07:39:40.028+0000] {processor.py:183} INFO - Processing /opt/airflow/dags/hospital_dw_pipeline.py took 0.243 seconds
[2026-08-09T07:40:10.100+0000] {processor.py:161} INFO - Started process (PID=1101) to work on /opt/airflow/dags/hospital_dw_pipeline.py
[2026-08-09T07:40:10.101+0000] {processor.py:830} INFO - Processing file /opt/airflow/dags/hospital_dw_pipeline.py for tasks to queue
[2026-08-09T07:40:10.103+0000] {logging_mixin.py:188} INFO - [2026-08-09T07:40:10.103+0000] {dagbag.py:545} INFO - Filling up the DagBag from /opt/airflow/dags/hospital_dw_pipeline.py
[2026-08-09T07:40:10.165+0000] {processor.py:840} INFO - DAG(s) 'hospital_dw_batch_pipeline' retrieved from /opt/airflow/dags/hospital_dw_pipeline.py
[2026-08-09T07:40:10.187+0000] {logging_mixin.py:188} INFO - [2026-08-09T07:40:10.187+0000] {dag.py:3089} INFO - Sync 1 DAGs
[2026-08-09T07:40:10.198+0000] {logging_mixin.py:188} INFO - [2026-08-09T07:40:10.198+0000] {dag.py:3947} INFO - Setting next_dagrun for hospital_dw_batch_pipeline to None, run_after=None
[2026-08-09T07:40:10.220+0000] {processor.py:183} INFO - Processing /opt/airflow/dags/hospital_dw_pipeline.py took 0.128 seconds
[2026-08-09T07:40:40.327+0000] {processor.py:161} INFO - Started process (PID=1106) to work on /opt/airflow/dags/hospital_dw_pipeline.py
[2026-08-09T07:40:40.328+0000] {processor.py:830} INFO - Processing file /opt/airflow/dags/hospital_dw_pipeline.py for tasks to queue
[2026-08-09T07:40:40.330+0000] {logging_mixin.py:188} INFO - [2026-08-09T07:40:40.330+0000] {dagbag.py:545} INFO - Filling up the DagBag from /opt/airflow/dags/hospital_dw_pipeline.py
[2026-08-09T07:40:40.400+0000] {processor.py:840} INFO - DAG(s) 'hospital_dw_batch_pipeline' retrieved from /opt/airflow/dags/hospital_dw_pipeline.py
[2026-08-09T07:40:40.425+0000] {logging_mixin.py:188} INFO - [2026-08-09T07:40:40.424+0000] {dag.py:3089} INFO - Sync 1 DAGs
[2026-08-09T07:40:40.435+0000] {logging_mixin.py:188} INFO - [2026-08-09T07:40:40.435+0000] {dag.py:3947} INFO - Setting next_dagrun for hospital_dw_batch_pipeline to None, run_after=None
[2026-08-09T07:40:40.450+0000] {processor.py:183} INFO - Processing /opt/airflow/dags/hospital_dw_pipeline.py took 0.127 seconds
[2026-08-09T07:41:10.625+0000] {processor.py:161} INFO - Started process (PID=1111) to work on /opt/airflow/dags/hospital_dw_pipeline.py
[2026-08-09T07:41:10.627+0000] {processor.py:830} INFO - Processing file /opt/airflow/dags/hospital_dw_pipeline.py for tasks to queue
[2026-08-09T07:41:10.633+0000] {logging_mixin.py:188} INFO - [2026-08-09T07:41:10.632+0000] {dagbag.py:545} INFO - Filling up the DagBag from /opt/airflow/dags/hospital_dw_pipeline.py
[2026-08-09T07:41:10.730+0000] {processor.py:840} INFO - DAG(s) 'hospital_dw_batch_pipeline' retrieved from /opt/airflow/dags/hospital_dw_pipeline.py
[2026-08-09T07:41:10.763+0000] {logging_mixin.py:188} INFO - [2026-08-09T07:41:10.762+0000] {dag.py:3089} INFO - Sync 1 DAGs
[2026-08-09T07:41:10.783+0000] {logging_mixin.py:188} INFO - [2026-08-09T07:41:10.783+0000] {dag.py:3947} INFO - Setting next_dagrun for hospital_dw_batch_pipeline to None, run_after=None
[2026-08-09T07:41:10.815+0000] {processor.py:183} INFO - Processing /opt/airflow/dags/hospital_dw_pipeline.py took 0.202 seconds
[2026-08-09T07:41:40.994+0000] {processor.py:161} INFO - Started process (PID=1116) to work on /opt/airflow/dags/hospital_dw_pipeline.py
[2026-08-09T07:41:40.997+0000] {processor.py:830} INFO - Processing file /opt/airflow/dags/hospital_dw_pipeline.py for tasks to queue
[2026-08-09T07:41:41.003+0000] {logging_mixin.py:188} INFO - [2026-08-09T07:41:41.002+0000] {dagbag.py:545} INFO - Filling up the DagBag from /opt/airflow/dags/hospital_dw_pipeline.py
[2026-08-09T07:41:41.132+0000] {processor.py:840} INFO - DAG(s) 'hospital_dw_batch_pipeline' retrieved from /opt/airflow/dags/hospital_dw_pipeline.py
[2026-08-09T07:41:41.167+0000] {logging_mixin.py:188} INFO - [2026-08-09T07:41:41.167+0000] {dag.py:3089} INFO - Sync 1 DAGs
[2026-08-09T07:41:41.181+0000] {logging_mixin.py:188} INFO - [2026-08-09T07:41:41.181+0000] {dag.py:3947} INFO - Setting next_dagrun for hospital_dw_batch_pipeline to None, run_after=None
[2026-08-09T07:41:41.216+0000] {processor.py:183} INFO - Processing /opt/airflow/dags/hospital_dw_pipeline.py took 0.233 seconds
[2026-08-09T07:42:11.351+0000] {processor.py:161} INFO - Started process (PID=1121) to work on /opt/airflow/dags/hospital_dw_pipeline.py
[2026-08-09T07:42:11.352+0000] {processor.py:830} INFO - Processing file /opt/airflow/dags/hospital_dw_pipeline.py for tasks to queue
[2026-08-09T07:42:11.355+0000] {logging_mixin.py:188} INFO - [2026-08-09T07:42:11.354+0000] {dagbag.py:545} INFO - Filling up the DagBag from /opt/airflow/dags/hospital_dw_pipeline.py
[2026-08-09T07:42:11.432+0000] {processor.py:840} INFO - DAG(s) 'hospital_dw_batch_pipeline' retrieved from /opt/airflow/dags/hospital_dw_pipeline.py
[2026-08-09T07:42:11.457+0000] {logging_mixin.py:188} INFO - [2026-08-09T07:42:11.456+0000] {dag.py:3089} INFO - Sync 1 DAGs
[2026-08-09T07:42:11.468+0000] {logging_mixin.py:188} INFO - [2026-08-09T07:42:11.468+0000] {dag.py:3947} INFO - Setting next_dagrun for hospital_dw_batch_pipeline to None, run_after=None
[2026-08-09T07:42:11.485+0000] {processor.py:183} INFO - Processing /opt/airflow/dags/hospital_dw_pipeline.py took 0.139 seconds
[2026-08-09T07:42:41.750+0000] {processor.py:161} INFO - Started process (PID=1126) to work on /opt/airflow/dags/hospital_dw_pipeline.py
[2026-08-09T07:42:41.752+0000] {processor.py:830} INFO - Processing file /opt/airflow/dags/hospital_dw_pipeline.py for tasks to queue
[2026-08-09T07:42:41.755+0000] {logging_mixin.py:188} INFO - [2026-08-09T07:42:41.754+0000] {dagbag.py:545} INFO - Filling up the DagBag from /opt/airflow/dags/hospital_dw_pipeline.py
[2026-08-09T07:42:41.864+0000] {processor.py:840} INFO - DAG(s) 'hospital_dw_batch_pipeline' retrieved from /opt/airflow/dags/hospital_dw_pipeline.py
[2026-08-09T07:42:41.893+0000] {logging_mixin.py:188} INFO - [2026-08-09T07:42:41.893+0000] {dag.py:3089} INFO - Sync 1 DAGs
[2026-08-09T07:42:41.903+0000] {logging_mixin.py:188} INFO - [2026-08-09T07:42:41.903+0000] {dag.py:3947} INFO - Setting next_dagrun for hospital_dw_batch_pipeline to None, run_after=None
[2026-08-09T07:42:41.924+0000] {processor.py:183} INFO - Processing /opt/airflow/dags/hospital_dw_pipeline.py took 0.184 seconds
[2026-08-09T07:43:12.017+0000] {processor.py:161} INFO - Started process (PID=1131) to work on /opt/airflow/dags/hospital_dw_pipeline.py
[2026-08-09T07:43:12.020+0000] {processor.py:830} INFO - Processing file /opt/airflow/dags/hospital_dw_pipeline.py for tasks to queue
[2026-08-09T07:43:12.025+0000] {logging_mixin.py:188} INFO - [2026-08-09T07:43:12.024+0000] {dagbag.py:545} INFO - Filling up the DagBag from /opt/airflow/dags/hospital_dw_pipeline.py
[2026-08-09T07:43:12.115+0000] {processor.py:840} INFO - DAG(s) 'hospital_dw_batch_pipeline' retrieved from /opt/airflow/dags/hospital_dw_pipeline.py
[2026-08-09T07:43:12.136+0000] {logging_mixin.py:188} INFO - [2026-08-09T07:43:12.136+0000] {dag.py:3089} INFO - Sync 1 DAGs
[2026-08-09T07:43:12.147+0000] {logging_mixin.py:188} INFO - [2026-08-09T07:43:12.147+0000] {dag.py:3947} INFO - Setting next_dagrun for hospital_dw_batch_pipeline to None, run_after=None
[2026-08-09T07:43:12.162+0000] {processor.py:183} INFO - Processing /opt/airflow/dags/hospital_dw_pipeline.py took 0.154 seconds
[2026-08-09T07:43:42.442+0000] {processor.py:161} INFO - Started process (PID=1136) to work on /opt/airflow/dags/hospital_dw_pipeline.py
[2026-08-09T07:43:42.443+0000] {processor.py:830} INFO - Processing file /opt/airflow/dags/hospital_dw_pipeline.py for tasks to queue
[2026-08-09T07:43:42.446+0000] {logging_mixin.py:188} INFO - [2026-08-09T07:43:42.446+0000] {dagbag.py:545} INFO - Filling up the DagBag from /opt/airflow/dags/hospital_dw_pipeline.py
[2026-08-09T07:43:42.520+0000] {processor.py:840} INFO - DAG(s) 'hospital_dw_batch_pipeline' retrieved from /opt/airflow/dags/hospital_dw_pipeline.py
[2026-08-09T07:43:42.543+0000] {logging_mixin.py:188} INFO - [2026-08-09T07:43:42.543+0000] {dag.py:3089} INFO - Sync 1 DAGs
[2026-08-09T07:43:42.553+0000] {logging_mixin.py:188} INFO - [2026-08-09T07:43:42.553+0000] {dag.py:3947} INFO - Setting next_dagrun for hospital_dw_batch_pipeline to None, run_after=None
[2026-08-09T07:43:42.573+0000] {processor.py:183} INFO - Processing /opt/airflow/dags/hospital_dw_pipeline.py took 0.137 seconds
[2026-08-09T07:44:12.771+0000] {processor.py:161} INFO - Started process (PID=1141) to work on /opt/airflow/dags/hospital_dw_pipeline.py
[2026-08-09T07:44:12.772+0000] {processor.py:830} INFO - Processing file /opt/airflow/dags/hospital_dw_pipeline.py for tasks to queue
[2026-08-09T07:44:12.776+0000] {logging_mixin.py:188} INFO - [2026-08-09T07:44:12.776+0000] {dagbag.py:545} INFO - Filling up the DagBag from /opt/airflow/dags/hospital_dw_pipeline.py
[2026-08-09T07:44:12.893+0000] {processor.py:840} INFO - DAG(s) 'hospital_dw_batch_pipeline' retrieved from /opt/airflow/dags/hospital_dw_pipeline.py
[2026-08-09T07:44:12.935+0000] {logging_mixin.py:188} INFO - [2026-08-09T07:44:12.935+0000] {dag.py:3089} INFO - Sync 1 DAGs
[2026-08-09T07:44:12.948+0000] {logging_mixin.py:188} INFO - [2026-08-09T07:44:12.948+0000] {dag.py:3947} INFO - Setting next_dagrun for hospital_dw_batch_pipeline to None, run_after=None
[2026-08-09T07:44:12.967+0000] {processor.py:183} INFO - Processing /opt/airflow/dags/hospital_dw_pipeline.py took 0.208 seconds
[2026-08-09T07:44:43.123+0000] {processor.py:161} INFO - Started process (PID=1146) to work on /opt/airflow/dags/hospital_dw_pipeline.py
[2026-08-09T07:44:43.124+0000] {processor.py:830} INFO - Processing file /opt/airflow/dags/hospital_dw_pipeline.py for tasks to queue
[2026-08-09T07:44:43.126+0000] {logging_mixin.py:188} INFO - [2026-08-09T07:44:43.126+0000] {dagbag.py:545} INFO - Filling up the DagBag from /opt/airflow/dags/hospital_dw_pipeline.py
[2026-08-09T07:44:43.223+0000] {processor.py:840} INFO - DAG(s) 'hospital_dw_batch_pipeline' retrieved from /opt/airflow/dags/hospital_dw_pipeline.py
[2026-08-09T07:44:43.248+0000] {logging_mixin.py:188} INFO - [2026-08-09T07:44:43.248+0000] {dag.py:3089} INFO - Sync 1 DAGs
[2026-08-09T07:44:43.257+0000] {logging_mixin.py:188} INFO - [2026-08-09T07:44:43.257+0000] {dag.py:3947} INFO - Setting next_dagrun for hospital_dw_batch_pipeline to None, run_after=None
[2026-08-09T07:44:43.271+0000] {processor.py:183} INFO - Processing /opt/airflow/dags/hospital_dw_pipeline.py took 0.153 seconds
[2026-08-09T07:54:25.530+0000] {processor.py:161} INFO - Started process (PID=265) to work on /opt/airflow/dags/hospital_dw_pipeline.py
[2026-08-09T07:54:25.540+0000] {processor.py:830} INFO - Processing file /opt/airflow/dags/hospital_dw_pipeline.py for tasks to queue
[2026-08-09T07:54:25.563+0000] {logging_mixin.py:188} INFO - [2026-08-09T07:54:25.560+0000] {dagbag.py:545} INFO - Filling up the DagBag from /opt/airflow/dags/hospital_dw_pipeline.py
[2026-08-09T07:54:25.774+0000] {processor.py:840} INFO - DAG(s) 'hospital_dw_batch_pipeline' retrieved from /opt/airflow/dags/hospital_dw_pipeline.py
[2026-08-09T07:54:25.814+0000] {logging_mixin.py:188} INFO - [2026-08-09T07:54:25.814+0000] {dag.py:3089} INFO - Sync 1 DAGs
[2026-08-09T07:54:25.866+0000] {logging_mixin.py:188} INFO - [2026-08-09T07:54:25.866+0000] {dag.py:3947} INFO - Setting next_dagrun for hospital_dw_batch_pipeline to None, run_after=None
[2026-08-09T07:54:25.912+0000] {processor.py:183} INFO - Processing /opt/airflow/dags/hospital_dw_pipeline.py took 0.423 seconds
[2026-08-09T07:54:56.106+0000] {processor.py:161} INFO - Started process (PID=301) to work on /opt/airflow/dags/hospital_dw_pipeline.py
[2026-08-09T07:54:56.108+0000] {processor.py:830} INFO - Processing file /opt/airflow/dags/hospital_dw_pipeline.py for tasks to queue
[2026-08-09T07:54:56.116+0000] {logging_mixin.py:188} INFO - [2026-08-09T07:54:56.115+0000] {dagbag.py:545} INFO - Filling up the DagBag from /opt/airflow/dags/hospital_dw_pipeline.py
[2026-08-09T07:54:56.275+0000] {processor.py:840} INFO - DAG(s) 'hospital_dw_batch_pipeline' retrieved from /opt/airflow/dags/hospital_dw_pipeline.py
[2026-08-09T07:54:56.385+0000] {logging_mixin.py:188} INFO - [2026-08-09T07:54:56.384+0000] {dag.py:3089} INFO - Sync 1 DAGs
[2026-08-09T07:54:56.397+0000] {logging_mixin.py:188} INFO - [2026-08-09T07:54:56.396+0000] {dag.py:3947} INFO - Setting next_dagrun for hospital_dw_batch_pipeline to None, run_after=None
[2026-08-09T07:54:56.420+0000] {processor.py:183} INFO - Processing /opt/airflow/dags/hospital_dw_pipeline.py took 0.319 seconds
[2026-08-09T07:55:26.611+0000] {processor.py:161} INFO - Started process (PID=306) to work on /opt/airflow/dags/hospital_dw_pipeline.py
[2026-08-09T07:55:26.612+0000] {processor.py:830} INFO - Processing file /opt/airflow/dags/hospital_dw_pipeline.py for tasks to queue
[2026-08-09T07:55:26.615+0000] {logging_mixin.py:188} INFO - [2026-08-09T07:55:26.614+0000] {dagbag.py:545} INFO - Filling up the DagBag from /opt/airflow/dags/hospital_dw_pipeline.py
[2026-08-09T07:55:26.697+0000] {processor.py:840} INFO - DAG(s) 'hospital_dw_batch_pipeline' retrieved from /opt/airflow/dags/hospital_dw_pipeline.py
[2026-08-09T07:55:26.724+0000] {logging_mixin.py:188} INFO - [2026-08-09T07:55:26.724+0000] {dag.py:3089} INFO - Sync 1 DAGs
[2026-08-09T07:55:26.736+0000] {logging_mixin.py:188} INFO - [2026-08-09T07:55:26.736+0000] {dag.py:3947} INFO - Setting next_dagrun for hospital_dw_batch_pipeline to None, run_after=None
[2026-08-09T07:55:26.753+0000] {processor.py:183} INFO - Processing /opt/airflow/dags/hospital_dw_pipeline.py took 0.147 seconds
[2026-08-09T07:55:56.835+0000] {processor.py:161} INFO - Started process (PID=311) to work on /opt/airflow/dags/hospital_dw_pipeline.py
[2026-08-09T07:55:56.837+0000] {processor.py:830} INFO - Processing file /opt/airflow/dags/hospital_dw_pipeline.py for tasks to queue
[2026-08-09T07:55:56.840+0000] {logging_mixin.py:188} INFO - [2026-08-09T07:55:56.839+0000] {dagbag.py:545} INFO - Filling up the DagBag from /opt/airflow/dags/hospital_dw_pipeline.py
[2026-08-09T07:55:56.931+0000] {processor.py:840} INFO - DAG(s) 'hospital_dw_batch_pipeline' retrieved from /opt/airflow/dags/hospital_dw_pipeline.py
[2026-08-09T07:55:56.954+0000] {logging_mixin.py:188} INFO - [2026-08-09T07:55:56.954+0000] {dag.py:3089} INFO - Sync 1 DAGs
[2026-08-09T07:55:56.965+0000] {logging_mixin.py:188} INFO - [2026-08-09T07:55:56.965+0000] {dag.py:3947} INFO - Setting next_dagrun for hospital_dw_batch_pipeline to None, run_after=None
[2026-08-09T07:55:56.984+0000] {processor.py:183} INFO - Processing /opt/airflow/dags/hospital_dw_pipeline.py took 0.158 seconds
[2026-08-09T07:56:27.194+0000] {processor.py:161} INFO - Started process (PID=316) to work on /opt/airflow/dags/hospital_dw_pipeline.py
[2026-08-09T07:56:27.196+0000] {processor.py:830} INFO - Processing file /opt/airflow/dags/hospital_dw_pipeline.py for tasks to queue
[2026-08-09T07:56:27.200+0000] {logging_mixin.py:188} INFO - [2026-08-09T07:56:27.200+0000] {dagbag.py:545} INFO - Filling up the DagBag from /opt/airflow/dags/hospital_dw_pipeline.py
[2026-08-09T07:56:27.301+0000] {processor.py:840} INFO - DAG(s) 'hospital_dw_batch_pipeline' retrieved from /opt/airflow/dags/hospital_dw_pipeline.py
[2026-08-09T07:56:27.327+0000] {logging_mixin.py:188} INFO - [2026-08-09T07:56:27.327+0000] {dag.py:3089} INFO - Sync 1 DAGs
[2026-08-09T07:56:27.338+0000] {logging_mixin.py:188} INFO - [2026-08-09T07:56:27.338+0000] {dag.py:3947} INFO - Setting next_dagrun for hospital_dw_batch_pipeline to None, run_after=None
[2026-08-09T07:56:27.355+0000] {processor.py:183} INFO - Processing /opt/airflow/dags/hospital_dw_pipeline.py took 0.168 seconds
[2026-08-09T07:56:57.445+0000] {processor.py:161} INFO - Started process (PID=321) to work on /opt/airflow/dags/hospital_dw_pipeline.py
[2026-08-09T07:56:57.447+0000] {processor.py:830} INFO - Processing file /opt/airflow/dags/hospital_dw_pipeline.py for tasks to queue
[2026-08-09T07:56:57.450+0000] {logging_mixin.py:188} INFO - [2026-08-09T07:56:57.450+0000] {dagbag.py:545} INFO - Filling up the DagBag from /opt/airflow/dags/hospital_dw_pipeline.py
[2026-08-09T07:56:57.538+0000] {processor.py:840} INFO - DAG(s) 'hospital_dw_batch_pipeline' retrieved from /opt/airflow/dags/hospital_dw_pipeline.py
[2026-08-09T07:56:57.563+0000] {logging_mixin.py:188} INFO - [2026-08-09T07:56:57.563+0000] {dag.py:3089} INFO - Sync 1 DAGs
[2026-08-09T07:56:57.575+0000] {logging_mixin.py:188} INFO - [2026-08-09T07:56:57.575+0000] {dag.py:3947} INFO - Setting next_dagrun for hospital_dw_batch_pipeline to None, run_after=None
[2026-08-09T07:56:57.590+0000] {processor.py:183} INFO - Processing /opt/airflow/dags/hospital_dw_pipeline.py took 0.153 seconds
[2026-08-09T07:57:27.782+0000] {processor.py:161} INFO - Started process (PID=326) to work on /opt/airflow/dags/hospital_dw_pipeline.py
[2026-08-09T07:57:27.784+0000] {processor.py:830} INFO - Processing file /opt/airflow/dags/hospital_dw_pipeline.py for tasks to queue
[2026-08-09T07:57:27.789+0000] {logging_mixin.py:188} INFO - [2026-08-09T07:57:27.789+0000] {dagbag.py:545} INFO - Filling up the DagBag from /opt/airflow/dags/hospital_dw_pipeline.py
[2026-08-09T07:57:27.924+0000] {processor.py:840} INFO - DAG(s) 'hospital_dw_batch_pipeline' retrieved from /opt/airflow/dags/hospital_dw_pipeline.py
[2026-08-09T07:57:27.960+0000] {logging_mixin.py:188} INFO - [2026-08-09T07:57:27.960+0000] {dag.py:3089} INFO - Sync 1 DAGs
[2026-08-09T07:57:27.974+0000] {logging_mixin.py:188} INFO - [2026-08-09T07:57:27.973+0000] {dag.py:3947} INFO - Setting next_dagrun for hospital_dw_batch_pipeline to None, run_after=None
[2026-08-09T07:57:27.998+0000] {processor.py:183} INFO - Processing /opt/airflow/dags/hospital_dw_pipeline.py took 0.227 seconds
[2026-08-09T07:57:58.266+0000] {processor.py:161} INFO - Started process (PID=331) to work on /opt/airflow/dags/hospital_dw_pipeline.py
[2026-08-09T07:57:58.269+0000] {processor.py:830} INFO - Processing file /opt/airflow/dags/hospital_dw_pipeline.py for tasks to queue
[2026-08-09T07:57:58.276+0000] {logging_mixin.py:188} INFO - [2026-08-09T07:57:58.276+0000] {dagbag.py:545} INFO - Filling up the DagBag from /opt/airflow/dags/hospital_dw_pipeline.py
[2026-08-09T07:57:58.378+0000] {processor.py:840} INFO - DAG(s) 'hospital_dw_batch_pipeline' retrieved from /opt/airflow/dags/hospital_dw_pipeline.py
[2026-08-09T07:57:58.402+0000] {logging_mixin.py:188} INFO - [2026-08-09T07:57:58.401+0000] {dag.py:3089} INFO - Sync 1 DAGs
[2026-08-09T07:57:58.416+0000] {logging_mixin.py:188} INFO - [2026-08-09T07:57:58.416+0000] {dag.py:3947} INFO - Setting next_dagrun for hospital_dw_batch_pipeline to None, run_after=None
[2026-08-09T07:57:58.440+0000] {processor.py:183} INFO - Processing /opt/airflow/dags/hospital_dw_pipeline.py took 0.184 seconds
[2026-08-09T07:58:28.716+0000] {processor.py:161} INFO - Started process (PID=336) to work on /opt/airflow/dags/hospital_dw_pipeline.py
[2026-08-09T07:58:28.717+0000] {processor.py:830} INFO - Processing file /opt/airflow/dags/hospital_dw_pipeline.py for tasks to queue
[2026-08-09T07:58:28.719+0000] {logging_mixin.py:188} INFO - [2026-08-09T07:58:28.719+0000] {dagbag.py:545} INFO - Filling up the DagBag from /opt/airflow/dags/hospital_dw_pipeline.py
[2026-08-09T07:58:28.791+0000] {processor.py:840} INFO - DAG(s) 'hospital_dw_batch_pipeline' retrieved from /opt/airflow/dags/hospital_dw_pipeline.py
[2026-08-09T07:58:28.817+0000] {logging_mixin.py:188} INFO - [2026-08-09T07:58:28.816+0000] {dag.py:3089} INFO - Sync 1 DAGs
[2026-08-09T07:58:28.829+0000] {logging_mixin.py:188} INFO - [2026-08-09T07:58:28.829+0000] {dag.py:3947} INFO - Setting next_dagrun for hospital_dw_batch_pipeline to None, run_after=None
[2026-08-09T07:58:28.845+0000] {processor.py:183} INFO - Processing /opt/airflow/dags/hospital_dw_pipeline.py took 0.134 seconds
[2026-08-09T07:58:58.984+0000] {processor.py:161} INFO - Started process (PID=341) to work on /opt/airflow/dags/hospital_dw_pipeline.py
[2026-08-09T07:58:58.985+0000] {processor.py:830} INFO - Processing file /opt/airflow/dags/hospital_dw_pipeline.py for tasks to queue
[2026-08-09T07:58:58.987+0000] {logging_mixin.py:188} INFO - [2026-08-09T07:58:58.987+0000] {dagbag.py:545} INFO - Filling up the DagBag from /opt/airflow/dags/hospital_dw_pipeline.py
[2026-08-09T07:58:59.067+0000] {processor.py:840} INFO - DAG(s) 'hospital_dw_batch_pipeline' retrieved from /opt/airflow/dags/hospital_dw_pipeline.py
[2026-08-09T07:58:59.090+0000] {logging_mixin.py:188} INFO - [2026-08-09T07:58:59.090+0000] {dag.py:3089} INFO - Sync 1 DAGs
[2026-08-09T07:58:59.104+0000] {logging_mixin.py:188} INFO - [2026-08-09T07:58:59.104+0000] {dag.py:3947} INFO - Setting next_dagrun for hospital_dw_batch_pipeline to None, run_after=None
[2026-08-09T07:58:59.124+0000] {processor.py:183} INFO - Processing /opt/airflow/dags/hospital_dw_pipeline.py took 0.147 seconds
[2026-08-09T07:59:29.410+0000] {processor.py:161} INFO - Started process (PID=346) to work on /opt/airflow/dags/hospital_dw_pipeline.py
[2026-08-09T07:59:29.411+0000] {processor.py:830} INFO - Processing file /opt/airflow/dags/hospital_dw_pipeline.py for tasks to queue
[2026-08-09T07:59:29.413+0000] {logging_mixin.py:188} INFO - [2026-08-09T07:59:29.413+0000] {dagbag.py:545} INFO - Filling up the DagBag from /opt/airflow/dags/hospital_dw_pipeline.py
[2026-08-09T07:59:29.476+0000] {processor.py:840} INFO - DAG(s) 'hospital_dw_batch_pipeline' retrieved from /opt/airflow/dags/hospital_dw_pipeline.py
[2026-08-09T07:59:29.503+0000] {logging_mixin.py:188} INFO - [2026-08-09T07:59:29.502+0000] {dag.py:3089} INFO - Sync 1 DAGs
[2026-08-09T07:59:29.520+0000] {logging_mixin.py:188} INFO - [2026-08-09T07:59:29.519+0000] {dag.py:3947} INFO - Setting next_dagrun for hospital_dw_batch_pipeline to None, run_after=None
[2026-08-09T07:59:29.551+0000] {processor.py:183} INFO - Processing /opt/airflow/dags/hospital_dw_pipeline.py took 0.144 seconds
[2026-08-09T07:59:59.691+0000] {processor.py:161} INFO - Started process (PID=351) to work on /opt/airflow/dags/hospital_dw_pipeline.py
[2026-08-09T07:59:59.694+0000] {processor.py:830} INFO - Processing file /opt/airflow/dags/hospital_dw_pipeline.py for tasks to queue
[2026-08-09T07:59:59.699+0000] {logging_mixin.py:188} INFO - [2026-08-09T07:59:59.698+0000] {dagbag.py:545} INFO - Filling up the DagBag from /opt/airflow/dags/hospital_dw_pipeline.py
[2026-08-09T07:59:59.823+0000] {processor.py:840} INFO - DAG(s) 'hospital_dw_batch_pipeline' retrieved from /opt/airflow/dags/hospital_dw_pipeline.py
[2026-08-09T07:59:59.868+0000] {logging_mixin.py:188} INFO - [2026-08-09T07:59:59.868+0000] {dag.py:3089} INFO - Sync 1 DAGs
[2026-08-09T07:59:59.880+0000] {logging_mixin.py:188} INFO - [2026-08-09T07:59:59.880+0000] {dag.py:3947} INFO - Setting next_dagrun for hospital_dw_batch_pipeline to None, run_after=None
[2026-08-09T07:59:59.897+0000] {processor.py:183} INFO - Processing /opt/airflow/dags/hospital_dw_pipeline.py took 0.221 seconds
[2026-08-09T08:00:30.070+0000] {processor.py:161} INFO - Started process (PID=356) to work on /opt/airflow/dags/hospital_dw_pipeline.py
[2026-08-09T08:00:30.072+0000] {processor.py:830} INFO - Processing file /opt/airflow/dags/hospital_dw_pipeline.py for tasks to queue
[2026-08-09T08:00:30.076+0000] {logging_mixin.py:188} INFO - [2026-08-09T08:00:30.076+0000] {dagbag.py:545} INFO - Filling up the DagBag from /opt/airflow/dags/hospital_dw_pipeline.py
[2026-08-09T08:00:30.190+0000] {processor.py:840} INFO - DAG(s) 'hospital_dw_batch_pipeline' retrieved from /opt/airflow/dags/hospital_dw_pipeline.py
[2026-08-09T08:00:30.221+0000] {logging_mixin.py:188} INFO - [2026-08-09T08:00:30.221+0000] {dag.py:3089} INFO - Sync 1 DAGs
[2026-08-09T08:00:30.240+0000] {logging_mixin.py:188} INFO - [2026-08-09T08:00:30.240+0000] {dag.py:3947} INFO - Setting next_dagrun for hospital_dw_batch_pipeline to None, run_after=None
[2026-08-09T08:00:30.272+0000] {processor.py:183} INFO - Processing /opt/airflow/dags/hospital_dw_pipeline.py took 0.211 seconds
[2026-08-09T08:01:00.387+0000] {processor.py:161} INFO - Started process (PID=361) to work on /opt/airflow/dags/hospital_dw_pipeline.py
[2026-08-09T08:01:00.388+0000] {processor.py:830} INFO - Processing file /opt/airflow/dags/hospital_dw_pipeline.py for tasks to queue
[2026-08-09T08:01:00.389+0000] {logging_mixin.py:188} INFO - [2026-08-09T08:01:00.389+0000] {dagbag.py:545} INFO - Filling up the DagBag from /opt/airflow/dags/hospital_dw_pipeline.py
[2026-08-09T08:01:00.452+0000] {processor.py:840} INFO - DAG(s) 'hospital_dw_batch_pipeline' retrieved from /opt/airflow/dags/hospital_dw_pipeline.py
[2026-08-09T08:01:00.476+0000] {logging_mixin.py:188} INFO - [2026-08-09T08:01:00.476+0000] {dag.py:3089} INFO - Sync 1 DAGs
[2026-08-09T08:01:00.486+0000] {logging_mixin.py:188} INFO - [2026-08-09T08:01:00.486+0000] {dag.py:3947} INFO - Setting next_dagrun for hospital_dw_batch_pipeline to None, run_after=None
[2026-08-09T08:01:00.501+0000] {processor.py:183} INFO - Processing /opt/airflow/dags/hospital_dw_pipeline.py took 0.120 seconds
[2026-08-09T08:01:30.700+0000] {processor.py:161} INFO - Started process (PID=366) to work on /opt/airflow/dags/hospital_dw_pipeline.py
[2026-08-09T08:01:30.702+0000] {processor.py:830} INFO - Processing file /opt/airflow/dags/hospital_dw_pipeline.py for tasks to queue
[2026-08-09T08:01:30.705+0000] {logging_mixin.py:188} INFO - [2026-08-09T08:01:30.704+0000] {dagbag.py:545} INFO - Filling up the DagBag from /opt/airflow/dags/hospital_dw_pipeline.py
[2026-08-09T08:01:30.803+0000] {processor.py:840} INFO - DAG(s) 'hospital_dw_batch_pipeline' retrieved from /opt/airflow/dags/hospital_dw_pipeline.py
[2026-08-09T08:01:30.850+0000] {logging_mixin.py:188} INFO - [2026-08-09T08:01:30.849+0000] {dag.py:3089} INFO - Sync 1 DAGs
[2026-08-09T08:01:30.870+0000] {logging_mixin.py:188} INFO - [2026-08-09T08:01:30.869+0000] {dag.py:3947} INFO - Setting next_dagrun for hospital_dw_batch_pipeline to None, run_after=None
[2026-08-09T08:01:30.897+0000] {processor.py:183} INFO - Processing /opt/airflow/dags/hospital_dw_pipeline.py took 0.205 seconds
[2026-08-09T08:02:01.014+0000] {processor.py:161} INFO - Started process (PID=371) to work on /opt/airflow/dags/hospital_dw_pipeline.py
[2026-08-09T08:02:01.015+0000] {processor.py:830} INFO - Processing file /opt/airflow/dags/hospital_dw_pipeline.py for tasks to queue
[2026-08-09T08:02:01.018+0000] {logging_mixin.py:188} INFO - [2026-08-09T08:02:01.017+0000] {dagbag.py:545} INFO - Filling up the DagBag from /opt/airflow/dags/hospital_dw_pipeline.py
[2026-08-09T08:02:01.119+0000] {processor.py:840} INFO - DAG(s) 'hospital_dw_batch_pipeline' retrieved from /opt/airflow/dags/hospital_dw_pipeline.py
[2026-08-09T08:02:01.166+0000] {logging_mixin.py:188} INFO - [2026-08-09T08:02:01.165+0000] {dag.py:3089} INFO - Sync 1 DAGs
[2026-08-09T08:02:01.194+0000] {logging_mixin.py:188} INFO - [2026-08-09T08:02:01.193+0000] {dag.py:3947} INFO - Setting next_dagrun for hospital_dw_batch_pipeline to None, run_after=None
[2026-08-09T08:02:01.230+0000] {processor.py:183} INFO - Processing /opt/airflow/dags/hospital_dw_pipeline.py took 0.222 seconds
[2026-08-09T08:02:31.412+0000] {processor.py:161} INFO - Started process (PID=376) to work on /opt/airflow/dags/hospital_dw_pipeline.py
[2026-08-09T08:02:31.415+0000] {processor.py:830} INFO - Processing file /opt/airflow/dags/hospital_dw_pipeline.py for tasks to queue
[2026-08-09T08:02:31.420+0000] {logging_mixin.py:188} INFO - [2026-08-09T08:02:31.420+0000] {dagbag.py:545} INFO - Filling up the DagBag from /opt/airflow/dags/hospital_dw_pipeline.py
[2026-08-09T08:02:31.546+0000] {processor.py:840} INFO - DAG(s) 'hospital_dw_batch_pipeline' retrieved from /opt/airflow/dags/hospital_dw_pipeline.py
[2026-08-09T08:02:31.595+0000] {logging_mixin.py:188} INFO - [2026-08-09T08:02:31.595+0000] {dag.py:3089} INFO - Sync 1 DAGs
[2026-08-09T08:02:31.614+0000] {logging_mixin.py:188} INFO - [2026-08-09T08:02:31.613+0000] {dag.py:3947} INFO - Setting next_dagrun for hospital_dw_batch_pipeline to None, run_after=None
[2026-08-09T08:02:31.652+0000] {processor.py:183} INFO - Processing /opt/airflow/dags/hospital_dw_pipeline.py took 0.251 seconds
[2026-08-09T08:03:01.748+0000] {processor.py:161} INFO - Started process (PID=381) to work on /opt/airflow/dags/hospital_dw_pipeline.py
[2026-08-09T08:03:01.751+0000] {processor.py:830} INFO - Processing file /opt/airflow/dags/hospital_dw_pipeline.py for tasks to queue
[2026-08-09T08:03:01.753+0000] {logging_mixin.py:188} INFO - [2026-08-09T08:03:01.753+0000] {dagbag.py:545} INFO - Filling up the DagBag from /opt/airflow/dags/hospital_dw_pipeline.py
[2026-08-09T08:03:01.914+0000] {processor.py:840} INFO - DAG(s) 'hospital_dw_batch_pipeline' retrieved from /opt/airflow/dags/hospital_dw_pipeline.py
[2026-08-09T08:03:01.938+0000] {logging_mixin.py:188} INFO - [2026-08-09T08:03:01.937+0000] {dag.py:3089} INFO - Sync 1 DAGs
[2026-08-09T08:03:01.950+0000] {logging_mixin.py:188} INFO - [2026-08-09T08:03:01.949+0000] {dag.py:3947} INFO - Setting next_dagrun for hospital_dw_batch_pipeline to None, run_after=None
[2026-08-09T08:03:01.969+0000] {processor.py:183} INFO - Processing /opt/airflow/dags/hospital_dw_pipeline.py took 0.226 seconds
[2026-08-09T08:03:32.120+0000] {processor.py:161} INFO - Started process (PID=386) to work on /opt/airflow/dags/hospital_dw_pipeline.py
[2026-08-09T08:03:32.121+0000] {processor.py:830} INFO - Processing file /opt/airflow/dags/hospital_dw_pipeline.py for tasks to queue
[2026-08-09T08:03:32.123+0000] {logging_mixin.py:188} INFO - [2026-08-09T08:03:32.123+0000] {dagbag.py:545} INFO - Filling up the DagBag from /opt/airflow/dags/hospital_dw_pipeline.py
[2026-08-09T08:03:32.195+0000] {processor.py:840} INFO - DAG(s) 'hospital_dw_batch_pipeline' retrieved from /opt/airflow/dags/hospital_dw_pipeline.py
[2026-08-09T08:03:32.226+0000] {logging_mixin.py:188} INFO - [2026-08-09T08:03:32.225+0000] {dag.py:3089} INFO - Sync 1 DAGs
[2026-08-09T08:03:32.243+0000] {logging_mixin.py:188} INFO - [2026-08-09T08:03:32.242+0000] {dag.py:3947} INFO - Setting next_dagrun for hospital_dw_batch_pipeline to None, run_after=None
[2026-08-09T08:03:32.277+0000] {processor.py:183} INFO - Processing /opt/airflow/dags/hospital_dw_pipeline.py took 0.162 seconds
[2026-08-09T08:04:02.414+0000] {processor.py:161} INFO - Started process (PID=391) to work on /opt/airflow/dags/hospital_dw_pipeline.py
[2026-08-09T08:04:02.416+0000] {processor.py:830} INFO - Processing file /opt/airflow/dags/hospital_dw_pipeline.py for tasks to queue
[2026-08-09T08:04:02.419+0000] {logging_mixin.py:188} INFO - [2026-08-09T08:04:02.419+0000] {dagbag.py:545} INFO - Filling up the DagBag from /opt/airflow/dags/hospital_dw_pipeline.py
[2026-08-09T08:04:02.526+0000] {processor.py:840} INFO - DAG(s) 'hospital_dw_batch_pipeline' retrieved from /opt/airflow/dags/hospital_dw_pipeline.py
[2026-08-09T08:04:02.555+0000] {logging_mixin.py:188} INFO - [2026-08-09T08:04:02.555+0000] {dag.py:3089} INFO - Sync 1 DAGs
[2026-08-09T08:04:02.567+0000] {logging_mixin.py:188} INFO - [2026-08-09T08:04:02.567+0000] {dag.py:3947} INFO - Setting next_dagrun for hospital_dw_batch_pipeline to None, run_after=None
[2026-08-09T08:04:02.584+0000] {processor.py:183} INFO - Processing /opt/airflow/dags/hospital_dw_pipeline.py took 0.179 seconds
[2026-08-09T08:04:32.791+0000] {processor.py:161} INFO - Started process (PID=396) to work on /opt/airflow/dags/hospital_dw_pipeline.py
[2026-08-09T08:04:32.792+0000] {processor.py:830} INFO - Processing file /opt/airflow/dags/hospital_dw_pipeline.py for tasks to queue
[2026-08-09T08:04:32.796+0000] {logging_mixin.py:188} INFO - [2026-08-09T08:04:32.795+0000] {dagbag.py:545} INFO - Filling up the DagBag from /opt/airflow/dags/hospital_dw_pipeline.py
[2026-08-09T08:04:32.889+0000] {processor.py:840} INFO - DAG(s) 'hospital_dw_batch_pipeline' retrieved from /opt/airflow/dags/hospital_dw_pipeline.py
[2026-08-09T08:04:32.928+0000] {logging_mixin.py:188} INFO - [2026-08-09T08:04:32.928+0000] {dag.py:3089} INFO - Sync 1 DAGs
[2026-08-09T08:04:32.945+0000] {logging_mixin.py:188} INFO - [2026-08-09T08:04:32.945+0000] {dag.py:3947} INFO - Setting next_dagrun for hospital_dw_batch_pipeline to None, run_after=None
[2026-08-09T08:04:32.982+0000] {processor.py:183} INFO - Processing /opt/airflow/dags/hospital_dw_pipeline.py took 0.198 seconds
[2026-08-09T08:05:03.083+0000] {processor.py:161} INFO - Started process (PID=401) to work on /opt/airflow/dags/hospital_dw_pipeline.py
[2026-08-09T08:05:03.085+0000] {processor.py:830} INFO - Processing file /opt/airflow/dags/hospital_dw_pipeline.py for tasks to queue
[2026-08-09T08:05:03.088+0000] {logging_mixin.py:188} INFO - [2026-08-09T08:05:03.088+0000] {dagbag.py:545} INFO - Filling up the DagBag from /opt/airflow/dags/hospital_dw_pipeline.py
[2026-08-09T08:05:03.210+0000] {processor.py:840} INFO - DAG(s) 'hospital_dw_batch_pipeline' retrieved from /opt/airflow/dags/hospital_dw_pipeline.py
[2026-08-09T08:05:03.237+0000] {logging_mixin.py:188} INFO - [2026-08-09T08:05:03.237+0000] {dag.py:3089} INFO - Sync 1 DAGs
[2026-08-09T08:05:03.252+0000] {logging_mixin.py:188} INFO - [2026-08-09T08:05:03.252+0000] {dag.py:3947} INFO - Setting next_dagrun for hospital_dw_batch_pipeline to None, run_after=None
[2026-08-09T08:05:03.275+0000] {processor.py:183} INFO - Processing /opt/airflow/dags/hospital_dw_pipeline.py took 0.201 seconds
[2026-08-09T08:05:33.536+0000] {processor.py:161} INFO - Started process (PID=406) to work on /opt/airflow/dags/hospital_dw_pipeline.py
[2026-08-09T08:05:33.538+0000] {processor.py:830} INFO - Processing file /opt/airflow/dags/hospital_dw_pipeline.py for tasks to queue
[2026-08-09T08:05:33.545+0000] {logging_mixin.py:188} INFO - [2026-08-09T08:05:33.545+0000] {dagbag.py:545} INFO - Filling up the DagBag from /opt/airflow/dags/hospital_dw_pipeline.py
[2026-08-09T08:05:33.666+0000] {processor.py:840} INFO - DAG(s) 'hospital_dw_batch_pipeline' retrieved from /opt/airflow/dags/hospital_dw_pipeline.py
[2026-08-09T08:05:33.689+0000] {logging_mixin.py:188} INFO - [2026-08-09T08:05:33.689+0000] {dag.py:3089} INFO - Sync 1 DAGs
[2026-08-09T08:05:33.699+0000] {logging_mixin.py:188} INFO - [2026-08-09T08:05:33.699+0000] {dag.py:3947} INFO - Setting next_dagrun for hospital_dw_batch_pipeline to None, run_after=None
[2026-08-09T08:05:33.717+0000] {processor.py:183} INFO - Processing /opt/airflow/dags/hospital_dw_pipeline.py took 0.190 seconds
[2026-08-09T08:06:03.796+0000] {processor.py:161} INFO - Started process (PID=411) to work on /opt/airflow/dags/hospital_dw_pipeline.py
[2026-08-09T08:06:03.797+0000] {processor.py:830} INFO - Processing file /opt/airflow/dags/hospital_dw_pipeline.py for tasks to queue
[2026-08-09T08:06:03.800+0000] {logging_mixin.py:188} INFO - [2026-08-09T08:06:03.800+0000] {dagbag.py:545} INFO - Filling up the DagBag from /opt/airflow/dags/hospital_dw_pipeline.py
[2026-08-09T08:06:03.911+0000] {processor.py:840} INFO - DAG(s) 'hospital_dw_batch_pipeline' retrieved from /opt/airflow/dags/hospital_dw_pipeline.py
[2026-08-09T08:06:03.939+0000] {logging_mixin.py:188} INFO - [2026-08-09T08:06:03.939+0000] {dag.py:3089} INFO - Sync 1 DAGs
[2026-08-09T08:06:03.950+0000] {logging_mixin.py:188} INFO - [2026-08-09T08:06:03.949+0000] {dag.py:3947} INFO - Setting next_dagrun for hospital_dw_batch_pipeline to None, run_after=None
[2026-08-09T08:06:03.965+0000] {processor.py:183} INFO - Processing /opt/airflow/dags/hospital_dw_pipeline.py took 0.178 seconds
[2026-08-09T08:06:34.246+0000] {processor.py:161} INFO - Started process (PID=416) to work on /opt/airflow/dags/hospital_dw_pipeline.py
[2026-08-09T08:06:34.247+0000] {processor.py:830} INFO - Processing file /opt/airflow/dags/hospital_dw_pipeline.py for tasks to queue
[2026-08-09T08:06:34.251+0000] {logging_mixin.py:188} INFO - [2026-08-09T08:06:34.251+0000] {dagbag.py:545} INFO - Filling up the DagBag from /opt/airflow/dags/hospital_dw_pipeline.py
[2026-08-09T08:06:34.385+0000] {processor.py:840} INFO - DAG(s) 'hospital_dw_batch_pipeline' retrieved from /opt/airflow/dags/hospital_dw_pipeline.py
[2026-08-09T08:06:34.434+0000] {logging_mixin.py:188} INFO - [2026-08-09T08:06:34.434+0000] {dag.py:3089} INFO - Sync 1 DAGs
[2026-08-09T08:06:34.454+0000] {logging_mixin.py:188} INFO - [2026-08-09T08:06:34.454+0000] {dag.py:3947} INFO - Setting next_dagrun for hospital_dw_batch_pipeline to None, run_after=None
[2026-08-09T08:06:34.501+0000] {processor.py:183} INFO - Processing /opt/airflow/dags/hospital_dw_pipeline.py took 0.265 seconds
[2026-08-09T08:07:04.822+0000] {processor.py:161} INFO - Started process (PID=421) to work on /opt/airflow/dags/hospital_dw_pipeline.py
[2026-08-09T08:07:04.824+0000] {processor.py:830} INFO - Processing file /opt/airflow/dags/hospital_dw_pipeline.py for tasks to queue
[2026-08-09T08:07:04.829+0000] {logging_mixin.py:188} INFO - [2026-08-09T08:07:04.829+0000] {dagbag.py:545} INFO - Filling up the DagBag from /opt/airflow/dags/hospital_dw_pipeline.py
[2026-08-09T08:07:04.963+0000] {processor.py:840} INFO - DAG(s) 'hospital_dw_batch_pipeline' retrieved from /opt/airflow/dags/hospital_dw_pipeline.py
[2026-08-09T08:07:04.998+0000] {logging_mixin.py:188} INFO - [2026-08-09T08:07:04.998+0000] {dag.py:3089} INFO - Sync 1 DAGs
[2026-08-09T08:07:05.015+0000] {logging_mixin.py:188} INFO - [2026-08-09T08:07:05.015+0000] {dag.py:3947} INFO - Setting next_dagrun for hospital_dw_batch_pipeline to None, run_after=None
[2026-08-09T08:07:05.050+0000] {processor.py:183} INFO - Processing /opt/airflow/dags/hospital_dw_pipeline.py took 0.239 seconds
[2026-08-09T08:07:35.353+0000] {processor.py:161} INFO - Started process (PID=426) to work on /opt/airflow/dags/hospital_dw_pipeline.py
[2026-08-09T08:07:35.355+0000] {processor.py:830} INFO - Processing file /opt/airflow/dags/hospital_dw_pipeline.py for tasks to queue
[2026-08-09T08:07:35.358+0000] {logging_mixin.py:188} INFO - [2026-08-09T08:07:35.358+0000] {dagbag.py:545} INFO - Filling up the DagBag from /opt/airflow/dags/hospital_dw_pipeline.py
[2026-08-09T08:07:35.484+0000] {processor.py:840} INFO - DAG(s) 'hospital_dw_batch_pipeline' retrieved from /opt/airflow/dags/hospital_dw_pipeline.py
[2026-08-09T08:07:35.508+0000] {logging_mixin.py:188} INFO - [2026-08-09T08:07:35.507+0000] {dag.py:3089} INFO - Sync 1 DAGs
[2026-08-09T08:07:35.518+0000] {logging_mixin.py:188} INFO - [2026-08-09T08:07:35.518+0000] {dag.py:3947} INFO - Setting next_dagrun for hospital_dw_batch_pipeline to None, run_after=None
[2026-08-09T08:07:35.533+0000] {processor.py:183} INFO - Processing /opt/airflow/dags/hospital_dw_pipeline.py took 0.190 seconds
[2026-08-09T08:08:05.608+0000] {processor.py:161} INFO - Started process (PID=431) to work on /opt/airflow/dags/hospital_dw_pipeline.py
[2026-08-09T08:08:05.609+0000] {processor.py:830} INFO - Processing file /opt/airflow/dags/hospital_dw_pipeline.py for tasks to queue
[2026-08-09T08:08:05.614+0000] {logging_mixin.py:188} INFO - [2026-08-09T08:08:05.614+0000] {dagbag.py:545} INFO - Filling up the DagBag from /opt/airflow/dags/hospital_dw_pipeline.py
[2026-08-09T08:08:05.705+0000] {processor.py:840} INFO - DAG(s) 'hospital_dw_batch_pipeline' retrieved from /opt/airflow/dags/hospital_dw_pipeline.py
[2026-08-09T08:08:05.731+0000] {logging_mixin.py:188} INFO - [2026-08-09T08:08:05.731+0000] {dag.py:3089} INFO - Sync 1 DAGs
[2026-08-09T08:08:05.741+0000] {logging_mixin.py:188} INFO - [2026-08-09T08:08:05.740+0000] {dag.py:3947} INFO - Setting next_dagrun for hospital_dw_batch_pipeline to None, run_after=None
[2026-08-09T08:08:05.758+0000] {processor.py:183} INFO - Processing /opt/airflow/dags/hospital_dw_pipeline.py took 0.158 seconds
[2026-08-09T08:08:35.852+0000] {processor.py:161} INFO - Started process (PID=436) to work on /opt/airflow/dags/hospital_dw_pipeline.py
[2026-08-09T08:08:35.854+0000] {processor.py:830} INFO - Processing file /opt/airflow/dags/hospital_dw_pipeline.py for tasks to queue
[2026-08-09T08:08:35.856+0000] {logging_mixin.py:188} INFO - [2026-08-09T08:08:35.856+0000] {dagbag.py:545} INFO - Filling up the DagBag from /opt/airflow/dags/hospital_dw_pipeline.py
[2026-08-09T08:08:35.927+0000] {processor.py:840} INFO - DAG(s) 'hospital_dw_batch_pipeline' retrieved from /opt/airflow/dags/hospital_dw_pipeline.py
[2026-08-09T08:08:35.951+0000] {logging_mixin.py:188} INFO - [2026-08-09T08:08:35.951+0000] {dag.py:3089} INFO - Sync 1 DAGs
[2026-08-09T08:08:35.961+0000] {logging_mixin.py:188} INFO - [2026-08-09T08:08:35.961+0000] {dag.py:3947} INFO - Setting next_dagrun for hospital_dw_batch_pipeline to None, run_after=None
[2026-08-09T08:08:35.976+0000] {processor.py:183} INFO - Processing /opt/airflow/dags/hospital_dw_pipeline.py took 0.128 seconds
[2026-08-09T08:09:06.259+0000] {processor.py:161} INFO - Started process (PID=441) to work on /opt/airflow/dags/hospital_dw_pipeline.py
[2026-08-09T08:09:06.261+0000] {processor.py:830} INFO - Processing file /opt/airflow/dags/hospital_dw_pipeline.py for tasks to queue
[2026-08-09T08:09:06.265+0000] {logging_mixin.py:188} INFO - [2026-08-09T08:09:06.265+0000] {dagbag.py:545} INFO - Filling up the DagBag from /opt/airflow/dags/hospital_dw_pipeline.py
[2026-08-09T08:09:06.353+0000] {processor.py:840} INFO - DAG(s) 'hospital_dw_batch_pipeline' retrieved from /opt/airflow/dags/hospital_dw_pipeline.py
[2026-08-09T08:09:06.379+0000] {logging_mixin.py:188} INFO - [2026-08-09T08:09:06.379+0000] {dag.py:3089} INFO - Sync 1 DAGs
[2026-08-09T08:09:06.391+0000] {logging_mixin.py:188} INFO - [2026-08-09T08:09:06.391+0000] {dag.py:3947} INFO - Setting next_dagrun for hospital_dw_batch_pipeline to None, run_after=None
[2026-08-09T08:09:06.414+0000] {processor.py:183} INFO - Processing /opt/airflow/dags/hospital_dw_pipeline.py took 0.163 seconds
[2026-08-09T08:09:36.596+0000] {processor.py:161} INFO - Started process (PID=446) to work on /opt/airflow/dags/hospital_dw_pipeline.py
[2026-08-09T08:09:36.597+0000] {processor.py:830} INFO - Processing file /opt/airflow/dags/hospital_dw_pipeline.py for tasks to queue
[2026-08-09T08:09:36.601+0000] {logging_mixin.py:188} INFO - [2026-08-09T08:09:36.600+0000] {dagbag.py:545} INFO - Filling up the DagBag from /opt/airflow/dags/hospital_dw_pipeline.py
[2026-08-09T08:09:36.684+0000] {processor.py:840} INFO - DAG(s) 'hospital_dw_batch_pipeline' retrieved from /opt/airflow/dags/hospital_dw_pipeline.py
[2026-08-09T08:09:36.711+0000] {logging_mixin.py:188} INFO - [2026-08-09T08:09:36.710+0000] {dag.py:3089} INFO - Sync 1 DAGs
[2026-08-09T08:09:36.722+0000] {logging_mixin.py:188} INFO - [2026-08-09T08:09:36.721+0000] {dag.py:3947} INFO - Setting next_dagrun for hospital_dw_batch_pipeline to None, run_after=None
[2026-08-09T08:09:36.741+0000] {processor.py:183} INFO - Processing /opt/airflow/dags/hospital_dw_pipeline.py took 0.153 seconds
[2026-08-09T08:10:06.910+0000] {processor.py:161} INFO - Started process (PID=451) to work on /opt/airflow/dags/hospital_dw_pipeline.py
[2026-08-09T08:10:06.911+0000] {processor.py:830} INFO - Processing file /opt/airflow/dags/hospital_dw_pipeline.py for tasks to queue
[2026-08-09T08:10:06.913+0000] {logging_mixin.py:188} INFO - [2026-08-09T08:10:06.913+0000] {dagbag.py:545} INFO - Filling up the DagBag from /opt/airflow/dags/hospital_dw_pipeline.py
[2026-08-09T08:10:06.979+0000] {processor.py:840} INFO - DAG(s) 'hospital_dw_batch_pipeline' retrieved from /opt/airflow/dags/hospital_dw_pipeline.py
[2026-08-09T08:10:07.003+0000] {logging_mixin.py:188} INFO - [2026-08-09T08:10:07.003+0000] {dag.py:3089} INFO - Sync 1 DAGs
[2026-08-09T08:10:07.013+0000] {logging_mixin.py:188} INFO - [2026-08-09T08:10:07.013+0000] {dag.py:3947} INFO - Setting next_dagrun for hospital_dw_batch_pipeline to None, run_after=None
[2026-08-09T08:10:07.028+0000] {processor.py:183} INFO - Processing /opt/airflow/dags/hospital_dw_pipeline.py took 0.122 seconds
[2026-08-09T08:10:37.284+0000] {processor.py:161} INFO - Started process (PID=456) to work on /opt/airflow/dags/hospital_dw_pipeline.py
[2026-08-09T08:10:37.286+0000] {processor.py:830} INFO - Processing file /opt/airflow/dags/hospital_dw_pipeline.py for tasks to queue
[2026-08-09T08:10:37.288+0000] {logging_mixin.py:188} INFO - [2026-08-09T08:10:37.288+0000] {dagbag.py:545} INFO - Filling up the DagBag from /opt/airflow/dags/hospital_dw_pipeline.py
[2026-08-09T08:10:37.374+0000] {processor.py:840} INFO - DAG(s) 'hospital_dw_batch_pipeline' retrieved from /opt/airflow/dags/hospital_dw_pipeline.py
[2026-08-09T08:10:37.396+0000] {logging_mixin.py:188} INFO - [2026-08-09T08:10:37.396+0000] {dag.py:3089} INFO - Sync 1 DAGs
[2026-08-09T08:10:37.405+0000] {logging_mixin.py:188} INFO - [2026-08-09T08:10:37.405+0000] {dag.py:3947} INFO - Setting next_dagrun for hospital_dw_batch_pipeline to None, run_after=None
[2026-08-09T08:10:37.421+0000] {processor.py:183} INFO - Processing /opt/airflow/dags/hospital_dw_pipeline.py took 0.142 seconds
[2026-08-09T08:11:07.534+0000] {processor.py:161} INFO - Started process (PID=461) to work on /opt/airflow/dags/hospital_dw_pipeline.py
[2026-08-09T08:11:07.535+0000] {processor.py:830} INFO - Processing file /opt/airflow/dags/hospital_dw_pipeline.py for tasks to queue
[2026-08-09T08:11:07.538+0000] {logging_mixin.py:188} INFO - [2026-08-09T08:11:07.537+0000] {dagbag.py:545} INFO - Filling up the DagBag from /opt/airflow/dags/hospital_dw_pipeline.py
[2026-08-09T08:11:07.647+0000] {processor.py:840} INFO - DAG(s) 'hospital_dw_batch_pipeline' retrieved from /opt/airflow/dags/hospital_dw_pipeline.py
[2026-08-09T08:11:07.669+0000] {logging_mixin.py:188} INFO - [2026-08-09T08:11:07.669+0000] {dag.py:3089} INFO - Sync 1 DAGs
[2026-08-09T08:11:07.679+0000] {logging_mixin.py:188} INFO - [2026-08-09T08:11:07.679+0000] {dag.py:3947} INFO - Setting next_dagrun for hospital_dw_batch_pipeline to None, run_after=None
[2026-08-09T08:11:07.696+0000] {processor.py:183} INFO - Processing /opt/airflow/dags/hospital_dw_pipeline.py took 0.167 seconds
[2026-08-09T08:11:37.941+0000] {processor.py:161} INFO - Started process (PID=466) to work on /opt/airflow/dags/hospital_dw_pipeline.py
[2026-08-09T08:11:37.944+0000] {processor.py:830} INFO - Processing file /opt/airflow/dags/hospital_dw_pipeline.py for tasks to queue
[2026-08-09T08:11:37.953+0000] {logging_mixin.py:188} INFO - [2026-08-09T08:11:37.952+0000] {dagbag.py:545} INFO - Filling up the DagBag from /opt/airflow/dags/hospital_dw_pipeline.py
[2026-08-09T08:11:38.073+0000] {processor.py:840} INFO - DAG(s) 'hospital_dw_batch_pipeline' retrieved from /opt/airflow/dags/hospital_dw_pipeline.py
[2026-08-09T08:11:38.108+0000] {logging_mixin.py:188} INFO - [2026-08-09T08:11:38.107+0000] {dag.py:3089} INFO - Sync 1 DAGs
[2026-08-09T08:11:38.128+0000] {logging_mixin.py:188} INFO - [2026-08-09T08:11:38.128+0000] {dag.py:3947} INFO - Setting next_dagrun for hospital_dw_batch_pipeline to None, run_after=None
[2026-08-09T08:11:38.165+0000] {processor.py:183} INFO - Processing /opt/airflow/dags/hospital_dw_pipeline.py took 0.237 seconds
[2026-08-09T08:12:08.449+0000] {processor.py:161} INFO - Started process (PID=471) to work on /opt/airflow/dags/hospital_dw_pipeline.py
[2026-08-09T08:12:08.451+0000] {processor.py:830} INFO - Processing file /opt/airflow/dags/hospital_dw_pipeline.py for tasks to queue
[2026-08-09T08:12:08.454+0000] {logging_mixin.py:188} INFO - [2026-08-09T08:12:08.454+0000] {dagbag.py:545} INFO - Filling up the DagBag from /opt/airflow/dags/hospital_dw_pipeline.py
[2026-08-09T08:12:08.563+0000] {processor.py:840} INFO - DAG(s) 'hospital_dw_batch_pipeline' retrieved from /opt/airflow/dags/hospital_dw_pipeline.py
[2026-08-09T08:12:08.603+0000] {logging_mixin.py:188} INFO - [2026-08-09T08:12:08.603+0000] {dag.py:3089} INFO - Sync 1 DAGs
[2026-08-09T08:12:08.629+0000] {logging_mixin.py:188} INFO - [2026-08-09T08:12:08.629+0000] {dag.py:3947} INFO - Setting next_dagrun for hospital_dw_batch_pipeline to None, run_after=None
[2026-08-09T08:12:08.670+0000] {processor.py:183} INFO - Processing /opt/airflow/dags/hospital_dw_pipeline.py took 0.230 seconds
[2026-08-09T08:12:38.985+0000] {processor.py:161} INFO - Started process (PID=476) to work on /opt/airflow/dags/hospital_dw_pipeline.py
[2026-08-09T08:12:38.987+0000] {processor.py:830} INFO - Processing file /opt/airflow/dags/hospital_dw_pipeline.py for tasks to queue
[2026-08-09T08:12:38.990+0000] {logging_mixin.py:188} INFO - [2026-08-09T08:12:38.990+0000] {dagbag.py:545} INFO - Filling up the DagBag from /opt/airflow/dags/hospital_dw_pipeline.py
[2026-08-09T08:12:39.109+0000] {processor.py:840} INFO - DAG(s) 'hospital_dw_batch_pipeline' retrieved from /opt/airflow/dags/hospital_dw_pipeline.py
[2026-08-09T08:12:39.148+0000] {logging_mixin.py:188} INFO - [2026-08-09T08:12:39.148+0000] {dag.py:3089} INFO - Sync 1 DAGs
[2026-08-09T08:12:39.164+0000] {logging_mixin.py:188} INFO - [2026-08-09T08:12:39.164+0000] {dag.py:3947} INFO - Setting next_dagrun for hospital_dw_batch_pipeline to None, run_after=None
[2026-08-09T08:12:39.206+0000] {processor.py:183} INFO - Processing /opt/airflow/dags/hospital_dw_pipeline.py took 0.228 seconds
[2026-08-09T08:13:09.496+0000] {processor.py:161} INFO - Started process (PID=481) to work on /opt/airflow/dags/hospital_dw_pipeline.py
[2026-08-09T08:13:09.498+0000] {processor.py:830} INFO - Processing file /opt/airflow/dags/hospital_dw_pipeline.py for tasks to queue
[2026-08-09T08:13:09.503+0000] {logging_mixin.py:188} INFO - [2026-08-09T08:13:09.502+0000] {dagbag.py:545} INFO - Filling up the DagBag from /opt/airflow/dags/hospital_dw_pipeline.py
[2026-08-09T08:13:09.606+0000] {processor.py:840} INFO - DAG(s) 'hospital_dw_batch_pipeline' retrieved from /opt/airflow/dags/hospital_dw_pipeline.py
[2026-08-09T08:13:09.628+0000] {logging_mixin.py:188} INFO - [2026-08-09T08:13:09.628+0000] {dag.py:3089} INFO - Sync 1 DAGs
[2026-08-09T08:13:09.644+0000] {logging_mixin.py:188} INFO - [2026-08-09T08:13:09.643+0000] {dag.py:3947} INFO - Setting next_dagrun for hospital_dw_batch_pipeline to None, run_after=None
[2026-08-09T08:13:09.660+0000] {processor.py:183} INFO - Processing /opt/airflow/dags/hospital_dw_pipeline.py took 0.175 seconds
[2026-08-09T08:13:39.770+0000] {processor.py:161} INFO - Started process (PID=486) to work on /opt/airflow/dags/hospital_dw_pipeline.py
[2026-08-09T08:13:39.772+0000] {processor.py:830} INFO - Processing file /opt/airflow/dags/hospital_dw_pipeline.py for tasks to queue
[2026-08-09T08:13:39.777+0000] {logging_mixin.py:188} INFO - [2026-08-09T08:13:39.777+0000] {dagbag.py:545} INFO - Filling up the DagBag from /opt/airflow/dags/hospital_dw_pipeline.py
[2026-08-09T08:13:39.892+0000] {processor.py:840} INFO - DAG(s) 'hospital_dw_batch_pipeline' retrieved from /opt/airflow/dags/hospital_dw_pipeline.py
[2026-08-09T08:13:39.929+0000] {logging_mixin.py:188} INFO - [2026-08-09T08:13:39.929+0000] {dag.py:3089} INFO - Sync 1 DAGs
[2026-08-09T08:13:39.944+0000] {logging_mixin.py:188} INFO - [2026-08-09T08:13:39.944+0000] {dag.py:3947} INFO - Setting next_dagrun for hospital_dw_batch_pipeline to None, run_after=None
[2026-08-09T08:13:39.963+0000] {processor.py:183} INFO - Processing /opt/airflow/dags/hospital_dw_pipeline.py took 0.199 seconds
[2026-08-09T08:14:10.176+0000] {processor.py:161} INFO - Started process (PID=491) to work on /opt/airflow/dags/hospital_dw_pipeline.py
[2026-08-09T08:14:10.177+0000] {processor.py:830} INFO - Processing file /opt/airflow/dags/hospital_dw_pipeline.py for tasks to queue
[2026-08-09T08:14:10.180+0000] {logging_mixin.py:188} INFO - [2026-08-09T08:14:10.179+0000] {dagbag.py:545} INFO - Filling up the DagBag from /opt/airflow/dags/hospital_dw_pipeline.py
[2026-08-09T08:14:10.269+0000] {processor.py:840} INFO - DAG(s) 'hospital_dw_batch_pipeline' retrieved from /opt/airflow/dags/hospital_dw_pipeline.py
[2026-08-09T08:14:10.294+0000] {logging_mixin.py:188} INFO - [2026-08-09T08:14:10.293+0000] {dag.py:3089} INFO - Sync 1 DAGs
[2026-08-09T08:14:10.305+0000] {logging_mixin.py:188} INFO - [2026-08-09T08:14:10.305+0000] {dag.py:3947} INFO - Setting next_dagrun for hospital_dw_batch_pipeline to None, run_after=None
[2026-08-09T08:14:10.329+0000] {processor.py:183} INFO - Processing /opt/airflow/dags/hospital_dw_pipeline.py took 0.158 seconds
[2026-08-09T08:14:40.501+0000] {processor.py:161} INFO - Started process (PID=496) to work on /opt/airflow/dags/hospital_dw_pipeline.py
[2026-08-09T08:14:40.508+0000] {processor.py:830} INFO - Processing file /opt/airflow/dags/hospital_dw_pipeline.py for tasks to queue
[2026-08-09T08:14:40.513+0000] {logging_mixin.py:188} INFO - [2026-08-09T08:14:40.512+0000] {dagbag.py:545} INFO - Filling up the DagBag from /opt/airflow/dags/hospital_dw_pipeline.py
[2026-08-09T08:14:40.593+0000] {processor.py:840} INFO - DAG(s) 'hospital_dw_batch_pipeline' retrieved from /opt/airflow/dags/hospital_dw_pipeline.py
[2026-08-09T08:14:40.619+0000] {logging_mixin.py:188} INFO - [2026-08-09T08:14:40.619+0000] {dag.py:3089} INFO - Sync 1 DAGs
[2026-08-09T08:14:40.631+0000] {logging_mixin.py:188} INFO - [2026-08-09T08:14:40.631+0000] {dag.py:3947} INFO - Setting next_dagrun for hospital_dw_batch_pipeline to None, run_after=None
[2026-08-09T08:14:40.659+0000] {processor.py:183} INFO - Processing /opt/airflow/dags/hospital_dw_pipeline.py took 0.163 seconds
[2026-08-09T08:15:10.932+0000] {processor.py:161} INFO - Started process (PID=501) to work on /opt/airflow/dags/hospital_dw_pipeline.py
[2026-08-09T08:15:10.934+0000] {processor.py:830} INFO - Processing file /opt/airflow/dags/hospital_dw_pipeline.py for tasks to queue
[2026-08-09T08:15:10.938+0000] {logging_mixin.py:188} INFO - [2026-08-09T08:15:10.938+0000] {dagbag.py:545} INFO - Filling up the DagBag from /opt/airflow/dags/hospital_dw_pipeline.py
[2026-08-09T08:15:11.067+0000] {processor.py:840} INFO - DAG(s) 'hospital_dw_batch_pipeline' retrieved from /opt/airflow/dags/hospital_dw_pipeline.py
[2026-08-09T08:15:11.088+0000] {logging_mixin.py:188} INFO - [2026-08-09T08:15:11.088+0000] {dag.py:3089} INFO - Sync 1 DAGs
[2026-08-09T08:15:11.097+0000] {logging_mixin.py:188} INFO - [2026-08-09T08:15:11.097+0000] {dag.py:3947} INFO - Setting next_dagrun for hospital_dw_batch_pipeline to None, run_after=None
[2026-08-09T08:15:11.112+0000] {processor.py:183} INFO - Processing /opt/airflow/dags/hospital_dw_pipeline.py took 0.189 seconds
[2026-08-09T08:15:41.178+0000] {processor.py:161} INFO - Started process (PID=506) to work on /opt/airflow/dags/hospital_dw_pipeline.py
[2026-08-09T08:15:41.179+0000] {processor.py:830} INFO - Processing file /opt/airflow/dags/hospital_dw_pipeline.py for tasks to queue
[2026-08-09T08:15:41.183+0000] {logging_mixin.py:188} INFO - [2026-08-09T08:15:41.183+0000] {dagbag.py:545} INFO - Filling up the DagBag from /opt/airflow/dags/hospital_dw_pipeline.py
[2026-08-09T08:15:41.274+0000] {processor.py:840} INFO - DAG(s) 'hospital_dw_batch_pipeline' retrieved from /opt/airflow/dags/hospital_dw_pipeline.py
[2026-08-09T08:15:41.297+0000] {logging_mixin.py:188} INFO - [2026-08-09T08:15:41.297+0000] {dag.py:3089} INFO - Sync 1 DAGs
[2026-08-09T08:15:41.307+0000] {logging_mixin.py:188} INFO - [2026-08-09T08:15:41.307+0000] {dag.py:3947} INFO - Setting next_dagrun for hospital_dw_batch_pipeline to None, run_after=None
[2026-08-09T08:15:41.323+0000] {processor.py:183} INFO - Processing /opt/airflow/dags/hospital_dw_pipeline.py took 0.153 seconds
[2026-08-09T08:16:11.550+0000] {processor.py:161} INFO - Started process (PID=511) to work on /opt/airflow/dags/hospital_dw_pipeline.py
[2026-08-09T08:16:11.551+0000] {processor.py:830} INFO - Processing file /opt/airflow/dags/hospital_dw_pipeline.py for tasks to queue
[2026-08-09T08:16:11.555+0000] {logging_mixin.py:188} INFO - [2026-08-09T08:16:11.555+0000] {dagbag.py:545} INFO - Filling up the DagBag from /opt/airflow/dags/hospital_dw_pipeline.py
[2026-08-09T08:16:11.691+0000] {processor.py:840} INFO - DAG(s) 'hospital_dw_batch_pipeline' retrieved from /opt/airflow/dags/hospital_dw_pipeline.py
[2026-08-09T08:16:11.716+0000] {logging_mixin.py:188} INFO - [2026-08-09T08:16:11.716+0000] {dag.py:3089} INFO - Sync 1 DAGs
[2026-08-09T08:16:11.728+0000] {logging_mixin.py:188} INFO - [2026-08-09T08:16:11.728+0000] {dag.py:3947} INFO - Setting next_dagrun for hospital_dw_batch_pipeline to None, run_after=None
[2026-08-09T08:16:11.744+0000] {processor.py:183} INFO - Processing /opt/airflow/dags/hospital_dw_pipeline.py took 0.200 seconds
[2026-08-09T08:16:42.014+0000] {processor.py:161} INFO - Started process (PID=516) to work on /opt/airflow/dags/hospital_dw_pipeline.py
[2026-08-09T08:16:42.016+0000] {processor.py:830} INFO - Processing file /opt/airflow/dags/hospital_dw_pipeline.py for tasks to queue
[2026-08-09T08:16:42.019+0000] {logging_mixin.py:188} INFO - [2026-08-09T08:16:42.019+0000] {dagbag.py:545} INFO - Filling up the DagBag from /opt/airflow/dags/hospital_dw_pipeline.py
[2026-08-09T08:16:42.160+0000] {processor.py:840} INFO - DAG(s) 'hospital_dw_batch_pipeline' retrieved from /opt/airflow/dags/hospital_dw_pipeline.py
[2026-08-09T08:16:42.183+0000] {logging_mixin.py:188} INFO - [2026-08-09T08:16:42.183+0000] {dag.py:3089} INFO - Sync 1 DAGs
[2026-08-09T08:16:42.193+0000] {logging_mixin.py:188} INFO - [2026-08-09T08:16:42.193+0000] {dag.py:3947} INFO - Setting next_dagrun for hospital_dw_batch_pipeline to None, run_after=None
[2026-08-09T08:16:42.206+0000] {processor.py:183} INFO - Processing /opt/airflow/dags/hospital_dw_pipeline.py took 0.199 seconds
[2026-08-09T08:17:12.481+0000] {processor.py:161} INFO - Started process (PID=521) to work on /opt/airflow/dags/hospital_dw_pipeline.py
[2026-08-09T08:17:12.484+0000] {processor.py:830} INFO - Processing file /opt/airflow/dags/hospital_dw_pipeline.py for tasks to queue
[2026-08-09T08:17:12.488+0000] {logging_mixin.py:188} INFO - [2026-08-09T08:17:12.487+0000] {dagbag.py:545} INFO - Filling up the DagBag from /opt/airflow/dags/hospital_dw_pipeline.py
[2026-08-09T08:17:12.602+0000] {processor.py:840} INFO - DAG(s) 'hospital_dw_batch_pipeline' retrieved from /opt/airflow/dags/hospital_dw_pipeline.py
[2026-08-09T08:17:12.649+0000] {logging_mixin.py:188} INFO - [2026-08-09T08:17:12.649+0000] {dag.py:3089} INFO - Sync 1 DAGs
[2026-08-09T08:17:12.666+0000] {logging_mixin.py:188} INFO - [2026-08-09T08:17:12.666+0000] {dag.py:3947} INFO - Setting next_dagrun for hospital_dw_batch_pipeline to None, run_after=None
[2026-08-09T08:17:12.698+0000] {processor.py:183} INFO - Processing /opt/airflow/dags/hospital_dw_pipeline.py took 0.228 seconds
[2026-08-09T08:17:43.000+0000] {processor.py:161} INFO - Started process (PID=526) to work on /opt/airflow/dags/hospital_dw_pipeline.py
[2026-08-09T08:17:43.002+0000] {processor.py:830} INFO - Processing file /opt/airflow/dags/hospital_dw_pipeline.py for tasks to queue
[2026-08-09T08:17:43.006+0000] {logging_mixin.py:188} INFO - [2026-08-09T08:17:43.006+0000] {dagbag.py:545} INFO - Filling up the DagBag from /opt/airflow/dags/hospital_dw_pipeline.py
[2026-08-09T08:17:43.088+0000] {processor.py:840} INFO - DAG(s) 'hospital_dw_batch_pipeline' retrieved from /opt/airflow/dags/hospital_dw_pipeline.py
[2026-08-09T08:17:43.116+0000] {logging_mixin.py:188} INFO - [2026-08-09T08:17:43.116+0000] {dag.py:3089} INFO - Sync 1 DAGs
[2026-08-09T08:17:43.133+0000] {logging_mixin.py:188} INFO - [2026-08-09T08:17:43.133+0000] {dag.py:3947} INFO - Setting next_dagrun for hospital_dw_batch_pipeline to None, run_after=None
[2026-08-09T08:17:43.158+0000] {processor.py:183} INFO - Processing /opt/airflow/dags/hospital_dw_pipeline.py took 0.167 seconds
[2026-08-09T08:18:13.261+0000] {processor.py:161} INFO - Started process (PID=531) to work on /opt/airflow/dags/hospital_dw_pipeline.py
[2026-08-09T08:18:13.263+0000] {processor.py:830} INFO - Processing file /opt/airflow/dags/hospital_dw_pipeline.py for tasks to queue
[2026-08-09T08:18:13.265+0000] {logging_mixin.py:188} INFO - [2026-08-09T08:18:13.265+0000] {dagbag.py:545} INFO - Filling up the DagBag from /opt/airflow/dags/hospital_dw_pipeline.py
[2026-08-09T08:18:13.343+0000] {processor.py:840} INFO - DAG(s) 'hospital_dw_batch_pipeline' retrieved from /opt/airflow/dags/hospital_dw_pipeline.py
[2026-08-09T08:18:13.369+0000] {logging_mixin.py:188} INFO - [2026-08-09T08:18:13.369+0000] {dag.py:3089} INFO - Sync 1 DAGs
[2026-08-09T08:18:13.381+0000] {logging_mixin.py:188} INFO - [2026-08-09T08:18:13.381+0000] {dag.py:3947} INFO - Setting next_dagrun for hospital_dw_batch_pipeline to None, run_after=None
[2026-08-09T08:18:13.402+0000] {processor.py:183} INFO - Processing /opt/airflow/dags/hospital_dw_pipeline.py took 0.151 seconds
[2026-08-09T08:18:43.689+0000] {processor.py:161} INFO - Started process (PID=536) to work on /opt/airflow/dags/hospital_dw_pipeline.py
[2026-08-09T08:18:43.690+0000] {processor.py:830} INFO - Processing file /opt/airflow/dags/hospital_dw_pipeline.py for tasks to queue
[2026-08-09T08:18:43.693+0000] {logging_mixin.py:188} INFO - [2026-08-09T08:18:43.692+0000] {dagbag.py:545} INFO - Filling up the DagBag from /opt/airflow/dags/hospital_dw_pipeline.py
[2026-08-09T08:18:43.795+0000] {processor.py:840} INFO - DAG(s) 'hospital_dw_batch_pipeline' retrieved from /opt/airflow/dags/hospital_dw_pipeline.py
[2026-08-09T08:18:43.825+0000] {logging_mixin.py:188} INFO - [2026-08-09T08:18:43.825+0000] {dag.py:3089} INFO - Sync 1 DAGs
[2026-08-09T08:18:43.839+0000] {logging_mixin.py:188} INFO - [2026-08-09T08:18:43.839+0000] {dag.py:3947} INFO - Setting next_dagrun for hospital_dw_batch_pipeline to None, run_after=None
[2026-08-09T08:18:43.867+0000] {processor.py:183} INFO - Processing /opt/airflow/dags/hospital_dw_pipeline.py took 0.184 seconds
[2026-08-09T08:19:14.074+0000] {processor.py:161} INFO - Started process (PID=541) to work on /opt/airflow/dags/hospital_dw_pipeline.py
[2026-08-09T08:19:14.075+0000] {processor.py:830} INFO - Processing file /opt/airflow/dags/hospital_dw_pipeline.py for tasks to queue
[2026-08-09T08:19:14.077+0000] {logging_mixin.py:188} INFO - [2026-08-09T08:19:14.076+0000] {dagbag.py:545} INFO - Filling up the DagBag from /opt/airflow/dags/hospital_dw_pipeline.py
[2026-08-09T08:19:14.136+0000] {processor.py:840} INFO - DAG(s) 'hospital_dw_batch_pipeline' retrieved from /opt/airflow/dags/hospital_dw_pipeline.py
[2026-08-09T08:19:14.157+0000] {logging_mixin.py:188} INFO - [2026-08-09T08:19:14.157+0000] {dag.py:3089} INFO - Sync 1 DAGs
[2026-08-09T08:19:14.167+0000] {logging_mixin.py:188} INFO - [2026-08-09T08:19:14.167+0000] {dag.py:3947} INFO - Setting next_dagrun for hospital_dw_batch_pipeline to None, run_after=None
[2026-08-09T08:19:14.180+0000] {processor.py:183} INFO - Processing /opt/airflow/dags/hospital_dw_pipeline.py took 0.110 seconds
[2026-08-09T08:19:44.354+0000] {processor.py:161} INFO - Started process (PID=546) to work on /opt/airflow/dags/hospital_dw_pipeline.py
[2026-08-09T08:19:44.356+0000] {processor.py:830} INFO - Processing file /opt/airflow/dags/hospital_dw_pipeline.py for tasks to queue
[2026-08-09T08:19:44.359+0000] {logging_mixin.py:188} INFO - [2026-08-09T08:19:44.358+0000] {dagbag.py:545} INFO - Filling up the DagBag from /opt/airflow/dags/hospital_dw_pipeline.py
[2026-08-09T08:19:44.443+0000] {processor.py:840} INFO - DAG(s) 'hospital_dw_batch_pipeline' retrieved from /opt/airflow/dags/hospital_dw_pipeline.py
[2026-08-09T08:19:44.472+0000] {logging_mixin.py:188} INFO - [2026-08-09T08:19:44.472+0000] {dag.py:3089} INFO - Sync 1 DAGs
[2026-08-09T08:19:44.483+0000] {logging_mixin.py:188} INFO - [2026-08-09T08:19:44.483+0000] {dag.py:3947} INFO - Setting next_dagrun for hospital_dw_batch_pipeline to None, run_after=None
[2026-08-09T08:19:44.509+0000] {processor.py:183} INFO - Processing /opt/airflow/dags/hospital_dw_pipeline.py took 0.162 seconds
[2026-08-09T08:20:14.642+0000] {processor.py:161} INFO - Started process (PID=551) to work on /opt/airflow/dags/hospital_dw_pipeline.py
[2026-08-09T08:20:14.643+0000] {processor.py:830} INFO - Processing file /opt/airflow/dags/hospital_dw_pipeline.py for tasks to queue
[2026-08-09T08:20:14.646+0000] {logging_mixin.py:188} INFO - [2026-08-09T08:20:14.646+0000] {dagbag.py:545} INFO - Filling up the DagBag from /opt/airflow/dags/hospital_dw_pipeline.py
[2026-08-09T08:20:14.725+0000] {processor.py:840} INFO - DAG(s) 'hospital_dw_batch_pipeline' retrieved from /opt/airflow/dags/hospital_dw_pipeline.py
[2026-08-09T08:20:14.751+0000] {logging_mixin.py:188} INFO - [2026-08-09T08:20:14.750+0000] {dag.py:3089} INFO - Sync 1 DAGs
[2026-08-09T08:20:14.762+0000] {logging_mixin.py:188} INFO - [2026-08-09T08:20:14.762+0000] {dag.py:3947} INFO - Setting next_dagrun for hospital_dw_batch_pipeline to None, run_after=None
[2026-08-09T08:20:14.780+0000] {processor.py:183} INFO - Processing /opt/airflow/dags/hospital_dw_pipeline.py took 0.145 seconds
[2026-08-09T08:20:44.993+0000] {processor.py:161} INFO - Started process (PID=556) to work on /opt/airflow/dags/hospital_dw_pipeline.py
[2026-08-09T08:20:44.995+0000] {processor.py:830} INFO - Processing file /opt/airflow/dags/hospital_dw_pipeline.py for tasks to queue
[2026-08-09T08:20:44.997+0000] {logging_mixin.py:188} INFO - [2026-08-09T08:20:44.996+0000] {dagbag.py:545} INFO - Filling up the DagBag from /opt/airflow/dags/hospital_dw_pipeline.py
[2026-08-09T08:20:45.072+0000] {processor.py:840} INFO - DAG(s) 'hospital_dw_batch_pipeline' retrieved from /opt/airflow/dags/hospital_dw_pipeline.py
[2026-08-09T08:20:45.095+0000] {logging_mixin.py:188} INFO - [2026-08-09T08:20:45.095+0000] {dag.py:3089} INFO - Sync 1 DAGs
[2026-08-09T08:20:45.106+0000] {logging_mixin.py:188} INFO - [2026-08-09T08:20:45.106+0000] {dag.py:3947} INFO - Setting next_dagrun for hospital_dw_batch_pipeline to None, run_after=None
[2026-08-09T08:20:45.125+0000] {processor.py:183} INFO - Processing /opt/airflow/dags/hospital_dw_pipeline.py took 0.136 seconds
[2026-08-09T08:21:15.242+0000] {processor.py:161} INFO - Started process (PID=561) to work on /opt/airflow/dags/hospital_dw_pipeline.py
[2026-08-09T08:21:15.244+0000] {processor.py:830} INFO - Processing file /opt/airflow/dags/hospital_dw_pipeline.py for tasks to queue
[2026-08-09T08:21:15.248+0000] {logging_mixin.py:188} INFO - [2026-08-09T08:21:15.248+0000] {dagbag.py:545} INFO - Filling up the DagBag from /opt/airflow/dags/hospital_dw_pipeline.py
[2026-08-09T08:21:15.356+0000] {processor.py:840} INFO - DAG(s) 'hospital_dw_batch_pipeline' retrieved from /opt/airflow/dags/hospital_dw_pipeline.py
[2026-08-09T08:21:15.386+0000] {logging_mixin.py:188} INFO - [2026-08-09T08:21:15.386+0000] {dag.py:3089} INFO - Sync 1 DAGs
[2026-08-09T08:21:15.400+0000] {logging_mixin.py:188} INFO - [2026-08-09T08:21:15.400+0000] {dag.py:3947} INFO - Setting next_dagrun for hospital_dw_batch_pipeline to None, run_after=None
[2026-08-09T08:21:15.423+0000] {processor.py:183} INFO - Processing /opt/airflow/dags/hospital_dw_pipeline.py took 0.190 seconds
[2026-08-09T08:21:45.574+0000] {processor.py:161} INFO - Started process (PID=566) to work on /opt/airflow/dags/hospital_dw_pipeline.py
[2026-08-09T08:21:45.575+0000] {processor.py:830} INFO - Processing file /opt/airflow/dags/hospital_dw_pipeline.py for tasks to queue
[2026-08-09T08:21:45.582+0000] {logging_mixin.py:188} INFO - [2026-08-09T08:21:45.581+0000] {dagbag.py:545} INFO - Filling up the DagBag from /opt/airflow/dags/hospital_dw_pipeline.py
[2026-08-09T08:21:45.664+0000] {processor.py:840} INFO - DAG(s) 'hospital_dw_batch_pipeline' retrieved from /opt/airflow/dags/hospital_dw_pipeline.py
[2026-08-09T08:21:45.690+0000] {logging_mixin.py:188} INFO - [2026-08-09T08:21:45.690+0000] {dag.py:3089} INFO - Sync 1 DAGs
[2026-08-09T08:21:45.704+0000] {logging_mixin.py:188} INFO - [2026-08-09T08:21:45.704+0000] {dag.py:3947} INFO - Setting next_dagrun for hospital_dw_batch_pipeline to None, run_after=None
[2026-08-09T08:21:45.726+0000] {processor.py:183} INFO - Processing /opt/airflow/dags/hospital_dw_pipeline.py took 0.157 seconds
[2026-08-09T08:22:15.988+0000] {processor.py:161} INFO - Started process (PID=571) to work on /opt/airflow/dags/hospital_dw_pipeline.py
[2026-08-09T08:22:15.992+0000] {processor.py:830} INFO - Processing file /opt/airflow/dags/hospital_dw_pipeline.py for tasks to queue
[2026-08-09T08:22:16.000+0000] {logging_mixin.py:188} INFO - [2026-08-09T08:22:15.999+0000] {dagbag.py:545} INFO - Filling up the DagBag from /opt/airflow/dags/hospital_dw_pipeline.py
[2026-08-09T08:22:16.104+0000] {processor.py:840} INFO - DAG(s) 'hospital_dw_batch_pipeline' retrieved from /opt/airflow/dags/hospital_dw_pipeline.py
[2026-08-09T08:22:16.131+0000] {logging_mixin.py:188} INFO - [2026-08-09T08:22:16.131+0000] {dag.py:3089} INFO - Sync 1 DAGs
[2026-08-09T08:22:16.145+0000] {logging_mixin.py:188} INFO - [2026-08-09T08:22:16.145+0000] {dag.py:3947} INFO - Setting next_dagrun for hospital_dw_batch_pipeline to None, run_after=None
[2026-08-09T08:22:16.169+0000] {processor.py:183} INFO - Processing /opt/airflow/dags/hospital_dw_pipeline.py took 0.207 seconds
[2026-08-09T08:22:46.399+0000] {processor.py:161} INFO - Started process (PID=576) to work on /opt/airflow/dags/hospital_dw_pipeline.py
[2026-08-09T08:22:46.403+0000] {processor.py:830} INFO - Processing file /opt/airflow/dags/hospital_dw_pipeline.py for tasks to queue
[2026-08-09T08:22:46.412+0000] {logging_mixin.py:188} INFO - [2026-08-09T08:22:46.411+0000] {dagbag.py:545} INFO - Filling up the DagBag from /opt/airflow/dags/hospital_dw_pipeline.py
[2026-08-09T08:22:46.544+0000] {processor.py:840} INFO - DAG(s) 'hospital_dw_batch_pipeline' retrieved from /opt/airflow/dags/hospital_dw_pipeline.py
[2026-08-09T08:22:46.571+0000] {logging_mixin.py:188} INFO - [2026-08-09T08:22:46.570+0000] {dag.py:3089} INFO - Sync 1 DAGs
[2026-08-09T08:22:46.586+0000] {logging_mixin.py:188} INFO - [2026-08-09T08:22:46.586+0000] {dag.py:3947} INFO - Setting next_dagrun for hospital_dw_batch_pipeline to None, run_after=None
[2026-08-09T08:22:46.621+0000] {processor.py:183} INFO - Processing /opt/airflow/dags/hospital_dw_pipeline.py took 0.236 seconds
[2026-08-09T08:23:16.829+0000] {processor.py:161} INFO - Started process (PID=581) to work on /opt/airflow/dags/hospital_dw_pipeline.py
[2026-08-09T08:23:16.831+0000] {processor.py:830} INFO - Processing file /opt/airflow/dags/hospital_dw_pipeline.py for tasks to queue
[2026-08-09T08:23:16.836+0000] {logging_mixin.py:188} INFO - [2026-08-09T08:23:16.836+0000] {dagbag.py:545} INFO - Filling up the DagBag from /opt/airflow/dags/hospital_dw_pipeline.py
[2026-08-09T08:23:16.933+0000] {processor.py:840} INFO - DAG(s) 'hospital_dw_batch_pipeline' retrieved from /opt/airflow/dags/hospital_dw_pipeline.py
[2026-08-09T08:23:16.959+0000] {logging_mixin.py:188} INFO - [2026-08-09T08:23:16.958+0000] {dag.py:3089} INFO - Sync 1 DAGs
[2026-08-09T08:23:16.970+0000] {logging_mixin.py:188} INFO - [2026-08-09T08:23:16.970+0000] {dag.py:3947} INFO - Setting next_dagrun for hospital_dw_batch_pipeline to None, run_after=None
[2026-08-09T08:23:16.993+0000] {processor.py:183} INFO - Processing /opt/airflow/dags/hospital_dw_pipeline.py took 0.177 seconds
[2026-08-09T08:23:47.134+0000] {processor.py:161} INFO - Started process (PID=586) to work on /opt/airflow/dags/hospital_dw_pipeline.py
[2026-08-09T08:23:47.136+0000] {processor.py:830} INFO - Processing file /opt/airflow/dags/hospital_dw_pipeline.py for tasks to queue
[2026-08-09T08:23:47.139+0000] {logging_mixin.py:188} INFO - [2026-08-09T08:23:47.138+0000] {dagbag.py:545} INFO - Filling up the DagBag from /opt/airflow/dags/hospital_dw_pipeline.py
[2026-08-09T08:23:47.250+0000] {processor.py:840} INFO - DAG(s) 'hospital_dw_batch_pipeline' retrieved from /opt/airflow/dags/hospital_dw_pipeline.py
[2026-08-09T08:23:47.271+0000] {logging_mixin.py:188} INFO - [2026-08-09T08:23:47.271+0000] {dag.py:3089} INFO - Sync 1 DAGs
[2026-08-09T08:23:47.281+0000] {logging_mixin.py:188} INFO - [2026-08-09T08:23:47.281+0000] {dag.py:3947} INFO - Setting next_dagrun for hospital_dw_batch_pipeline to None, run_after=None
[2026-08-09T08:23:47.297+0000] {processor.py:183} INFO - Processing /opt/airflow/dags/hospital_dw_pipeline.py took 0.175 seconds
[2026-08-09T08:24:17.474+0000] {processor.py:161} INFO - Started process (PID=591) to work on /opt/airflow/dags/hospital_dw_pipeline.py
[2026-08-09T08:24:17.476+0000] {processor.py:830} INFO - Processing file /opt/airflow/dags/hospital_dw_pipeline.py for tasks to queue
[2026-08-09T08:24:17.479+0000] {logging_mixin.py:188} INFO - [2026-08-09T08:24:17.479+0000] {dagbag.py:545} INFO - Filling up the DagBag from /opt/airflow/dags/hospital_dw_pipeline.py
[2026-08-09T08:24:17.582+0000] {processor.py:840} INFO - DAG(s) 'hospital_dw_batch_pipeline' retrieved from /opt/airflow/dags/hospital_dw_pipeline.py
[2026-08-09T08:24:17.608+0000] {logging_mixin.py:188} INFO - [2026-08-09T08:24:17.608+0000] {dag.py:3089} INFO - Sync 1 DAGs
[2026-08-09T08:24:17.622+0000] {logging_mixin.py:188} INFO - [2026-08-09T08:24:17.622+0000] {dag.py:3947} INFO - Setting next_dagrun for hospital_dw_batch_pipeline to None, run_after=None
[2026-08-09T08:24:17.642+0000] {processor.py:183} INFO - Processing /opt/airflow/dags/hospital_dw_pipeline.py took 0.177 seconds
[2026-08-09T08:24:47.841+0000] {processor.py:161} INFO - Started process (PID=596) to work on /opt/airflow/dags/hospital_dw_pipeline.py
[2026-08-09T08:24:47.843+0000] {processor.py:830} INFO - Processing file /opt/airflow/dags/hospital_dw_pipeline.py for tasks to queue
[2026-08-09T08:24:47.845+0000] {logging_mixin.py:188} INFO - [2026-08-09T08:24:47.845+0000] {dagbag.py:545} INFO - Filling up the DagBag from /opt/airflow/dags/hospital_dw_pipeline.py
[2026-08-09T08:24:47.921+0000] {processor.py:840} INFO - DAG(s) 'hospital_dw_batch_pipeline' retrieved from /opt/airflow/dags/hospital_dw_pipeline.py
[2026-08-09T08:24:47.946+0000] {logging_mixin.py:188} INFO - [2026-08-09T08:24:47.946+0000] {dag.py:3089} INFO - Sync 1 DAGs
[2026-08-09T08:24:47.960+0000] {logging_mixin.py:188} INFO - [2026-08-09T08:24:47.959+0000] {dag.py:3947} INFO - Setting next_dagrun for hospital_dw_batch_pipeline to None, run_after=None
[2026-08-09T08:24:47.994+0000] {processor.py:183} INFO - Processing /opt/airflow/dags/hospital_dw_pipeline.py took 0.157 seconds
[2026-08-09T08:25:18.141+0000] {processor.py:161} INFO - Started process (PID=601) to work on /opt/airflow/dags/hospital_dw_pipeline.py
[2026-08-09T08:25:18.142+0000] {processor.py:830} INFO - Processing file /opt/airflow/dags/hospital_dw_pipeline.py for tasks to queue
[2026-08-09T08:25:18.151+0000] {logging_mixin.py:188} INFO - [2026-08-09T08:25:18.151+0000] {dagbag.py:545} INFO - Filling up the DagBag from /opt/airflow/dags/hospital_dw_pipeline.py
[2026-08-09T08:25:18.239+0000] {processor.py:840} INFO - DAG(s) 'hospital_dw_batch_pipeline' retrieved from /opt/airflow/dags/hospital_dw_pipeline.py
[2026-08-09T08:25:18.260+0000] {logging_mixin.py:188} INFO - [2026-08-09T08:25:18.259+0000] {dag.py:3089} INFO - Sync 1 DAGs
[2026-08-09T08:25:18.268+0000] {logging_mixin.py:188} INFO - [2026-08-09T08:25:18.268+0000] {dag.py:3947} INFO - Setting next_dagrun for hospital_dw_batch_pipeline to None, run_after=None
[2026-08-09T08:25:18.284+0000] {processor.py:183} INFO - Processing /opt/airflow/dags/hospital_dw_pipeline.py took 0.148 seconds
[2026-08-09T08:25:48.493+0000] {processor.py:161} INFO - Started process (PID=606) to work on /opt/airflow/dags/hospital_dw_pipeline.py
[2026-08-09T08:25:48.494+0000] {processor.py:830} INFO - Processing file /opt/airflow/dags/hospital_dw_pipeline.py for tasks to queue
[2026-08-09T08:25:48.498+0000] {logging_mixin.py:188} INFO - [2026-08-09T08:25:48.498+0000] {dagbag.py:545} INFO - Filling up the DagBag from /opt/airflow/dags/hospital_dw_pipeline.py
[2026-08-09T08:25:48.611+0000] {processor.py:840} INFO - DAG(s) 'hospital_dw_batch_pipeline' retrieved from /opt/airflow/dags/hospital_dw_pipeline.py
[2026-08-09T08:25:48.634+0000] {logging_mixin.py:188} INFO - [2026-08-09T08:25:48.634+0000] {dag.py:3089} INFO - Sync 1 DAGs
[2026-08-09T08:25:48.644+0000] {logging_mixin.py:188} INFO - [2026-08-09T08:25:48.644+0000] {dag.py:3947} INFO - Setting next_dagrun for hospital_dw_batch_pipeline to None, run_after=None
[2026-08-09T08:25:48.667+0000] {processor.py:183} INFO - Processing /opt/airflow/dags/hospital_dw_pipeline.py took 0.179 seconds
[2026-08-09T08:26:18.808+0000] {processor.py:161} INFO - Started process (PID=611) to work on /opt/airflow/dags/hospital_dw_pipeline.py
[2026-08-09T08:26:18.810+0000] {processor.py:830} INFO - Processing file /opt/airflow/dags/hospital_dw_pipeline.py for tasks to queue
[2026-08-09T08:26:18.814+0000] {logging_mixin.py:188} INFO - [2026-08-09T08:26:18.813+0000] {dagbag.py:545} INFO - Filling up the DagBag from /opt/airflow/dags/hospital_dw_pipeline.py
[2026-08-09T08:26:18.926+0000] {processor.py:840} INFO - DAG(s) 'hospital_dw_batch_pipeline' retrieved from /opt/airflow/dags/hospital_dw_pipeline.py
[2026-08-09T08:26:18.948+0000] {logging_mixin.py:188} INFO - [2026-08-09T08:26:18.948+0000] {dag.py:3089} INFO - Sync 1 DAGs
[2026-08-09T08:26:18.960+0000] {logging_mixin.py:188} INFO - [2026-08-09T08:26:18.960+0000] {dag.py:3947} INFO - Setting next_dagrun for hospital_dw_batch_pipeline to None, run_after=None
[2026-08-09T08:26:18.985+0000] {processor.py:183} INFO - Processing /opt/airflow/dags/hospital_dw_pipeline.py took 0.187 seconds
[2026-08-09T08:26:49.134+0000] {processor.py:161} INFO - Started process (PID=616) to work on /opt/airflow/dags/hospital_dw_pipeline.py
[2026-08-09T08:26:49.136+0000] {processor.py:830} INFO - Processing file /opt/airflow/dags/hospital_dw_pipeline.py for tasks to queue
[2026-08-09T08:26:49.139+0000] {logging_mixin.py:188} INFO - [2026-08-09T08:26:49.139+0000] {dagbag.py:545} INFO - Filling up the DagBag from /opt/airflow/dags/hospital_dw_pipeline.py
[2026-08-09T08:26:49.241+0000] {processor.py:840} INFO - DAG(s) 'hospital_dw_batch_pipeline' retrieved from /opt/airflow/dags/hospital_dw_pipeline.py
[2026-08-09T08:26:49.265+0000] {logging_mixin.py:188} INFO - [2026-08-09T08:26:49.265+0000] {dag.py:3089} INFO - Sync 1 DAGs
[2026-08-09T08:26:49.276+0000] {logging_mixin.py:188} INFO - [2026-08-09T08:26:49.276+0000] {dag.py:3947} INFO - Setting next_dagrun for hospital_dw_batch_pipeline to None, run_after=None
[2026-08-09T08:26:49.294+0000] {processor.py:183} INFO - Processing /opt/airflow/dags/hospital_dw_pipeline.py took 0.168 seconds
[2026-08-09T08:27:19.465+0000] {processor.py:161} INFO - Started process (PID=621) to work on /opt/airflow/dags/hospital_dw_pipeline.py
[2026-08-09T08:27:19.467+0000] {processor.py:830} INFO - Processing file /opt/airflow/dags/hospital_dw_pipeline.py for tasks to queue
[2026-08-09T08:27:19.469+0000] {logging_mixin.py:188} INFO - [2026-08-09T08:27:19.469+0000] {dagbag.py:545} INFO - Filling up the DagBag from /opt/airflow/dags/hospital_dw_pipeline.py
[2026-08-09T08:27:19.545+0000] {processor.py:840} INFO - DAG(s) 'hospital_dw_batch_pipeline' retrieved from /opt/airflow/dags/hospital_dw_pipeline.py
[2026-08-09T08:27:19.569+0000] {logging_mixin.py:188} INFO - [2026-08-09T08:27:19.569+0000] {dag.py:3089} INFO - Sync 1 DAGs
[2026-08-09T08:27:19.584+0000] {logging_mixin.py:188} INFO - [2026-08-09T08:27:19.583+0000] {dag.py:3947} INFO - Setting next_dagrun for hospital_dw_batch_pipeline to None, run_after=None
[2026-08-09T08:27:19.610+0000] {processor.py:183} INFO - Processing /opt/airflow/dags/hospital_dw_pipeline.py took 0.149 seconds
[2026-08-09T08:27:49.827+0000] {processor.py:161} INFO - Started process (PID=626) to work on /opt/airflow/dags/hospital_dw_pipeline.py
[2026-08-09T08:27:49.829+0000] {processor.py:830} INFO - Processing file /opt/airflow/dags/hospital_dw_pipeline.py for tasks to queue
[2026-08-09T08:27:49.833+0000] {logging_mixin.py:188} INFO - [2026-08-09T08:27:49.833+0000] {dagbag.py:545} INFO - Filling up the DagBag from /opt/airflow/dags/hospital_dw_pipeline.py
[2026-08-09T08:27:49.944+0000] {processor.py:840} INFO - DAG(s) 'hospital_dw_batch_pipeline' retrieved from /opt/airflow/dags/hospital_dw_pipeline.py
[2026-08-09T08:27:49.967+0000] {logging_mixin.py:188} INFO - [2026-08-09T08:27:49.966+0000] {dag.py:3089} INFO - Sync 1 DAGs
[2026-08-09T08:27:49.978+0000] {logging_mixin.py:188} INFO - [2026-08-09T08:27:49.977+0000] {dag.py:3947} INFO - Setting next_dagrun for hospital_dw_batch_pipeline to None, run_after=None
[2026-08-09T08:27:49.995+0000] {processor.py:183} INFO - Processing /opt/airflow/dags/hospital_dw_pipeline.py took 0.174 seconds
[2026-08-09T08:28:20.099+0000] {processor.py:161} INFO - Started process (PID=631) to work on /opt/airflow/dags/hospital_dw_pipeline.py
[2026-08-09T08:28:20.100+0000] {processor.py:830} INFO - Processing file /opt/airflow/dags/hospital_dw_pipeline.py for tasks to queue
[2026-08-09T08:28:20.105+0000] {logging_mixin.py:188} INFO - [2026-08-09T08:28:20.104+0000] {dagbag.py:545} INFO - Filling up the DagBag from /opt/airflow/dags/hospital_dw_pipeline.py
[2026-08-09T08:28:20.190+0000] {processor.py:840} INFO - DAG(s) 'hospital_dw_batch_pipeline' retrieved from /opt/airflow/dags/hospital_dw_pipeline.py
[2026-08-09T08:28:20.215+0000] {logging_mixin.py:188} INFO - [2026-08-09T08:28:20.215+0000] {dag.py:3089} INFO - Sync 1 DAGs
[2026-08-09T08:28:20.227+0000] {logging_mixin.py:188} INFO - [2026-08-09T08:28:20.227+0000] {dag.py:3947} INFO - Setting next_dagrun for hospital_dw_batch_pipeline to None, run_after=None
[2026-08-09T08:28:20.247+0000] {processor.py:183} INFO - Processing /opt/airflow/dags/hospital_dw_pipeline.py took 0.154 seconds
[2026-08-09T08:28:50.502+0000] {processor.py:161} INFO - Started process (PID=636) to work on /opt/airflow/dags/hospital_dw_pipeline.py
[2026-08-09T08:28:50.504+0000] {processor.py:830} INFO - Processing file /opt/airflow/dags/hospital_dw_pipeline.py for tasks to queue
[2026-08-09T08:28:50.508+0000] {logging_mixin.py:188} INFO - [2026-08-09T08:28:50.507+0000] {dagbag.py:545} INFO - Filling up the DagBag from /opt/airflow/dags/hospital_dw_pipeline.py
[2026-08-09T08:28:50.596+0000] {processor.py:840} INFO - DAG(s) 'hospital_dw_batch_pipeline' retrieved from /opt/airflow/dags/hospital_dw_pipeline.py
[2026-08-09T08:28:50.625+0000] {logging_mixin.py:188} INFO - [2026-08-09T08:28:50.624+0000] {dag.py:3089} INFO - Sync 1 DAGs
[2026-08-09T08:28:50.649+0000] {logging_mixin.py:188} INFO - [2026-08-09T08:28:50.648+0000] {dag.py:3947} INFO - Setting next_dagrun for hospital_dw_batch_pipeline to None, run_after=None
[2026-08-09T08:28:50.684+0000] {processor.py:183} INFO - Processing /opt/airflow/dags/hospital_dw_pipeline.py took 0.186 seconds
[2026-08-09T08:29:20.992+0000] {processor.py:161} INFO - Started process (PID=641) to work on /opt/airflow/dags/hospital_dw_pipeline.py
[2026-08-09T08:29:20.995+0000] {processor.py:830} INFO - Processing file /opt/airflow/dags/hospital_dw_pipeline.py for tasks to queue
[2026-08-09T08:29:20.999+0000] {logging_mixin.py:188} INFO - [2026-08-09T08:29:20.999+0000] {dagbag.py:545} INFO - Filling up the DagBag from /opt/airflow/dags/hospital_dw_pipeline.py
[2026-08-09T08:29:21.102+0000] {processor.py:840} INFO - DAG(s) 'hospital_dw_batch_pipeline' retrieved from /opt/airflow/dags/hospital_dw_pipeline.py
[2026-08-09T08:29:21.126+0000] {logging_mixin.py:188} INFO - [2026-08-09T08:29:21.126+0000] {dag.py:3089} INFO - Sync 1 DAGs
[2026-08-09T08:29:21.137+0000] {logging_mixin.py:188} INFO - [2026-08-09T08:29:21.137+0000] {dag.py:3947} INFO - Setting next_dagrun for hospital_dw_batch_pipeline to None, run_after=None
[2026-08-09T08:29:21.162+0000] {processor.py:183} INFO - Processing /opt/airflow/dags/hospital_dw_pipeline.py took 0.183 seconds
[2026-08-09T08:29:51.389+0000] {processor.py:161} INFO - Started process (PID=646) to work on /opt/airflow/dags/hospital_dw_pipeline.py
[2026-08-09T08:29:51.391+0000] {processor.py:830} INFO - Processing file /opt/airflow/dags/hospital_dw_pipeline.py for tasks to queue
[2026-08-09T08:29:51.395+0000] {logging_mixin.py:188} INFO - [2026-08-09T08:29:51.394+0000] {dagbag.py:545} INFO - Filling up the DagBag from /opt/airflow/dags/hospital_dw_pipeline.py
[2026-08-09T08:29:51.494+0000] {processor.py:840} INFO - DAG(s) 'hospital_dw_batch_pipeline' retrieved from /opt/airflow/dags/hospital_dw_pipeline.py
[2026-08-09T08:29:51.532+0000] {logging_mixin.py:188} INFO - [2026-08-09T08:29:51.532+0000] {dag.py:3089} INFO - Sync 1 DAGs
[2026-08-09T08:29:51.561+0000] {logging_mixin.py:188} INFO - [2026-08-09T08:29:51.561+0000] {dag.py:3947} INFO - Setting next_dagrun for hospital_dw_batch_pipeline to None, run_after=None
[2026-08-09T08:29:51.583+0000] {processor.py:183} INFO - Processing /opt/airflow/dags/hospital_dw_pipeline.py took 0.204 seconds
[2026-08-09T08:30:21.623+0000] {processor.py:161} INFO - Started process (PID=652) to work on /opt/airflow/dags/hospital_dw_pipeline.py
[2026-08-09T08:30:21.624+0000] {processor.py:830} INFO - Processing file /opt/airflow/dags/hospital_dw_pipeline.py for tasks to queue
[2026-08-09T08:30:21.626+0000] {logging_mixin.py:188} INFO - [2026-08-09T08:30:21.626+0000] {dagbag.py:545} INFO - Filling up the DagBag from /opt/airflow/dags/hospital_dw_pipeline.py
[2026-08-09T08:30:21.715+0000] {processor.py:840} INFO - DAG(s) 'hospital_dw_batch_pipeline' retrieved from /opt/airflow/dags/hospital_dw_pipeline.py
[2026-08-09T08:30:21.804+0000] {logging_mixin.py:188} INFO - [2026-08-09T08:30:21.803+0000] {dag.py:3089} INFO - Sync 1 DAGs
[2026-08-09T08:30:21.846+0000] {logging_mixin.py:188} INFO - [2026-08-09T08:30:21.845+0000] {dag.py:3947} INFO - Setting next_dagrun for hospital_dw_batch_pipeline to None, run_after=None
[2026-08-09T08:30:21.902+0000] {processor.py:183} INFO - Processing /opt/airflow/dags/hospital_dw_pipeline.py took 0.284 seconds
[2026-08-09T08:30:52.001+0000] {processor.py:161} INFO - Started process (PID=659) to work on /opt/airflow/dags/hospital_dw_pipeline.py
[2026-08-09T08:30:52.003+0000] {processor.py:830} INFO - Processing file /opt/airflow/dags/hospital_dw_pipeline.py for tasks to queue
[2026-08-09T08:30:52.007+0000] {logging_mixin.py:188} INFO - [2026-08-09T08:30:52.007+0000] {dagbag.py:545} INFO - Filling up the DagBag from /opt/airflow/dags/hospital_dw_pipeline.py
[2026-08-09T08:30:52.169+0000] {processor.py:840} INFO - DAG(s) 'hospital_dw_batch_pipeline' retrieved from /opt/airflow/dags/hospital_dw_pipeline.py
[2026-08-09T08:30:52.214+0000] {logging_mixin.py:188} INFO - [2026-08-09T08:30:52.213+0000] {dag.py:3089} INFO - Sync 1 DAGs
[2026-08-09T08:30:52.236+0000] {logging_mixin.py:188} INFO - [2026-08-09T08:30:52.235+0000] {dag.py:3947} INFO - Setting next_dagrun for hospital_dw_batch_pipeline to None, run_after=None
[2026-08-09T08:30:52.268+0000] {processor.py:183} INFO - Processing /opt/airflow/dags/hospital_dw_pipeline.py took 0.277 seconds
[2026-08-09T08:31:22.568+0000] {processor.py:161} INFO - Started process (PID=664) to work on /opt/airflow/dags/hospital_dw_pipeline.py
[2026-08-09T08:31:22.571+0000] {processor.py:830} INFO - Processing file /opt/airflow/dags/hospital_dw_pipeline.py for tasks to queue
[2026-08-09T08:31:22.591+0000] {logging_mixin.py:188} INFO - [2026-08-09T08:31:22.582+0000] {dagbag.py:545} INFO - Filling up the DagBag from /opt/airflow/dags/hospital_dw_pipeline.py
[2026-08-09T08:31:23.524+0000] {processor.py:840} INFO - DAG(s) 'hospital_dw_batch_pipeline' retrieved from /opt/airflow/dags/hospital_dw_pipeline.py
[2026-08-09T08:31:23.815+0000] {logging_mixin.py:188} INFO - [2026-08-09T08:31:23.815+0000] {dag.py:3089} INFO - Sync 1 DAGs
[2026-08-09T08:31:24.024+0000] {logging_mixin.py:188} INFO - [2026-08-09T08:31:24.024+0000] {dag.py:3947} INFO - Setting next_dagrun for hospital_dw_batch_pipeline to None, run_after=None
[2026-08-09T08:31:24.156+0000] {processor.py:183} INFO - Processing /opt/airflow/dags/hospital_dw_pipeline.py took 1.605 seconds
[2026-08-09T08:31:54.384+0000] {processor.py:161} INFO - Started process (PID=670) to work on /opt/airflow/dags/hospital_dw_pipeline.py
[2026-08-09T08:31:54.386+0000] {processor.py:830} INFO - Processing file /opt/airflow/dags/hospital_dw_pipeline.py for tasks to queue
[2026-08-09T08:31:54.389+0000] {logging_mixin.py:188} INFO - [2026-08-09T08:31:54.388+0000] {dagbag.py:545} INFO - Filling up the DagBag from /opt/airflow/dags/hospital_dw_pipeline.py
[2026-08-09T08:31:54.465+0000] {processor.py:840} INFO - DAG(s) 'hospital_dw_batch_pipeline' retrieved from /opt/airflow/dags/hospital_dw_pipeline.py
[2026-08-09T08:31:54.492+0000] {logging_mixin.py:188} INFO - [2026-08-09T08:31:54.492+0000] {dag.py:3089} INFO - Sync 1 DAGs
[2026-08-09T08:31:54.507+0000] {logging_mixin.py:188} INFO - [2026-08-09T08:31:54.507+0000] {dag.py:3947} INFO - Setting next_dagrun for hospital_dw_batch_pipeline to None, run_after=None
[2026-08-09T08:31:54.531+0000] {processor.py:183} INFO - Processing /opt/airflow/dags/hospital_dw_pipeline.py took 0.152 seconds
[2026-08-09T08:32:24.609+0000] {processor.py:161} INFO - Started process (PID=676) to work on /opt/airflow/dags/hospital_dw_pipeline.py
[2026-08-09T08:32:24.610+0000] {processor.py:830} INFO - Processing file /opt/airflow/dags/hospital_dw_pipeline.py for tasks to queue
[2026-08-09T08:32:24.613+0000] {logging_mixin.py:188} INFO - [2026-08-09T08:32:24.613+0000] {dagbag.py:545} INFO - Filling up the DagBag from /opt/airflow/dags/hospital_dw_pipeline.py
[2026-08-09T08:32:24.699+0000] {processor.py:840} INFO - DAG(s) 'hospital_dw_batch_pipeline' retrieved from /opt/airflow/dags/hospital_dw_pipeline.py
[2026-08-09T08:32:24.731+0000] {logging_mixin.py:188} INFO - [2026-08-09T08:32:24.731+0000] {dag.py:3089} INFO - Sync 1 DAGs
[2026-08-09T08:32:24.742+0000] {logging_mixin.py:188} INFO - [2026-08-09T08:32:24.741+0000] {dag.py:3947} INFO - Setting next_dagrun for hospital_dw_batch_pipeline to None, run_after=None
[2026-08-09T08:32:24.758+0000] {processor.py:183} INFO - Processing /opt/airflow/dags/hospital_dw_pipeline.py took 0.156 seconds
[2026-08-09T08:32:55.004+0000] {processor.py:161} INFO - Started process (PID=681) to work on /opt/airflow/dags/hospital_dw_pipeline.py
[2026-08-09T08:32:55.006+0000] {processor.py:830} INFO - Processing file /opt/airflow/dags/hospital_dw_pipeline.py for tasks to queue
[2026-08-09T08:32:55.010+0000] {logging_mixin.py:188} INFO - [2026-08-09T08:32:55.009+0000] {dagbag.py:545} INFO - Filling up the DagBag from /opt/airflow/dags/hospital_dw_pipeline.py
[2026-08-09T08:32:55.104+0000] {processor.py:840} INFO - DAG(s) 'hospital_dw_batch_pipeline' retrieved from /opt/airflow/dags/hospital_dw_pipeline.py
[2026-08-09T08:32:55.139+0000] {logging_mixin.py:188} INFO - [2026-08-09T08:32:55.138+0000] {dag.py:3089} INFO - Sync 1 DAGs
[2026-08-09T08:32:55.162+0000] {logging_mixin.py:188} INFO - [2026-08-09T08:32:55.162+0000] {dag.py:3947} INFO - Setting next_dagrun for hospital_dw_batch_pipeline to None, run_after=None
[2026-08-09T08:32:55.198+0000] {processor.py:183} INFO - Processing /opt/airflow/dags/hospital_dw_pipeline.py took 0.205 seconds
[2026-08-09T08:33:25.266+0000] {processor.py:161} INFO - Started process (PID=686) to work on /opt/airflow/dags/hospital_dw_pipeline.py
[2026-08-09T08:33:25.267+0000] {processor.py:830} INFO - Processing file /opt/airflow/dags/hospital_dw_pipeline.py for tasks to queue
[2026-08-09T08:33:25.271+0000] {logging_mixin.py:188} INFO - [2026-08-09T08:33:25.270+0000] {dagbag.py:545} INFO - Filling up the DagBag from /opt/airflow/dags/hospital_dw_pipeline.py
[2026-08-09T08:33:25.352+0000] {processor.py:840} INFO - DAG(s) 'hospital_dw_batch_pipeline' retrieved from /opt/airflow/dags/hospital_dw_pipeline.py
[2026-08-09T08:33:25.380+0000] {logging_mixin.py:188} INFO - [2026-08-09T08:33:25.380+0000] {dag.py:3089} INFO - Sync 1 DAGs
[2026-08-09T08:33:25.392+0000] {logging_mixin.py:188} INFO - [2026-08-09T08:33:25.392+0000] {dag.py:3947} INFO - Setting next_dagrun for hospital_dw_batch_pipeline to None, run_after=None
[2026-08-09T08:33:25.411+0000] {processor.py:183} INFO - Processing /opt/airflow/dags/hospital_dw_pipeline.py took 0.152 seconds
[2026-08-09T08:33:55.654+0000] {processor.py:161} INFO - Started process (PID=691) to work on /opt/airflow/dags/hospital_dw_pipeline.py
[2026-08-09T08:33:55.655+0000] {processor.py:830} INFO - Processing file /opt/airflow/dags/hospital_dw_pipeline.py for tasks to queue
[2026-08-09T08:33:55.658+0000] {logging_mixin.py:188} INFO - [2026-08-09T08:33:55.658+0000] {dagbag.py:545} INFO - Filling up the DagBag from /opt/airflow/dags/hospital_dw_pipeline.py
[2026-08-09T08:33:55.751+0000] {processor.py:840} INFO - DAG(s) 'hospital_dw_batch_pipeline' retrieved from /opt/airflow/dags/hospital_dw_pipeline.py
[2026-08-09T08:33:55.774+0000] {logging_mixin.py:188} INFO - [2026-08-09T08:33:55.773+0000] {dag.py:3089} INFO - Sync 1 DAGs
[2026-08-09T08:33:55.788+0000] {logging_mixin.py:188} INFO - [2026-08-09T08:33:55.787+0000] {dag.py:3947} INFO - Setting next_dagrun for hospital_dw_batch_pipeline to None, run_after=None
[2026-08-09T08:33:55.823+0000] {processor.py:183} INFO - Processing /opt/airflow/dags/hospital_dw_pipeline.py took 0.174 seconds
[2026-08-09T08:34:26.074+0000] {processor.py:161} INFO - Started process (PID=696) to work on /opt/airflow/dags/hospital_dw_pipeline.py
[2026-08-09T08:34:26.075+0000] {processor.py:830} INFO - Processing file /opt/airflow/dags/hospital_dw_pipeline.py for tasks to queue
[2026-08-09T08:34:26.078+0000] {logging_mixin.py:188} INFO - [2026-08-09T08:34:26.078+0000] {dagbag.py:545} INFO - Filling up the DagBag from /opt/airflow/dags/hospital_dw_pipeline.py
[2026-08-09T08:34:26.159+0000] {processor.py:840} INFO - DAG(s) 'hospital_dw_batch_pipeline' retrieved from /opt/airflow/dags/hospital_dw_pipeline.py
[2026-08-09T08:34:26.184+0000] {logging_mixin.py:188} INFO - [2026-08-09T08:34:26.184+0000] {dag.py:3089} INFO - Sync 1 DAGs
[2026-08-09T08:34:26.194+0000] {logging_mixin.py:188} INFO - [2026-08-09T08:34:26.194+0000] {dag.py:3947} INFO - Setting next_dagrun for hospital_dw_batch_pipeline to None, run_after=None
[2026-08-09T08:34:26.213+0000] {processor.py:183} INFO - Processing /opt/airflow/dags/hospital_dw_pipeline.py took 0.145 seconds
[2026-08-09T08:34:56.380+0000] {processor.py:161} INFO - Started process (PID=701) to work on /opt/airflow/dags/hospital_dw_pipeline.py
[2026-08-09T08:34:56.381+0000] {processor.py:830} INFO - Processing file /opt/airflow/dags/hospital_dw_pipeline.py for tasks to queue
[2026-08-09T08:34:56.385+0000] {logging_mixin.py:188} INFO - [2026-08-09T08:34:56.385+0000] {dagbag.py:545} INFO - Filling up the DagBag from /opt/airflow/dags/hospital_dw_pipeline.py
[2026-08-09T08:34:56.463+0000] {processor.py:840} INFO - DAG(s) 'hospital_dw_batch_pipeline' retrieved from /opt/airflow/dags/hospital_dw_pipeline.py
[2026-08-09T08:34:56.485+0000] {logging_mixin.py:188} INFO - [2026-08-09T08:34:56.484+0000] {dag.py:3089} INFO - Sync 1 DAGs
[2026-08-09T08:34:56.495+0000] {logging_mixin.py:188} INFO - [2026-08-09T08:34:56.494+0000] {dag.py:3947} INFO - Setting next_dagrun for hospital_dw_batch_pipeline to None, run_after=None
[2026-08-09T08:34:56.511+0000] {processor.py:183} INFO - Processing /opt/airflow/dags/hospital_dw_pipeline.py took 0.136 seconds
[2026-08-09T08:35:26.701+0000] {processor.py:161} INFO - Started process (PID=706) to work on /opt/airflow/dags/hospital_dw_pipeline.py
[2026-08-09T08:35:26.704+0000] {processor.py:830} INFO - Processing file /opt/airflow/dags/hospital_dw_pipeline.py for tasks to queue
[2026-08-09T08:35:26.708+0000] {logging_mixin.py:188} INFO - [2026-08-09T08:35:26.707+0000] {dagbag.py:545} INFO - Filling up the DagBag from /opt/airflow/dags/hospital_dw_pipeline.py
[2026-08-09T08:35:26.822+0000] {processor.py:840} INFO - DAG(s) 'hospital_dw_batch_pipeline' retrieved from /opt/airflow/dags/hospital_dw_pipeline.py
[2026-08-09T08:35:26.850+0000] {logging_mixin.py:188} INFO - [2026-08-09T08:35:26.849+0000] {dag.py:3089} INFO - Sync 1 DAGs
[2026-08-09T08:35:26.863+0000] {logging_mixin.py:188} INFO - [2026-08-09T08:35:26.863+0000] {dag.py:3947} INFO - Setting next_dagrun for hospital_dw_batch_pipeline to None, run_after=None
[2026-08-09T08:35:26.882+0000] {processor.py:183} INFO - Processing /opt/airflow/dags/hospital_dw_pipeline.py took 0.191 seconds
[2026-08-09T08:35:56.988+0000] {processor.py:161} INFO - Started process (PID=711) to work on /opt/airflow/dags/hospital_dw_pipeline.py
[2026-08-09T08:35:56.989+0000] {processor.py:830} INFO - Processing file /opt/airflow/dags/hospital_dw_pipeline.py for tasks to queue
[2026-08-09T08:35:56.992+0000] {logging_mixin.py:188} INFO - [2026-08-09T08:35:56.992+0000] {dagbag.py:545} INFO - Filling up the DagBag from /opt/airflow/dags/hospital_dw_pipeline.py
[2026-08-09T08:35:57.063+0000] {processor.py:840} INFO - DAG(s) 'hospital_dw_batch_pipeline' retrieved from /opt/airflow/dags/hospital_dw_pipeline.py
[2026-08-09T08:35:57.086+0000] {logging_mixin.py:188} INFO - [2026-08-09T08:35:57.085+0000] {dag.py:3089} INFO - Sync 1 DAGs
[2026-08-09T08:35:57.096+0000] {logging_mixin.py:188} INFO - [2026-08-09T08:35:57.096+0000] {dag.py:3947} INFO - Setting next_dagrun for hospital_dw_batch_pipeline to None, run_after=None
[2026-08-09T08:35:57.115+0000] {processor.py:183} INFO - Processing /opt/airflow/dags/hospital_dw_pipeline.py took 0.133 seconds
[2026-08-09T08:36:27.359+0000] {processor.py:161} INFO - Started process (PID=718) to work on /opt/airflow/dags/hospital_dw_pipeline.py
[2026-08-09T08:36:27.362+0000] {processor.py:830} INFO - Processing file /opt/airflow/dags/hospital_dw_pipeline.py for tasks to queue
[2026-08-09T08:36:27.368+0000] {logging_mixin.py:188} INFO - [2026-08-09T08:36:27.367+0000] {dagbag.py:545} INFO - Filling up the DagBag from /opt/airflow/dags/hospital_dw_pipeline.py
[2026-08-09T08:36:27.523+0000] {processor.py:840} INFO - DAG(s) 'hospital_dw_batch_pipeline' retrieved from /opt/airflow/dags/hospital_dw_pipeline.py
[2026-08-09T08:36:27.573+0000] {logging_mixin.py:188} INFO - [2026-08-09T08:36:27.573+0000] {dag.py:3089} INFO - Sync 1 DAGs
[2026-08-09T08:36:27.590+0000] {logging_mixin.py:188} INFO - [2026-08-09T08:36:27.590+0000] {dag.py:3947} INFO - Setting next_dagrun for hospital_dw_batch_pipeline to None, run_after=None
[2026-08-09T08:36:27.627+0000] {processor.py:183} INFO - Processing /opt/airflow/dags/hospital_dw_pipeline.py took 0.277 seconds
[2026-08-09T08:36:57.816+0000] {processor.py:161} INFO - Started process (PID=725) to work on /opt/airflow/dags/hospital_dw_pipeline.py
[2026-08-09T08:36:57.818+0000] {processor.py:830} INFO - Processing file /opt/airflow/dags/hospital_dw_pipeline.py for tasks to queue
[2026-08-09T08:36:57.821+0000] {logging_mixin.py:188} INFO - [2026-08-09T08:36:57.820+0000] {dagbag.py:545} INFO - Filling up the DagBag from /opt/airflow/dags/hospital_dw_pipeline.py
[2026-08-09T08:36:57.895+0000] {processor.py:840} INFO - DAG(s) 'hospital_dw_batch_pipeline' retrieved from /opt/airflow/dags/hospital_dw_pipeline.py
[2026-08-09T08:36:57.942+0000] {logging_mixin.py:188} INFO - [2026-08-09T08:36:57.942+0000] {dag.py:3089} INFO - Sync 1 DAGs
[2026-08-09T08:36:57.957+0000] {logging_mixin.py:188} INFO - [2026-08-09T08:36:57.957+0000] {dag.py:3947} INFO - Setting next_dagrun for hospital_dw_batch_pipeline to None, run_after=None
[2026-08-09T08:36:57.977+0000] {processor.py:183} INFO - Processing /opt/airflow/dags/hospital_dw_pipeline.py took 0.166 seconds
[2026-08-09T08:37:28.180+0000] {processor.py:161} INFO - Started process (PID=730) to work on /opt/airflow/dags/hospital_dw_pipeline.py
[2026-08-09T08:37:28.181+0000] {processor.py:830} INFO - Processing file /opt/airflow/dags/hospital_dw_pipeline.py for tasks to queue
[2026-08-09T08:37:28.184+0000] {logging_mixin.py:188} INFO - [2026-08-09T08:37:28.183+0000] {dagbag.py:545} INFO - Filling up the DagBag from /opt/airflow/dags/hospital_dw_pipeline.py
[2026-08-09T08:37:28.285+0000] {processor.py:840} INFO - DAG(s) 'hospital_dw_batch_pipeline' retrieved from /opt/airflow/dags/hospital_dw_pipeline.py
[2026-08-09T08:37:28.331+0000] {logging_mixin.py:188} INFO - [2026-08-09T08:37:28.330+0000] {dag.py:3089} INFO - Sync 1 DAGs
[2026-08-09T08:37:28.350+0000] {logging_mixin.py:188} INFO - [2026-08-09T08:37:28.350+0000] {dag.py:3947} INFO - Setting next_dagrun for hospital_dw_batch_pipeline to None, run_after=None
[2026-08-09T08:37:28.377+0000] {processor.py:183} INFO - Processing /opt/airflow/dags/hospital_dw_pipeline.py took 0.205 seconds
[2026-08-09T08:37:58.673+0000] {processor.py:161} INFO - Started process (PID=735) to work on /opt/airflow/dags/hospital_dw_pipeline.py
[2026-08-09T08:37:58.676+0000] {processor.py:830} INFO - Processing file /opt/airflow/dags/hospital_dw_pipeline.py for tasks to queue
[2026-08-09T08:37:58.681+0000] {logging_mixin.py:188} INFO - [2026-08-09T08:37:58.681+0000] {dagbag.py:545} INFO - Filling up the DagBag from /opt/airflow/dags/hospital_dw_pipeline.py
[2026-08-09T08:37:58.802+0000] {processor.py:840} INFO - DAG(s) 'hospital_dw_batch_pipeline' retrieved from /opt/airflow/dags/hospital_dw_pipeline.py
[2026-08-09T08:37:58.833+0000] {logging_mixin.py:188} INFO - [2026-08-09T08:37:58.833+0000] {dag.py:3089} INFO - Sync 1 DAGs
[2026-08-09T08:37:58.844+0000] {logging_mixin.py:188} INFO - [2026-08-09T08:37:58.844+0000] {dag.py:3947} INFO - Setting next_dagrun for hospital_dw_batch_pipeline to None, run_after=None
[2026-08-09T08:37:58.863+0000] {processor.py:183} INFO - Processing /opt/airflow/dags/hospital_dw_pipeline.py took 0.204 seconds
[2026-08-09T08:38:29.133+0000] {processor.py:161} INFO - Started process (PID=740) to work on /opt/airflow/dags/hospital_dw_pipeline.py
[2026-08-09T08:38:29.135+0000] {processor.py:830} INFO - Processing file /opt/airflow/dags/hospital_dw_pipeline.py for tasks to queue
[2026-08-09T08:38:29.138+0000] {logging_mixin.py:188} INFO - [2026-08-09T08:38:29.138+0000] {dagbag.py:545} INFO - Filling up the DagBag from /opt/airflow/dags/hospital_dw_pipeline.py
[2026-08-09T08:38:29.225+0000] {processor.py:840} INFO - DAG(s) 'hospital_dw_batch_pipeline' retrieved from /opt/airflow/dags/hospital_dw_pipeline.py
[2026-08-09T08:38:29.252+0000] {logging_mixin.py:188} INFO - [2026-08-09T08:38:29.252+0000] {dag.py:3089} INFO - Sync 1 DAGs
[2026-08-09T08:38:29.265+0000] {logging_mixin.py:188} INFO - [2026-08-09T08:38:29.265+0000] {dag.py:3947} INFO - Setting next_dagrun for hospital_dw_batch_pipeline to None, run_after=None
[2026-08-09T08:38:29.301+0000] {processor.py:183} INFO - Processing /opt/airflow/dags/hospital_dw_pipeline.py took 0.175 seconds
[2026-08-09T08:38:59.430+0000] {processor.py:161} INFO - Started process (PID=745) to work on /opt/airflow/dags/hospital_dw_pipeline.py
[2026-08-09T08:38:59.432+0000] {processor.py:830} INFO - Processing file /opt/airflow/dags/hospital_dw_pipeline.py for tasks to queue
[2026-08-09T08:38:59.436+0000] {logging_mixin.py:188} INFO - [2026-08-09T08:38:59.435+0000] {dagbag.py:545} INFO - Filling up the DagBag from /opt/airflow/dags/hospital_dw_pipeline.py
[2026-08-09T08:38:59.548+0000] {processor.py:840} INFO - DAG(s) 'hospital_dw_batch_pipeline' retrieved from /opt/airflow/dags/hospital_dw_pipeline.py
[2026-08-09T08:38:59.575+0000] {logging_mixin.py:188} INFO - [2026-08-09T08:38:59.575+0000] {dag.py:3089} INFO - Sync 1 DAGs
[2026-08-09T08:38:59.591+0000] {logging_mixin.py:188} INFO - [2026-08-09T08:38:59.591+0000] {dag.py:3947} INFO - Setting next_dagrun for hospital_dw_batch_pipeline to None, run_after=None
[2026-08-09T08:38:59.628+0000] {processor.py:183} INFO - Processing /opt/airflow/dags/hospital_dw_pipeline.py took 0.210 seconds
[2026-08-09T08:39:29.871+0000] {processor.py:161} INFO - Started process (PID=750) to work on /opt/airflow/dags/hospital_dw_pipeline.py
[2026-08-09T08:39:29.872+0000] {processor.py:830} INFO - Processing file /opt/airflow/dags/hospital_dw_pipeline.py for tasks to queue
[2026-08-09T08:39:29.874+0000] {logging_mixin.py:188} INFO - [2026-08-09T08:39:29.874+0000] {dagbag.py:545} INFO - Filling up the DagBag from /opt/airflow/dags/hospital_dw_pipeline.py
[2026-08-09T08:39:29.936+0000] {processor.py:840} INFO - DAG(s) 'hospital_dw_batch_pipeline' retrieved from /opt/airflow/dags/hospital_dw_pipeline.py
[2026-08-09T08:39:29.958+0000] {logging_mixin.py:188} INFO - [2026-08-09T08:39:29.958+0000] {dag.py:3089} INFO - Sync 1 DAGs
[2026-08-09T08:39:29.970+0000] {logging_mixin.py:188} INFO - [2026-08-09T08:39:29.970+0000] {dag.py:3947} INFO - Setting next_dagrun for hospital_dw_batch_pipeline to None, run_after=None
[2026-08-09T08:39:29.988+0000] {processor.py:183} INFO - Processing /opt/airflow/dags/hospital_dw_pipeline.py took 0.121 seconds
[2026-08-09T08:40:00.156+0000] {processor.py:161} INFO - Started process (PID=755) to work on /opt/airflow/dags/hospital_dw_pipeline.py
[2026-08-09T08:40:00.157+0000] {processor.py:830} INFO - Processing file /opt/airflow/dags/hospital_dw_pipeline.py for tasks to queue
[2026-08-09T08:40:00.165+0000] {logging_mixin.py:188} INFO - [2026-08-09T08:40:00.164+0000] {dagbag.py:545} INFO - Filling up the DagBag from /opt/airflow/dags/hospital_dw_pipeline.py
[2026-08-09T08:40:00.252+0000] {processor.py:840} INFO - DAG(s) 'hospital_dw_batch_pipeline' retrieved from /opt/airflow/dags/hospital_dw_pipeline.py
[2026-08-09T08:40:00.275+0000] {logging_mixin.py:188} INFO - [2026-08-09T08:40:00.275+0000] {dag.py:3089} INFO - Sync 1 DAGs
[2026-08-09T08:40:00.286+0000] {logging_mixin.py:188} INFO - [2026-08-09T08:40:00.286+0000] {dag.py:3947} INFO - Setting next_dagrun for hospital_dw_batch_pipeline to None, run_after=None
[2026-08-09T08:40:00.312+0000] {processor.py:183} INFO - Processing /opt/airflow/dags/hospital_dw_pipeline.py took 0.166 seconds
[2026-08-09T08:40:30.455+0000] {processor.py:161} INFO - Started process (PID=760) to work on /opt/airflow/dags/hospital_dw_pipeline.py
[2026-08-09T08:40:30.456+0000] {processor.py:830} INFO - Processing file /opt/airflow/dags/hospital_dw_pipeline.py for tasks to queue
[2026-08-09T08:40:30.457+0000] {logging_mixin.py:188} INFO - [2026-08-09T08:40:30.457+0000] {dagbag.py:545} INFO - Filling up the DagBag from /opt/airflow/dags/hospital_dw_pipeline.py
[2026-08-09T08:40:30.525+0000] {processor.py:840} INFO - DAG(s) 'hospital_dw_batch_pipeline' retrieved from /opt/airflow/dags/hospital_dw_pipeline.py
[2026-08-09T08:40:30.547+0000] {logging_mixin.py:188} INFO - [2026-08-09T08:40:30.547+0000] {dag.py:3089} INFO - Sync 1 DAGs
[2026-08-09T08:40:30.557+0000] {logging_mixin.py:188} INFO - [2026-08-09T08:40:30.556+0000] {dag.py:3947} INFO - Setting next_dagrun for hospital_dw_batch_pipeline to None, run_after=None
[2026-08-09T08:40:30.573+0000] {processor.py:183} INFO - Processing /opt/airflow/dags/hospital_dw_pipeline.py took 0.123 seconds
[2026-08-09T08:41:00.827+0000] {processor.py:161} INFO - Started process (PID=765) to work on /opt/airflow/dags/hospital_dw_pipeline.py
[2026-08-09T08:41:00.829+0000] {processor.py:830} INFO - Processing file /opt/airflow/dags/hospital_dw_pipeline.py for tasks to queue
[2026-08-09T08:41:00.831+0000] {logging_mixin.py:188} INFO - [2026-08-09T08:41:00.830+0000] {dagbag.py:545} INFO - Filling up the DagBag from /opt/airflow/dags/hospital_dw_pipeline.py
[2026-08-09T08:41:00.895+0000] {processor.py:840} INFO - DAG(s) 'hospital_dw_batch_pipeline' retrieved from /opt/airflow/dags/hospital_dw_pipeline.py
[2026-08-09T08:41:00.917+0000] {logging_mixin.py:188} INFO - [2026-08-09T08:41:00.917+0000] {dag.py:3089} INFO - Sync 1 DAGs
[2026-08-09T08:41:00.928+0000] {logging_mixin.py:188} INFO - [2026-08-09T08:41:00.928+0000] {dag.py:3947} INFO - Setting next_dagrun for hospital_dw_batch_pipeline to None, run_after=None
[2026-08-09T08:41:00.944+0000] {processor.py:183} INFO - Processing /opt/airflow/dags/hospital_dw_pipeline.py took 0.121 seconds
[2026-08-09T08:41:31.104+0000] {processor.py:161} INFO - Started process (PID=770) to work on /opt/airflow/dags/hospital_dw_pipeline.py
[2026-08-09T08:41:31.106+0000] {processor.py:830} INFO - Processing file /opt/airflow/dags/hospital_dw_pipeline.py for tasks to queue
[2026-08-09T08:41:31.111+0000] {logging_mixin.py:188} INFO - [2026-08-09T08:41:31.111+0000] {dagbag.py:545} INFO - Filling up the DagBag from /opt/airflow/dags/hospital_dw_pipeline.py
[2026-08-09T08:41:31.206+0000] {processor.py:840} INFO - DAG(s) 'hospital_dw_batch_pipeline' retrieved from /opt/airflow/dags/hospital_dw_pipeline.py
[2026-08-09T08:41:31.234+0000] {logging_mixin.py:188} INFO - [2026-08-09T08:41:31.234+0000] {dag.py:3089} INFO - Sync 1 DAGs
[2026-08-09T08:41:31.253+0000] {logging_mixin.py:188} INFO - [2026-08-09T08:41:31.253+0000] {dag.py:3947} INFO - Setting next_dagrun for hospital_dw_batch_pipeline to None, run_after=None
[2026-08-09T08:41:31.288+0000] {processor.py:183} INFO - Processing /opt/airflow/dags/hospital_dw_pipeline.py took 0.190 seconds
[2026-08-09T08:42:01.460+0000] {processor.py:161} INFO - Started process (PID=775) to work on /opt/airflow/dags/hospital_dw_pipeline.py
[2026-08-09T08:42:01.462+0000] {processor.py:830} INFO - Processing file /opt/airflow/dags/hospital_dw_pipeline.py for tasks to queue
[2026-08-09T08:42:01.464+0000] {logging_mixin.py:188} INFO - [2026-08-09T08:42:01.464+0000] {dagbag.py:545} INFO - Filling up the DagBag from /opt/airflow/dags/hospital_dw_pipeline.py
[2026-08-09T08:42:01.542+0000] {processor.py:840} INFO - DAG(s) 'hospital_dw_batch_pipeline' retrieved from /opt/airflow/dags/hospital_dw_pipeline.py
[2026-08-09T08:42:01.563+0000] {logging_mixin.py:188} INFO - [2026-08-09T08:42:01.562+0000] {dag.py:3089} INFO - Sync 1 DAGs
[2026-08-09T08:42:01.572+0000] {logging_mixin.py:188} INFO - [2026-08-09T08:42:01.572+0000] {dag.py:3947} INFO - Setting next_dagrun for hospital_dw_batch_pipeline to None, run_after=None
[2026-08-09T08:42:01.589+0000] {processor.py:183} INFO - Processing /opt/airflow/dags/hospital_dw_pipeline.py took 0.134 seconds
[2026-08-09T08:42:31.769+0000] {processor.py:161} INFO - Started process (PID=780) to work on /opt/airflow/dags/hospital_dw_pipeline.py
[2026-08-09T08:42:31.771+0000] {processor.py:830} INFO - Processing file /opt/airflow/dags/hospital_dw_pipeline.py for tasks to queue
[2026-08-09T08:42:31.775+0000] {logging_mixin.py:188} INFO - [2026-08-09T08:42:31.775+0000] {dagbag.py:545} INFO - Filling up the DagBag from /opt/airflow/dags/hospital_dw_pipeline.py
[2026-08-09T08:42:31.845+0000] {processor.py:840} INFO - DAG(s) 'hospital_dw_batch_pipeline' retrieved from /opt/airflow/dags/hospital_dw_pipeline.py
[2026-08-09T08:42:31.867+0000] {logging_mixin.py:188} INFO - [2026-08-09T08:42:31.867+0000] {dag.py:3089} INFO - Sync 1 DAGs
[2026-08-09T08:42:31.879+0000] {logging_mixin.py:188} INFO - [2026-08-09T08:42:31.879+0000] {dag.py:3947} INFO - Setting next_dagrun for hospital_dw_batch_pipeline to None, run_after=None
[2026-08-09T08:42:31.896+0000] {processor.py:183} INFO - Processing /opt/airflow/dags/hospital_dw_pipeline.py took 0.130 seconds
[2026-08-09T08:43:02.073+0000] {processor.py:161} INFO - Started process (PID=785) to work on /opt/airflow/dags/hospital_dw_pipeline.py
[2026-08-09T08:43:02.076+0000] {processor.py:830} INFO - Processing file /opt/airflow/dags/hospital_dw_pipeline.py for tasks to queue
[2026-08-09T08:43:02.081+0000] {logging_mixin.py:188} INFO - [2026-08-09T08:43:02.080+0000] {dagbag.py:545} INFO - Filling up the DagBag from /opt/airflow/dags/hospital_dw_pipeline.py
[2026-08-09T08:43:02.231+0000] {processor.py:840} INFO - DAG(s) 'hospital_dw_batch_pipeline' retrieved from /opt/airflow/dags/hospital_dw_pipeline.py
[2026-08-09T08:43:02.264+0000] {logging_mixin.py:188} INFO - [2026-08-09T08:43:02.264+0000] {dag.py:3089} INFO - Sync 1 DAGs
[2026-08-09T08:43:02.278+0000] {logging_mixin.py:188} INFO - [2026-08-09T08:43:02.277+0000] {dag.py:3947} INFO - Setting next_dagrun for hospital_dw_batch_pipeline to None, run_after=None
[2026-08-09T08:43:02.301+0000] {processor.py:183} INFO - Processing /opt/airflow/dags/hospital_dw_pipeline.py took 0.242 seconds
[2026-08-09T08:43:32.419+0000] {processor.py:161} INFO - Started process (PID=790) to work on /opt/airflow/dags/hospital_dw_pipeline.py
[2026-08-09T08:43:32.421+0000] {processor.py:830} INFO - Processing file /opt/airflow/dags/hospital_dw_pipeline.py for tasks to queue
[2026-08-09T08:43:32.425+0000] {logging_mixin.py:188} INFO - [2026-08-09T08:43:32.424+0000] {dagbag.py:545} INFO - Filling up the DagBag from /opt/airflow/dags/hospital_dw_pipeline.py
[2026-08-09T08:43:32.509+0000] {processor.py:840} INFO - DAG(s) 'hospital_dw_batch_pipeline' retrieved from /opt/airflow/dags/hospital_dw_pipeline.py
[2026-08-09T08:43:32.535+0000] {logging_mixin.py:188} INFO - [2026-08-09T08:43:32.534+0000] {dag.py:3089} INFO - Sync 1 DAGs
[2026-08-09T08:43:32.547+0000] {logging_mixin.py:188} INFO - [2026-08-09T08:43:32.547+0000] {dag.py:3947} INFO - Setting next_dagrun for hospital_dw_batch_pipeline to None, run_after=None
[2026-08-09T08:43:32.568+0000] {processor.py:183} INFO - Processing /opt/airflow/dags/hospital_dw_pipeline.py took 0.158 seconds
[2026-08-09T08:44:02.824+0000] {processor.py:161} INFO - Started process (PID=795) to work on /opt/airflow/dags/hospital_dw_pipeline.py
[2026-08-09T08:44:02.826+0000] {processor.py:830} INFO - Processing file /opt/airflow/dags/hospital_dw_pipeline.py for tasks to queue
[2026-08-09T08:44:02.829+0000] {logging_mixin.py:188} INFO - [2026-08-09T08:44:02.828+0000] {dagbag.py:545} INFO - Filling up the DagBag from /opt/airflow/dags/hospital_dw_pipeline.py
[2026-08-09T08:44:02.909+0000] {processor.py:840} INFO - DAG(s) 'hospital_dw_batch_pipeline' retrieved from /opt/airflow/dags/hospital_dw_pipeline.py
[2026-08-09T08:44:02.934+0000] {logging_mixin.py:188} INFO - [2026-08-09T08:44:02.934+0000] {dag.py:3089} INFO - Sync 1 DAGs
[2026-08-09T08:44:02.949+0000] {logging_mixin.py:188} INFO - [2026-08-09T08:44:02.949+0000] {dag.py:3947} INFO - Setting next_dagrun for hospital_dw_batch_pipeline to None, run_after=None
[2026-08-09T08:44:02.973+0000] {processor.py:183} INFO - Processing /opt/airflow/dags/hospital_dw_pipeline.py took 0.155 seconds
[2026-08-09T08:44:33.125+0000] {processor.py:161} INFO - Started process (PID=800) to work on /opt/airflow/dags/hospital_dw_pipeline.py
[2026-08-09T08:44:33.126+0000] {processor.py:830} INFO - Processing file /opt/airflow/dags/hospital_dw_pipeline.py for tasks to queue
[2026-08-09T08:44:33.128+0000] {logging_mixin.py:188} INFO - [2026-08-09T08:44:33.128+0000] {dagbag.py:545} INFO - Filling up the DagBag from /opt/airflow/dags/hospital_dw_pipeline.py
[2026-08-09T08:44:33.201+0000] {processor.py:840} INFO - DAG(s) 'hospital_dw_batch_pipeline' retrieved from /opt/airflow/dags/hospital_dw_pipeline.py
[2026-08-09T08:44:33.225+0000] {logging_mixin.py:188} INFO - [2026-08-09T08:44:33.225+0000] {dag.py:3089} INFO - Sync 1 DAGs
[2026-08-09T08:44:33.236+0000] {logging_mixin.py:188} INFO - [2026-08-09T08:44:33.236+0000] {dag.py:3947} INFO - Setting next_dagrun for hospital_dw_batch_pipeline to None, run_after=None
[2026-08-09T08:44:33.256+0000] {processor.py:183} INFO - Processing /opt/airflow/dags/hospital_dw_pipeline.py took 0.136 seconds
[2026-08-09T08:45:03.509+0000] {processor.py:161} INFO - Started process (PID=805) to work on /opt/airflow/dags/hospital_dw_pipeline.py
[2026-08-09T08:45:03.512+0000] {processor.py:830} INFO - Processing file /opt/airflow/dags/hospital_dw_pipeline.py for tasks to queue
[2026-08-09T08:45:03.515+0000] {logging_mixin.py:188} INFO - [2026-08-09T08:45:03.514+0000] {dagbag.py:545} INFO - Filling up the DagBag from /opt/airflow/dags/hospital_dw_pipeline.py
[2026-08-09T08:45:03.641+0000] {processor.py:840} INFO - DAG(s) 'hospital_dw_batch_pipeline' retrieved from /opt/airflow/dags/hospital_dw_pipeline.py
[2026-08-09T08:45:03.673+0000] {logging_mixin.py:188} INFO - [2026-08-09T08:45:03.673+0000] {dag.py:3089} INFO - Sync 1 DAGs
[2026-08-09T08:45:03.694+0000] {logging_mixin.py:188} INFO - [2026-08-09T08:45:03.693+0000] {dag.py:3947} INFO - Setting next_dagrun for hospital_dw_batch_pipeline to None, run_after=None
[2026-08-09T08:45:03.728+0000] {processor.py:183} INFO - Processing /opt/airflow/dags/hospital_dw_pipeline.py took 0.225 seconds
[2026-08-09T08:45:34.033+0000] {processor.py:161} INFO - Started process (PID=810) to work on /opt/airflow/dags/hospital_dw_pipeline.py
[2026-08-09T08:45:34.035+0000] {processor.py:830} INFO - Processing file /opt/airflow/dags/hospital_dw_pipeline.py for tasks to queue
[2026-08-09T08:45:34.038+0000] {logging_mixin.py:188} INFO - [2026-08-09T08:45:34.038+0000] {dagbag.py:545} INFO - Filling up the DagBag from /opt/airflow/dags/hospital_dw_pipeline.py
[2026-08-09T08:45:34.118+0000] {processor.py:840} INFO - DAG(s) 'hospital_dw_batch_pipeline' retrieved from /opt/airflow/dags/hospital_dw_pipeline.py
[2026-08-09T08:45:34.150+0000] {logging_mixin.py:188} INFO - [2026-08-09T08:45:34.149+0000] {dag.py:3089} INFO - Sync 1 DAGs
[2026-08-09T08:45:34.166+0000] {logging_mixin.py:188} INFO - [2026-08-09T08:45:34.166+0000] {dag.py:3947} INFO - Setting next_dagrun for hospital_dw_batch_pipeline to None, run_after=None
[2026-08-09T08:45:34.194+0000] {processor.py:183} INFO - Processing /opt/airflow/dags/hospital_dw_pipeline.py took 0.172 seconds
[2026-08-09T08:46:04.435+0000] {processor.py:161} INFO - Started process (PID=815) to work on /opt/airflow/dags/hospital_dw_pipeline.py
[2026-08-09T08:46:04.436+0000] {processor.py:830} INFO - Processing file /opt/airflow/dags/hospital_dw_pipeline.py for tasks to queue
[2026-08-09T08:46:04.439+0000] {logging_mixin.py:188} INFO - [2026-08-09T08:46:04.438+0000] {dagbag.py:545} INFO - Filling up the DagBag from /opt/airflow/dags/hospital_dw_pipeline.py
[2026-08-09T08:46:04.516+0000] {processor.py:840} INFO - DAG(s) 'hospital_dw_batch_pipeline' retrieved from /opt/airflow/dags/hospital_dw_pipeline.py
[2026-08-09T08:46:05.341+0000] {logging_mixin.py:188} INFO - [2026-08-09T08:46:05.341+0000] {dag.py:3089} INFO - Sync 1 DAGs
[2026-08-09T08:46:05.364+0000] {logging_mixin.py:188} INFO - [2026-08-09T08:46:05.364+0000] {dag.py:3111} INFO - Creating ORM DAG for hospital_dw_batch_pipeline
[2026-08-09T08:46:05.367+0000] {logging_mixin.py:188} INFO - [2026-08-09T08:46:05.367+0000] {dag.py:3947} INFO - Setting next_dagrun for hospital_dw_batch_pipeline to None, run_after=None
[2026-08-09T08:46:05.434+0000] {processor.py:183} INFO - Processing /opt/airflow/dags/hospital_dw_pipeline.py took 1.005 seconds
[2026-08-09T08:46:35.700+0000] {processor.py:161} INFO - Started process (PID=820) to work on /opt/airflow/dags/hospital_dw_pipeline.py
[2026-08-09T08:46:35.702+0000] {processor.py:830} INFO - Processing file /opt/airflow/dags/hospital_dw_pipeline.py for tasks to queue
[2026-08-09T08:46:35.708+0000] {logging_mixin.py:188} INFO - [2026-08-09T08:46:35.707+0000] {dagbag.py:545} INFO - Filling up the DagBag from /opt/airflow/dags/hospital_dw_pipeline.py
[2026-08-09T08:46:35.812+0000] {processor.py:840} INFO - DAG(s) 'hospital_dw_batch_pipeline' retrieved from /opt/airflow/dags/hospital_dw_pipeline.py
[2026-08-09T08:46:35.838+0000] {logging_mixin.py:188} INFO - [2026-08-09T08:46:35.838+0000] {dag.py:3089} INFO - Sync 1 DAGs
[2026-08-09T08:46:35.850+0000] {logging_mixin.py:188} INFO - [2026-08-09T08:46:35.849+0000] {dag.py:3947} INFO - Setting next_dagrun for hospital_dw_batch_pipeline to None, run_after=None
[2026-08-09T08:46:35.867+0000] {processor.py:183} INFO - Processing /opt/airflow/dags/hospital_dw_pipeline.py took 0.180 seconds
[2026-08-09T08:47:05.955+0000] {processor.py:161} INFO - Started process (PID=825) to work on /opt/airflow/dags/hospital_dw_pipeline.py
[2026-08-09T08:47:05.957+0000] {processor.py:830} INFO - Processing file /opt/airflow/dags/hospital_dw_pipeline.py for tasks to queue
[2026-08-09T08:47:05.963+0000] {logging_mixin.py:188} INFO - [2026-08-09T08:47:05.962+0000] {dagbag.py:545} INFO - Filling up the DagBag from /opt/airflow/dags/hospital_dw_pipeline.py
[2026-08-09T08:47:06.048+0000] {processor.py:840} INFO - DAG(s) 'hospital_dw_batch_pipeline' retrieved from /opt/airflow/dags/hospital_dw_pipeline.py
[2026-08-09T08:47:06.071+0000] {logging_mixin.py:188} INFO - [2026-08-09T08:47:06.071+0000] {dag.py:3089} INFO - Sync 1 DAGs
[2026-08-09T08:47:06.081+0000] {logging_mixin.py:188} INFO - [2026-08-09T08:47:06.081+0000] {dag.py:3947} INFO - Setting next_dagrun for hospital_dw_batch_pipeline to None, run_after=None
[2026-08-09T08:47:06.099+0000] {processor.py:183} INFO - Processing /opt/airflow/dags/hospital_dw_pipeline.py took 0.149 seconds
[2026-08-09T08:47:36.354+0000] {processor.py:161} INFO - Started process (PID=830) to work on /opt/airflow/dags/hospital_dw_pipeline.py
[2026-08-09T08:47:36.355+0000] {processor.py:830} INFO - Processing file /opt/airflow/dags/hospital_dw_pipeline.py for tasks to queue
[2026-08-09T08:47:36.358+0000] {logging_mixin.py:188} INFO - [2026-08-09T08:47:36.357+0000] {dagbag.py:545} INFO - Filling up the DagBag from /opt/airflow/dags/hospital_dw_pipeline.py
[2026-08-09T08:47:36.480+0000] {processor.py:840} INFO - DAG(s) 'hospital_dw_batch_pipeline' retrieved from /opt/airflow/dags/hospital_dw_pipeline.py
[2026-08-09T08:47:36.517+0000] {logging_mixin.py:188} INFO - [2026-08-09T08:47:36.517+0000] {dag.py:3089} INFO - Sync 1 DAGs
[2026-08-09T08:47:36.535+0000] {logging_mixin.py:188} INFO - [2026-08-09T08:47:36.534+0000] {dag.py:3947} INFO - Setting next_dagrun for hospital_dw_batch_pipeline to None, run_after=None
[2026-08-09T08:47:36.556+0000] {processor.py:183} INFO - Processing /opt/airflow/dags/hospital_dw_pipeline.py took 0.210 seconds
[2026-08-09T08:48:06.814+0000] {processor.py:161} INFO - Started process (PID=835) to work on /opt/airflow/dags/hospital_dw_pipeline.py
[2026-08-09T08:48:06.815+0000] {processor.py:830} INFO - Processing file /opt/airflow/dags/hospital_dw_pipeline.py for tasks to queue
[2026-08-09T08:48:06.822+0000] {logging_mixin.py:188} INFO - [2026-08-09T08:48:06.822+0000] {dagbag.py:545} INFO - Filling up the DagBag from /opt/airflow/dags/hospital_dw_pipeline.py
[2026-08-09T08:48:06.897+0000] {processor.py:840} INFO - DAG(s) 'hospital_dw_batch_pipeline' retrieved from /opt/airflow/dags/hospital_dw_pipeline.py
[2026-08-09T08:48:06.919+0000] {logging_mixin.py:188} INFO - [2026-08-09T08:48:06.919+0000] {dag.py:3089} INFO - Sync 1 DAGs
[2026-08-09T08:48:06.929+0000] {logging_mixin.py:188} INFO - [2026-08-09T08:48:06.929+0000] {dag.py:3947} INFO - Setting next_dagrun for hospital_dw_batch_pipeline to None, run_after=None
[2026-08-09T08:48:06.946+0000] {processor.py:183} INFO - Processing /opt/airflow/dags/hospital_dw_pipeline.py took 0.137 seconds
[2026-08-09T08:48:37.059+0000] {processor.py:161} INFO - Started process (PID=840) to work on /opt/airflow/dags/hospital_dw_pipeline.py
[2026-08-09T08:48:37.060+0000] {processor.py:830} INFO - Processing file /opt/airflow/dags/hospital_dw_pipeline.py for tasks to queue
[2026-08-09T08:48:37.063+0000] {logging_mixin.py:188} INFO - [2026-08-09T08:48:37.062+0000] {dagbag.py:545} INFO - Filling up the DagBag from /opt/airflow/dags/hospital_dw_pipeline.py
[2026-08-09T08:48:37.149+0000] {processor.py:840} INFO - DAG(s) 'hospital_dw_batch_pipeline' retrieved from /opt/airflow/dags/hospital_dw_pipeline.py
[2026-08-09T08:48:37.173+0000] {logging_mixin.py:188} INFO - [2026-08-09T08:48:37.173+0000] {dag.py:3089} INFO - Sync 1 DAGs
[2026-08-09T08:48:37.185+0000] {logging_mixin.py:188} INFO - [2026-08-09T08:48:37.185+0000] {dag.py:3947} INFO - Setting next_dagrun for hospital_dw_batch_pipeline to None, run_after=None
[2026-08-09T08:48:37.203+0000] {processor.py:183} INFO - Processing /opt/airflow/dags/hospital_dw_pipeline.py took 0.149 seconds
[2026-08-09T08:49:07.429+0000] {processor.py:161} INFO - Started process (PID=845) to work on /opt/airflow/dags/hospital_dw_pipeline.py
[2026-08-09T08:49:07.431+0000] {processor.py:830} INFO - Processing file /opt/airflow/dags/hospital_dw_pipeline.py for tasks to queue
[2026-08-09T08:49:07.437+0000] {logging_mixin.py:188} INFO - [2026-08-09T08:49:07.436+0000] {dagbag.py:545} INFO - Filling up the DagBag from /opt/airflow/dags/hospital_dw_pipeline.py
[2026-08-09T08:49:07.602+0000] {processor.py:840} INFO - DAG(s) 'hospital_dw_batch_pipeline' retrieved from /opt/airflow/dags/hospital_dw_pipeline.py
[2026-08-09T08:49:07.633+0000] {logging_mixin.py:188} INFO - [2026-08-09T08:49:07.633+0000] {dag.py:3089} INFO - Sync 1 DAGs
[2026-08-09T08:49:07.646+0000] {logging_mixin.py:188} INFO - [2026-08-09T08:49:07.646+0000] {dag.py:3947} INFO - Setting next_dagrun for hospital_dw_batch_pipeline to None, run_after=None
[2026-08-09T08:49:07.664+0000] {processor.py:183} INFO - Processing /opt/airflow/dags/hospital_dw_pipeline.py took 0.245 seconds
[2026-08-09T08:49:37.757+0000] {processor.py:161} INFO - Started process (PID=850) to work on /opt/airflow/dags/hospital_dw_pipeline.py
[2026-08-09T08:49:37.760+0000] {processor.py:830} INFO - Processing file /opt/airflow/dags/hospital_dw_pipeline.py for tasks to queue
[2026-08-09T08:49:37.764+0000] {logging_mixin.py:188} INFO - [2026-08-09T08:49:37.763+0000] {dagbag.py:545} INFO - Filling up the DagBag from /opt/airflow/dags/hospital_dw_pipeline.py
[2026-08-09T08:49:37.868+0000] {processor.py:840} INFO - DAG(s) 'hospital_dw_batch_pipeline' retrieved from /opt/airflow/dags/hospital_dw_pipeline.py
[2026-08-09T08:49:37.895+0000] {logging_mixin.py:188} INFO - [2026-08-09T08:49:37.895+0000] {dag.py:3089} INFO - Sync 1 DAGs
[2026-08-09T08:49:37.907+0000] {logging_mixin.py:188} INFO - [2026-08-09T08:49:37.907+0000] {dag.py:3947} INFO - Setting next_dagrun for hospital_dw_batch_pipeline to None, run_after=None
[2026-08-09T08:49:37.927+0000] {processor.py:183} INFO - Processing /opt/airflow/dags/hospital_dw_pipeline.py took 0.180 seconds
[2026-08-09T08:50:08.173+0000] {processor.py:161} INFO - Started process (PID=855) to work on /opt/airflow/dags/hospital_dw_pipeline.py
[2026-08-09T08:50:08.175+0000] {processor.py:830} INFO - Processing file /opt/airflow/dags/hospital_dw_pipeline.py for tasks to queue
[2026-08-09T08:50:08.180+0000] {logging_mixin.py:188} INFO - [2026-08-09T08:50:08.179+0000] {dagbag.py:545} INFO - Filling up the DagBag from /opt/airflow/dags/hospital_dw_pipeline.py
[2026-08-09T08:50:08.253+0000] {processor.py:840} INFO - DAG(s) 'hospital_dw_batch_pipeline' retrieved from /opt/airflow/dags/hospital_dw_pipeline.py
[2026-08-09T08:50:08.279+0000] {logging_mixin.py:188} INFO - [2026-08-09T08:50:08.279+0000] {dag.py:3089} INFO - Sync 1 DAGs
[2026-08-09T08:50:08.290+0000] {logging_mixin.py:188} INFO - [2026-08-09T08:50:08.290+0000] {dag.py:3947} INFO - Setting next_dagrun for hospital_dw_batch_pipeline to None, run_after=None
[2026-08-09T08:50:08.310+0000] {processor.py:183} INFO - Processing /opt/airflow/dags/hospital_dw_pipeline.py took 0.144 seconds
[2026-08-09T08:50:38.470+0000] {processor.py:161} INFO - Started process (PID=860) to work on /opt/airflow/dags/hospital_dw_pipeline.py
[2026-08-09T08:50:38.472+0000] {processor.py:830} INFO - Processing file /opt/airflow/dags/hospital_dw_pipeline.py for tasks to queue
[2026-08-09T08:50:38.476+0000] {logging_mixin.py:188} INFO - [2026-08-09T08:50:38.476+0000] {dagbag.py:545} INFO - Filling up the DagBag from /opt/airflow/dags/hospital_dw_pipeline.py
[2026-08-09T08:50:38.571+0000] {processor.py:840} INFO - DAG(s) 'hospital_dw_batch_pipeline' retrieved from /opt/airflow/dags/hospital_dw_pipeline.py
[2026-08-09T08:50:38.593+0000] {logging_mixin.py:188} INFO - [2026-08-09T08:50:38.593+0000] {dag.py:3089} INFO - Sync 1 DAGs
[2026-08-09T08:50:38.603+0000] {logging_mixin.py:188} INFO - [2026-08-09T08:50:38.603+0000] {dag.py:3947} INFO - Setting next_dagrun for hospital_dw_batch_pipeline to None, run_after=None
[2026-08-09T08:50:38.618+0000] {processor.py:183} INFO - Processing /opt/airflow/dags/hospital_dw_pipeline.py took 0.165 seconds
[2026-08-09T08:51:08.808+0000] {processor.py:161} INFO - Started process (PID=865) to work on /opt/airflow/dags/hospital_dw_pipeline.py
[2026-08-09T08:51:08.811+0000] {processor.py:830} INFO - Processing file /opt/airflow/dags/hospital_dw_pipeline.py for tasks to queue
[2026-08-09T08:51:08.814+0000] {logging_mixin.py:188} INFO - [2026-08-09T08:51:08.813+0000] {dagbag.py:545} INFO - Filling up the DagBag from /opt/airflow/dags/hospital_dw_pipeline.py
[2026-08-09T08:51:08.899+0000] {processor.py:840} INFO - DAG(s) 'hospital_dw_batch_pipeline' retrieved from /opt/airflow/dags/hospital_dw_pipeline.py
[2026-08-09T08:51:08.922+0000] {logging_mixin.py:188} INFO - [2026-08-09T08:51:08.921+0000] {dag.py:3089} INFO - Sync 1 DAGs
[2026-08-09T08:51:08.938+0000] {logging_mixin.py:188} INFO - [2026-08-09T08:51:08.938+0000] {dag.py:3947} INFO - Setting next_dagrun for hospital_dw_batch_pipeline to None, run_after=None
[2026-08-09T08:51:08.965+0000] {processor.py:183} INFO - Processing /opt/airflow/dags/hospital_dw_pipeline.py took 0.162 seconds
[2026-08-09T08:51:39.103+0000] {processor.py:161} INFO - Started process (PID=870) to work on /opt/airflow/dags/hospital_dw_pipeline.py
[2026-08-09T08:51:39.107+0000] {processor.py:830} INFO - Processing file /opt/airflow/dags/hospital_dw_pipeline.py for tasks to queue
[2026-08-09T08:51:39.112+0000] {logging_mixin.py:188} INFO - [2026-08-09T08:51:39.111+0000] {dagbag.py:545} INFO - Filling up the DagBag from /opt/airflow/dags/hospital_dw_pipeline.py
[2026-08-09T08:51:39.270+0000] {processor.py:840} INFO - DAG(s) 'hospital_dw_batch_pipeline' retrieved from /opt/airflow/dags/hospital_dw_pipeline.py
[2026-08-09T08:51:39.315+0000] {logging_mixin.py:188} INFO - [2026-08-09T08:51:39.315+0000] {dag.py:3089} INFO - Sync 1 DAGs
[2026-08-09T08:51:39.333+0000] {logging_mixin.py:188} INFO - [2026-08-09T08:51:39.333+0000] {dag.py:3947} INFO - Setting next_dagrun for hospital_dw_batch_pipeline to None, run_after=None
[2026-08-09T08:51:39.349+0000] {processor.py:183} INFO - Processing /opt/airflow/dags/hospital_dw_pipeline.py took 0.256 seconds
[2026-08-09T08:52:09.465+0000] {processor.py:161} INFO - Started process (PID=875) to work on /opt/airflow/dags/hospital_dw_pipeline.py
[2026-08-09T08:52:09.466+0000] {processor.py:830} INFO - Processing file /opt/airflow/dags/hospital_dw_pipeline.py for tasks to queue
[2026-08-09T08:52:09.468+0000] {logging_mixin.py:188} INFO - [2026-08-09T08:52:09.468+0000] {dagbag.py:545} INFO - Filling up the DagBag from /opt/airflow/dags/hospital_dw_pipeline.py
[2026-08-09T08:52:09.541+0000] {processor.py:840} INFO - DAG(s) 'hospital_dw_batch_pipeline' retrieved from /opt/airflow/dags/hospital_dw_pipeline.py
[2026-08-09T08:52:09.564+0000] {logging_mixin.py:188} INFO - [2026-08-09T08:52:09.564+0000] {dag.py:3089} INFO - Sync 1 DAGs
[2026-08-09T08:52:09.575+0000] {logging_mixin.py:188} INFO - [2026-08-09T08:52:09.575+0000] {dag.py:3947} INFO - Setting next_dagrun for hospital_dw_batch_pipeline to None, run_after=None
[2026-08-09T08:52:09.591+0000] {processor.py:183} INFO - Processing /opt/airflow/dags/hospital_dw_pipeline.py took 0.130 seconds
[2026-08-09T08:52:39.861+0000] {processor.py:161} INFO - Started process (PID=880) to work on /opt/airflow/dags/hospital_dw_pipeline.py
[2026-08-09T08:52:39.864+0000] {processor.py:830} INFO - Processing file /opt/airflow/dags/hospital_dw_pipeline.py for tasks to queue
[2026-08-09T08:52:39.869+0000] {logging_mixin.py:188} INFO - [2026-08-09T08:52:39.868+0000] {dagbag.py:545} INFO - Filling up the DagBag from /opt/airflow/dags/hospital_dw_pipeline.py
[2026-08-09T08:52:39.977+0000] {processor.py:840} INFO - DAG(s) 'hospital_dw_batch_pipeline' retrieved from /opt/airflow/dags/hospital_dw_pipeline.py
[2026-08-09T08:52:40.003+0000] {logging_mixin.py:188} INFO - [2026-08-09T08:52:40.003+0000] {dag.py:3089} INFO - Sync 1 DAGs
[2026-08-09T08:52:40.014+0000] {logging_mixin.py:188} INFO - [2026-08-09T08:52:40.014+0000] {dag.py:3947} INFO - Setting next_dagrun for hospital_dw_batch_pipeline to None, run_after=None
[2026-08-09T08:52:40.036+0000] {processor.py:183} INFO - Processing /opt/airflow/dags/hospital_dw_pipeline.py took 0.186 seconds
[2026-08-09T08:53:10.185+0000] {processor.py:161} INFO - Started process (PID=885) to work on /opt/airflow/dags/hospital_dw_pipeline.py
[2026-08-09T08:53:10.188+0000] {processor.py:830} INFO - Processing file /opt/airflow/dags/hospital_dw_pipeline.py for tasks to queue
[2026-08-09T08:53:10.193+0000] {logging_mixin.py:188} INFO - [2026-08-09T08:53:10.192+0000] {dagbag.py:545} INFO - Filling up the DagBag from /opt/airflow/dags/hospital_dw_pipeline.py
[2026-08-09T08:53:10.356+0000] {processor.py:840} INFO - DAG(s) 'hospital_dw_batch_pipeline' retrieved from /opt/airflow/dags/hospital_dw_pipeline.py
[2026-08-09T08:53:10.380+0000] {logging_mixin.py:188} INFO - [2026-08-09T08:53:10.380+0000] {dag.py:3089} INFO - Sync 1 DAGs
[2026-08-09T08:53:10.391+0000] {logging_mixin.py:188} INFO - [2026-08-09T08:53:10.391+0000] {dag.py:3947} INFO - Setting next_dagrun for hospital_dw_batch_pipeline to None, run_after=None
[2026-08-09T08:53:10.409+0000] {processor.py:183} INFO - Processing /opt/airflow/dags/hospital_dw_pipeline.py took 0.235 seconds
[2026-08-09T08:53:40.602+0000] {processor.py:161} INFO - Started process (PID=890) to work on /opt/airflow/dags/hospital_dw_pipeline.py
[2026-08-09T08:53:40.605+0000] {processor.py:830} INFO - Processing file /opt/airflow/dags/hospital_dw_pipeline.py for tasks to queue
[2026-08-09T08:53:40.609+0000] {logging_mixin.py:188} INFO - [2026-08-09T08:53:40.609+0000] {dagbag.py:545} INFO - Filling up the DagBag from /opt/airflow/dags/hospital_dw_pipeline.py
[2026-08-09T08:53:40.757+0000] {processor.py:840} INFO - DAG(s) 'hospital_dw_batch_pipeline' retrieved from /opt/airflow/dags/hospital_dw_pipeline.py
[2026-08-09T08:53:40.782+0000] {logging_mixin.py:188} INFO - [2026-08-09T08:53:40.782+0000] {dag.py:3089} INFO - Sync 1 DAGs
[2026-08-09T08:53:40.793+0000] {logging_mixin.py:188} INFO - [2026-08-09T08:53:40.793+0000] {dag.py:3947} INFO - Setting next_dagrun for hospital_dw_batch_pipeline to None, run_after=None
[2026-08-09T08:53:40.811+0000] {processor.py:183} INFO - Processing /opt/airflow/dags/hospital_dw_pipeline.py took 0.217 seconds
[2026-08-09T08:54:10.866+0000] {processor.py:161} INFO - Started process (PID=895) to work on /opt/airflow/dags/hospital_dw_pipeline.py
[2026-08-09T08:54:10.867+0000] {processor.py:830} INFO - Processing file /opt/airflow/dags/hospital_dw_pipeline.py for tasks to queue
[2026-08-09T08:54:10.870+0000] {logging_mixin.py:188} INFO - [2026-08-09T08:54:10.869+0000] {dagbag.py:545} INFO - Filling up the DagBag from /opt/airflow/dags/hospital_dw_pipeline.py
[2026-08-09T08:54:10.945+0000] {processor.py:840} INFO - DAG(s) 'hospital_dw_batch_pipeline' retrieved from /opt/airflow/dags/hospital_dw_pipeline.py
[2026-08-09T08:54:10.971+0000] {logging_mixin.py:188} INFO - [2026-08-09T08:54:10.971+0000] {dag.py:3089} INFO - Sync 1 DAGs
[2026-08-09T08:54:10.983+0000] {logging_mixin.py:188} INFO - [2026-08-09T08:54:10.983+0000] {dag.py:3947} INFO - Setting next_dagrun for hospital_dw_batch_pipeline to None, run_after=None
[2026-08-09T08:54:11.003+0000] {processor.py:183} INFO - Processing /opt/airflow/dags/hospital_dw_pipeline.py took 0.143 seconds
[2026-08-09T08:54:41.268+0000] {processor.py:161} INFO - Started process (PID=900) to work on /opt/airflow/dags/hospital_dw_pipeline.py
[2026-08-09T08:54:41.271+0000] {processor.py:830} INFO - Processing file /opt/airflow/dags/hospital_dw_pipeline.py for tasks to queue
[2026-08-09T08:54:41.276+0000] {logging_mixin.py:188} INFO - [2026-08-09T08:54:41.276+0000] {dagbag.py:545} INFO - Filling up the DagBag from /opt/airflow/dags/hospital_dw_pipeline.py
[2026-08-09T08:54:41.397+0000] {processor.py:840} INFO - DAG(s) 'hospital_dw_batch_pipeline' retrieved from /opt/airflow/dags/hospital_dw_pipeline.py
[2026-08-09T08:54:41.422+0000] {logging_mixin.py:188} INFO - [2026-08-09T08:54:41.422+0000] {dag.py:3089} INFO - Sync 1 DAGs
[2026-08-09T08:54:41.435+0000] {logging_mixin.py:188} INFO - [2026-08-09T08:54:41.434+0000] {dag.py:3947} INFO - Setting next_dagrun for hospital_dw_batch_pipeline to None, run_after=None
[2026-08-09T08:54:41.458+0000] {processor.py:183} INFO - Processing /opt/airflow/dags/hospital_dw_pipeline.py took 0.201 seconds
[2026-08-09T08:55:11.527+0000] {processor.py:161} INFO - Started process (PID=905) to work on /opt/airflow/dags/hospital_dw_pipeline.py
[2026-08-09T08:55:11.529+0000] {processor.py:830} INFO - Processing file /opt/airflow/dags/hospital_dw_pipeline.py for tasks to queue
[2026-08-09T08:55:11.532+0000] {logging_mixin.py:188} INFO - [2026-08-09T08:55:11.531+0000] {dagbag.py:545} INFO - Filling up the DagBag from /opt/airflow/dags/hospital_dw_pipeline.py
[2026-08-09T08:55:11.664+0000] {processor.py:840} INFO - DAG(s) 'hospital_dw_batch_pipeline' retrieved from /opt/airflow/dags/hospital_dw_pipeline.py
[2026-08-09T08:55:11.695+0000] {logging_mixin.py:188} INFO - [2026-08-09T08:55:11.695+0000] {dag.py:3089} INFO - Sync 1 DAGs
[2026-08-09T08:55:11.709+0000] {logging_mixin.py:188} INFO - [2026-08-09T08:55:11.709+0000] {dag.py:3947} INFO - Setting next_dagrun for hospital_dw_batch_pipeline to None, run_after=None
[2026-08-09T08:55:11.745+0000] {processor.py:183} INFO - Processing /opt/airflow/dags/hospital_dw_pipeline.py took 0.224 seconds
[2026-08-09T08:55:42.012+0000] {processor.py:161} INFO - Started process (PID=910) to work on /opt/airflow/dags/hospital_dw_pipeline.py
[2026-08-09T08:55:42.016+0000] {processor.py:830} INFO - Processing file /opt/airflow/dags/hospital_dw_pipeline.py for tasks to queue
[2026-08-09T08:55:42.025+0000] {logging_mixin.py:188} INFO - [2026-08-09T08:55:42.024+0000] {dagbag.py:545} INFO - Filling up the DagBag from /opt/airflow/dags/hospital_dw_pipeline.py
[2026-08-09T08:55:42.148+0000] {processor.py:840} INFO - DAG(s) 'hospital_dw_batch_pipeline' retrieved from /opt/airflow/dags/hospital_dw_pipeline.py
[2026-08-09T08:55:42.173+0000] {logging_mixin.py:188} INFO - [2026-08-09T08:55:42.173+0000] {dag.py:3089} INFO - Sync 1 DAGs
[2026-08-09T08:55:42.185+0000] {logging_mixin.py:188} INFO - [2026-08-09T08:55:42.185+0000] {dag.py:3947} INFO - Setting next_dagrun for hospital_dw_batch_pipeline to None, run_after=None
[2026-08-09T08:55:42.207+0000] {processor.py:183} INFO - Processing /opt/airflow/dags/hospital_dw_pipeline.py took 0.204 seconds
[2026-08-09T08:56:12.504+0000] {processor.py:161} INFO - Started process (PID=915) to work on /opt/airflow/dags/hospital_dw_pipeline.py
[2026-08-09T08:56:12.506+0000] {processor.py:830} INFO - Processing file /opt/airflow/dags/hospital_dw_pipeline.py for tasks to queue
[2026-08-09T08:56:12.510+0000] {logging_mixin.py:188} INFO - [2026-08-09T08:56:12.509+0000] {dagbag.py:545} INFO - Filling up the DagBag from /opt/airflow/dags/hospital_dw_pipeline.py
[2026-08-09T08:56:12.610+0000] {processor.py:840} INFO - DAG(s) 'hospital_dw_batch_pipeline' retrieved from /opt/airflow/dags/hospital_dw_pipeline.py
[2026-08-09T08:56:12.637+0000] {logging_mixin.py:188} INFO - [2026-08-09T08:56:12.636+0000] {dag.py:3089} INFO - Sync 1 DAGs
[2026-08-09T08:56:12.654+0000] {logging_mixin.py:188} INFO - [2026-08-09T08:56:12.653+0000] {dag.py:3947} INFO - Setting next_dagrun for hospital_dw_batch_pipeline to None, run_after=None
[2026-08-09T08:56:12.682+0000] {processor.py:183} INFO - Processing /opt/airflow/dags/hospital_dw_pipeline.py took 0.184 seconds
[2026-08-09T08:56:42.776+0000] {processor.py:161} INFO - Started process (PID=920) to work on /opt/airflow/dags/hospital_dw_pipeline.py
[2026-08-09T08:56:42.779+0000] {processor.py:830} INFO - Processing file /opt/airflow/dags/hospital_dw_pipeline.py for tasks to queue
[2026-08-09T08:56:42.784+0000] {logging_mixin.py:188} INFO - [2026-08-09T08:56:42.783+0000] {dagbag.py:545} INFO - Filling up the DagBag from /opt/airflow/dags/hospital_dw_pipeline.py
[2026-08-09T08:56:42.928+0000] {processor.py:840} INFO - DAG(s) 'hospital_dw_batch_pipeline' retrieved from /opt/airflow/dags/hospital_dw_pipeline.py
[2026-08-09T08:56:42.953+0000] {logging_mixin.py:188} INFO - [2026-08-09T08:56:42.953+0000] {dag.py:3089} INFO - Sync 1 DAGs
[2026-08-09T08:56:42.964+0000] {logging_mixin.py:188} INFO - [2026-08-09T08:56:42.964+0000] {dag.py:3947} INFO - Setting next_dagrun for hospital_dw_batch_pipeline to None, run_after=None
[2026-08-09T08:56:42.981+0000] {processor.py:183} INFO - Processing /opt/airflow/dags/hospital_dw_pipeline.py took 0.218 seconds
[2026-08-09T08:57:13.191+0000] {processor.py:161} INFO - Started process (PID=925) to work on /opt/airflow/dags/hospital_dw_pipeline.py
[2026-08-09T08:57:13.194+0000] {processor.py:830} INFO - Processing file /opt/airflow/dags/hospital_dw_pipeline.py for tasks to queue
[2026-08-09T08:57:13.197+0000] {logging_mixin.py:188} INFO - [2026-08-09T08:57:13.197+0000] {dagbag.py:545} INFO - Filling up the DagBag from /opt/airflow/dags/hospital_dw_pipeline.py
[2026-08-09T08:57:13.316+0000] {processor.py:840} INFO - DAG(s) 'hospital_dw_batch_pipeline' retrieved from /opt/airflow/dags/hospital_dw_pipeline.py
[2026-08-09T08:57:13.346+0000] {logging_mixin.py:188} INFO - [2026-08-09T08:57:13.346+0000] {dag.py:3089} INFO - Sync 1 DAGs
[2026-08-09T08:57:13.358+0000] {logging_mixin.py:188} INFO - [2026-08-09T08:57:13.358+0000] {dag.py:3947} INFO - Setting next_dagrun for hospital_dw_batch_pipeline to None, run_after=None
[2026-08-09T08:57:13.376+0000] {processor.py:183} INFO - Processing /opt/airflow/dags/hospital_dw_pipeline.py took 0.194 seconds
[2026-08-09T08:57:43.438+0000] {processor.py:161} INFO - Started process (PID=930) to work on /opt/airflow/dags/hospital_dw_pipeline.py
[2026-08-09T08:57:43.440+0000] {processor.py:830} INFO - Processing file /opt/airflow/dags/hospital_dw_pipeline.py for tasks to queue
[2026-08-09T08:57:43.442+0000] {logging_mixin.py:188} INFO - [2026-08-09T08:57:43.441+0000] {dagbag.py:545} INFO - Filling up the DagBag from /opt/airflow/dags/hospital_dw_pipeline.py
[2026-08-09T08:57:43.522+0000] {processor.py:840} INFO - DAG(s) 'hospital_dw_batch_pipeline' retrieved from /opt/airflow/dags/hospital_dw_pipeline.py
[2026-08-09T08:57:43.549+0000] {logging_mixin.py:188} INFO - [2026-08-09T08:57:43.549+0000] {dag.py:3089} INFO - Sync 1 DAGs
[2026-08-09T08:57:43.561+0000] {logging_mixin.py:188} INFO - [2026-08-09T08:57:43.561+0000] {dag.py:3947} INFO - Setting next_dagrun for hospital_dw_batch_pipeline to None, run_after=None
[2026-08-09T08:57:43.580+0000] {processor.py:183} INFO - Processing /opt/airflow/dags/hospital_dw_pipeline.py took 0.147 seconds
